sample_id,record_id,dataset,split,sequence_key,subset,task,human_original,machine_original,human_comparison,machine_comparison
HR0001,site1/test/video10frame026,EndoVis 2017,test,site1/test/video10,representative,q4.bleeding,no,no,no,no
HR0001,site1/test/video10frame026,EndoVis 2017,test,site1/test/video10,representative,q4.smoke,no,no,no,no
HR0001,site1/test/video10frame026,EndoVis 2017,test,site1/test/video10,representative,q4.occlusion,no,no,no,no
HR0001,site1/test/video10frame026,EndoVis 2017,test,site1/test/video10,representative,q5,clear,clear,clear,clear
HR0001,site1/test/video10frame026,EndoVis 2017,test,site1/test/video10,representative,q6,no,no,no,no
HR0001,site1/test/video10frame026,EndoVis 2017,test,site1/test/video10,representative,q7,yes,yes,yes,yes
HR0001,site1/test/video10frame026,EndoVis 2017,test,site1/test/video10,representative,q9,none,none,none,none
HR0002,site1/test/video10frame059,EndoVis 2017,test,site1/test/video10,representative,q4.bleeding,no,yes,no,yes
HR0002,site1/test/video10frame059,EndoVis 2017,test,site1/test/video10,representative,q4.smoke,no,no,no,no
HR0002,site1/test/video10frame059,EndoVis 2017,test,site1/test/video10,representative,q4.occlusion,no,no,no,no
HR0002,site1/test/video10frame059,EndoVis 2017,test,site1/test/video10,representative,q5,clear,clear,clear,clear
HR0002,site1/test/video10frame059,EndoVis 2017,test,site1/test/video10,representative,q6,no,no,no,no
HR0002,site1/test/video10frame059,EndoVis 2017,test,site1/test/video10,representative,q7,yes,yes,yes,yes
HR0002,site1/test/video10frame059,EndoVis 2017,test,site1/test/video10,representative,q9,none,none,none,none
HR0003,site1/test/video10frame111,EndoVis 2017,test,site1/test/video10,representative,q4.bleeding,no,no,no,no
HR0003,site1/test/video10frame111,EndoVis 2017,test,site1/test/video10,representative,q4.smoke,no,no,no,no
HR0003,site1/test/video10frame111,EndoVis 2017,test,site1/test/video10,representative,q4.occlusion,no,no,no,no
HR0003,site1/test/video10frame111,EndoVis 2017,test,site1/test/video10,representative,q5,clear,clear,clear,clear
HR0003,site1/test/video10frame111,EndoVis 2017,test,site1/test/video10,representative,q6,no,no,no,no
HR0003,site1/test/video10frame111,EndoVis 2017,test,site1/test/video10,representative,q7,yes,yes,yes,yes
HR0003,site1/test/video10frame111,EndoVis 2017,test,site1/test/video10,representative,q9,none,none,none,none
HR0004,site1/test/video10frame137,EndoVis 2017,test,site1/test/video10,representative,q4.bleeding,no,yes,no,yes
HR0004,site1/test/video10frame137,EndoVis 2017,test,site1/test/video10,representative,q4.smoke,no,no,no,no
HR0004,site1/test/video10frame137,EndoVis 2017,test,site1/test/video10,representative,q4.occlusion,no,no,no,no
HR0004,site1/test/video10frame137,EndoVis 2017,test,site1/test/video10,representative,q5,clear,clear,clear,clear
HR0004,site1/test/video10frame137,EndoVis 2017,test,site1/test/video10,representative,q6,no,no,no,no
HR0004,site1/test/video10frame137,EndoVis 2017,test,site1/test/video10,representative,q7,yes,yes,yes,yes
HR0004,site1/test/video10frame137,EndoVis 2017,test,site1/test/video10,representative,q9,none,none,none,none
HR0005,site1/test/video10frame138,EndoVis 2017,test,site1/test/video10,challenge,q4.bleeding,no,yes,no,yes
HR0005,site1/test/video10frame138,EndoVis 2017,test,site1/test/video10,challenge,q4.smoke,no,no,no,no
HR0005,site1/test/video10frame138,EndoVis 2017,test,site1/test/video10,challenge,q4.occlusion,no,yes,no,yes
HR0005,site1/test/video10frame138,EndoVis 2017,test,site1/test/video10,challenge,q5,clear,blurry,clear,degraded
HR0005,site1/test/video10frame138,EndoVis 2017,test,site1/test/video10,challenge,q6,no,yes,no,yes
HR0005,site1/test/video10frame138,EndoVis 2017,test,site1/test/video10,challenge,q7,yes,no,yes,no
HR0005,site1/test/video10frame138,EndoVis 2017,test,site1/test/video10,challenge,q9,none,none,none,none
HR0006,site1/test/video10frame167,EndoVis 2017,test,site1/test/video10,representative,q4.bleeding,no,no,no,no
HR0006,site1/test/video10frame167,EndoVis 2017,test,site1/test/video10,representative,q4.smoke,no,no,no,no
HR0006,site1/test/video10frame167,EndoVis 2017,test,site1/test/video10,representative,q4.occlusion,no,no,no,no
HR0006,site1/test/video10frame167,EndoVis 2017,test,site1/test/video10,representative,q5,clear,clear,clear,clear
HR0006,site1/test/video10frame167,EndoVis 2017,test,site1/test/video10,representative,q6,no,no,no,no
HR0006,site1/test/video10frame167,EndoVis 2017,test,site1/test/video10,representative,q7,yes,yes,yes,yes
HR0006,site1/test/video10frame167,EndoVis 2017,test,site1/test/video10,representative,q9,none,none,none,none
HR0007,site1/test/video10frame225,EndoVis 2017,test,site1/test/video10,representative,q4.bleeding,no,yes,no,yes
HR0007,site1/test/video10frame225,EndoVis 2017,test,site1/test/video10,representative,q4.smoke,no,no,no,no
HR0007,site1/test/video10frame225,EndoVis 2017,test,site1/test/video10,representative,q4.occlusion,no,no,no,no
HR0007,site1/test/video10frame225,EndoVis 2017,test,site1/test/video10,representative,q5,clear,clear,clear,clear
HR0007,site1/test/video10frame225,EndoVis 2017,test,site1/test/video10,representative,q6,no,no,no,no
HR0007,site1/test/video10frame225,EndoVis 2017,test,site1/test/video10,representative,q7,yes,yes,yes,yes
HR0007,site1/test/video10frame225,EndoVis 2017,test,site1/test/video10,representative,q9,none,none,none,none
HR0008,site1/test/video10frame248,EndoVis 2017,test,site1/test/video10,representative,q4.bleeding,no,no,no,no
HR0008,site1/test/video10frame248,EndoVis 2017,test,site1/test/video10,representative,q4.smoke,no,no,no,no
HR0008,site1/test/video10frame248,EndoVis 2017,test,site1/test/video10,representative,q4.occlusion,no,no,no,no
HR0008,site1/test/video10frame248,EndoVis 2017,test,site1/test/video10,representative,q5,clear,clear,clear,clear
HR0008,site1/test/video10frame248,EndoVis 2017,test,site1/test/video10,representative,q6,no,no,no,no
HR0008,site1/test/video10frame248,EndoVis 2017,test,site1/test/video10,representative,q7,yes,yes,yes,yes
HR0008,site1/test/video10frame248,EndoVis 2017,test,site1/test/video10,representative,q9,none,none,none,none
HR0009,site1/test/video10frame272,EndoVis 2017,test,site1/test/video10,representative,q4.bleeding,no,yes,no,yes
HR0009,site1/test/video10frame272,EndoVis 2017,test,site1/test/video10,representative,q4.smoke,no,no,no,no
HR0009,site1/test/video10frame272,EndoVis 2017,test,site1/test/video10,representative,q4.occlusion,no,no,no,no
HR0009,site1/test/video10frame272,EndoVis 2017,test,site1/test/video10,representative,q5,clear,clear,clear,clear
HR0009,site1/test/video10frame272,EndoVis 2017,test,site1/test/video10,representative,q6,no,no,no,no
HR0009,site1/test/video10frame272,EndoVis 2017,test,site1/test/video10,representative,q7,yes,yes,yes,yes
HR0009,site1/test/video10frame272,EndoVis 2017,test,site1/test/video10,representative,q9,none,none,none,none
HR0010,site1/test/video9frame007,EndoVis 2017,test,site1/test/video9,representative,q4.bleeding,no,no,no,no
HR0010,site1/test/video9frame007,EndoVis 2017,test,site1/test/video9,representative,q4.smoke,no,no,no,no
HR0010,site1/test/video9frame007,EndoVis 2017,test,site1/test/video9,representative,q4.occlusion,no,no,no,no
HR0010,site1/test/video9frame007,EndoVis 2017,test,site1/test/video9,representative,q5,clear,clear,clear,clear
HR0010,site1/test/video9frame007,EndoVis 2017,test,site1/test/video9,representative,q6,no,no,no,no
HR0010,site1/test/video9frame007,EndoVis 2017,test,site1/test/video9,representative,q7,yes,yes,yes,yes
HR0010,site1/test/video9frame007,EndoVis 2017,test,site1/test/video9,representative,q9,none,none,none,none
HR0011,site1/test/video9frame056,EndoVis 2017,test,site1/test/video9,representative,q4.bleeding,no,yes,no,yes
HR0011,site1/test/video9frame056,EndoVis 2017,test,site1/test/video9,representative,q4.smoke,no,no,no,no
HR0011,site1/test/video9frame056,EndoVis 2017,test,site1/test/video9,representative,q4.occlusion,no,no,no,no
HR0011,site1/test/video9frame056,EndoVis 2017,test,site1/test/video9,representative,q5,blurry,clear,degraded,clear
HR0011,site1/test/video9frame056,EndoVis 2017,test,site1/test/video9,representative,q6,no,no,no,no
HR0011,site1/test/video9frame056,EndoVis 2017,test,site1/test/video9,representative,q7,yes,yes,yes,yes
HR0011,site1/test/video9frame056,EndoVis 2017,test,site1/test/video9,representative,q9,none,none,none,none
HR0012,site1/test/video9frame110,EndoVis 2017,test,site1/test/video9,representative,q4.bleeding,no,no,no,no
HR0012,site1/test/video9frame110,EndoVis 2017,test,site1/test/video9,representative,q4.smoke,no,no,no,no
HR0012,site1/test/video9frame110,EndoVis 2017,test,site1/test/video9,representative,q4.occlusion,no,no,no,no
HR0012,site1/test/video9frame110,EndoVis 2017,test,site1/test/video9,representative,q5,clear,clear,clear,clear
HR0012,site1/test/video9frame110,EndoVis 2017,test,site1/test/video9,representative,q6,no,no,no,no
HR0012,site1/test/video9frame110,EndoVis 2017,test,site1/test/video9,representative,q7,yes,yes,yes,yes
HR0012,site1/test/video9frame110,EndoVis 2017,test,site1/test/video9,representative,q9,none,none,none,none
HR0013,site1/test/video9frame114,EndoVis 2017,test,site1/test/video9,representative,q4.bleeding,no,no,no,no
HR0013,site1/test/video9frame114,EndoVis 2017,test,site1/test/video9,representative,q4.smoke,no,no,no,no
HR0013,site1/test/video9frame114,EndoVis 2017,test,site1/test/video9,representative,q4.occlusion,no,no,no,no
HR0013,site1/test/video9frame114,EndoVis 2017,test,site1/test/video9,representative,q5,clear,clear,clear,clear
HR0013,site1/test/video9frame114,EndoVis 2017,test,site1/test/video9,representative,q6,yes,no,yes,no
HR0013,site1/test/video9frame114,EndoVis 2017,test,site1/test/video9,representative,q7,yes,yes,yes,yes
HR0013,site1/test/video9frame114,EndoVis 2017,test,site1/test/video9,representative,q9,none,none,none,none
HR0014,site1/test/video9frame175,EndoVis 2017,test,site1/test/video9,representative,q4.bleeding,no,no,no,no
HR0014,site1/test/video9frame175,EndoVis 2017,test,site1/test/video9,representative,q4.smoke,no,no,no,no
HR0014,site1/test/video9frame175,EndoVis 2017,test,site1/test/video9,representative,q4.occlusion,no,no,no,no
HR0014,site1/test/video9frame175,EndoVis 2017,test,site1/test/video9,representative,q5,clear,clear,clear,clear
HR0014,site1/test/video9frame175,EndoVis 2017,test,site1/test/video9,representative,q6,no,no,no,no
HR0014,site1/test/video9frame175,EndoVis 2017,test,site1/test/video9,representative,q7,yes,yes,yes,yes
HR0014,site1/test/video9frame175,EndoVis 2017,test,site1/test/video9,representative,q9,none,none,none,none
HR0015,site1/test/video9frame215,EndoVis 2017,test,site1/test/video9,representative,q4.bleeding,no,no,no,no
HR0015,site1/test/video9frame215,EndoVis 2017,test,site1/test/video9,representative,q4.smoke,no,no,no,no
HR0015,site1/test/video9frame215,EndoVis 2017,test,site1/test/video9,representative,q4.occlusion,no,no,no,no
HR0015,site1/test/video9frame215,EndoVis 2017,test,site1/test/video9,representative,q5,clear,clear,clear,clear
HR0015,site1/test/video9frame215,EndoVis 2017,test,site1/test/video9,representative,q6,no,no,no,no
HR0015,site1/test/video9frame215,EndoVis 2017,test,site1/test/video9,representative,q7,yes,yes,yes,yes
HR0015,site1/test/video9frame215,EndoVis 2017,test,site1/test/video9,representative,q9,none,none,none,none
HR0016,site1/test/video9frame247,EndoVis 2017,test,site1/test/video9,representative,q4.bleeding,no,no,no,no
HR0016,site1/test/video9frame247,EndoVis 2017,test,site1/test/video9,representative,q4.smoke,no,no,no,no
HR0016,site1/test/video9frame247,EndoVis 2017,test,site1/test/video9,representative,q4.occlusion,no,no,no,no
HR0016,site1/test/video9frame247,EndoVis 2017,test,site1/test/video9,representative,q5,clear,clear,clear,clear
HR0016,site1/test/video9frame247,EndoVis 2017,test,site1/test/video9,representative,q6,no,no,no,no
HR0016,site1/test/video9frame247,EndoVis 2017,test,site1/test/video9,representative,q7,yes,yes,yes,yes
HR0016,site1/test/video9frame247,EndoVis 2017,test,site1/test/video9,representative,q9,none,none,none,none
HR0017,site1/test/video9frame283,EndoVis 2017,test,site1/test/video9,representative,q4.bleeding,no,no,no,no
HR0017,site1/test/video9frame283,EndoVis 2017,test,site1/test/video9,representative,q4.smoke,no,no,no,no
HR0017,site1/test/video9frame283,EndoVis 2017,test,site1/test/video9,representative,q4.occlusion,no,no,no,no
HR0017,site1/test/video9frame283,EndoVis 2017,test,site1/test/video9,representative,q5,clear,clear,clear,clear
HR0017,site1/test/video9frame283,EndoVis 2017,test,site1/test/video9,representative,q6,no,no,no,no
HR0017,site1/test/video9frame283,EndoVis 2017,test,site1/test/video9,representative,q7,yes,yes,yes,yes
HR0017,site1/test/video9frame283,EndoVis 2017,test,site1/test/video9,representative,q9,none,none,none,none
HR0018,site1/train/video1frame011,EndoVis 2017,train,site1/train/video1,representative,q4.bleeding,no,no,no,no
HR0018,site1/train/video1frame011,EndoVis 2017,train,site1/train/video1,representative,q4.smoke,no,no,no,no
HR0018,site1/train/video1frame011,EndoVis 2017,train,site1/train/video1,representative,q4.occlusion,no,no,no,no
HR0018,site1/train/video1frame011,EndoVis 2017,train,site1/train/video1,representative,q5,blurry,clear,degraded,clear
HR0018,site1/train/video1frame011,EndoVis 2017,train,site1/train/video1,representative,q6,no,no,no,no
HR0018,site1/train/video1frame011,EndoVis 2017,train,site1/train/video1,representative,q7,yes,yes,yes,yes
HR0018,site1/train/video1frame011,EndoVis 2017,train,site1/train/video1,representative,q9,none,none,none,none
HR0019,site1/train/video1frame032,EndoVis 2017,train,site1/train/video1,representative,q4.bleeding,no,no,no,no
HR0019,site1/train/video1frame032,EndoVis 2017,train,site1/train/video1,representative,q4.smoke,no,no,no,no
HR0019,site1/train/video1frame032,EndoVis 2017,train,site1/train/video1,representative,q4.occlusion,no,no,no,no
HR0019,site1/train/video1frame032,EndoVis 2017,train,site1/train/video1,representative,q5,clear,clear,clear,clear
HR0019,site1/train/video1frame032,EndoVis 2017,train,site1/train/video1,representative,q6,yes,no,yes,no
HR0019,site1/train/video1frame032,EndoVis 2017,train,site1/train/video1,representative,q7,yes,yes,yes,yes
HR0019,site1/train/video1frame032,EndoVis 2017,train,site1/train/video1,representative,q9,none,none,none,none
HR0020,site1/train/video1frame065,EndoVis 2017,train,site1/train/video1,representative,q4.bleeding,no,no,no,no
HR0020,site1/train/video1frame065,EndoVis 2017,train,site1/train/video1,representative,q4.smoke,no,no,no,no
HR0020,site1/train/video1frame065,EndoVis 2017,train,site1/train/video1,representative,q4.occlusion,no,no,no,no
HR0020,site1/train/video1frame065,EndoVis 2017,train,site1/train/video1,representative,q5,clear,clear,clear,clear
HR0020,site1/train/video1frame065,EndoVis 2017,train,site1/train/video1,representative,q6,no,no,no,no
HR0020,site1/train/video1frame065,EndoVis 2017,train,site1/train/video1,representative,q7,yes,yes,yes,yes
HR0020,site1/train/video1frame065,EndoVis 2017,train,site1/train/video1,representative,q9,none,none,none,none
HR0021,site1/train/video1frame106,EndoVis 2017,train,site1/train/video1,representative,q4.bleeding,no,no,no,no
HR0021,site1/train/video1frame106,EndoVis 2017,train,site1/train/video1,representative,q4.smoke,no,no,no,no
HR0021,site1/train/video1frame106,EndoVis 2017,train,site1/train/video1,representative,q4.occlusion,no,yes,no,yes
HR0021,site1/train/video1frame106,EndoVis 2017,train,site1/train/video1,representative,q5,clear,clear,clear,clear
HR0021,site1/train/video1frame106,EndoVis 2017,train,site1/train/video1,representative,q6,no,no,no,no
HR0021,site1/train/video1frame106,EndoVis 2017,train,site1/train/video1,representative,q7,yes,yes,yes,yes
HR0021,site1/train/video1frame106,EndoVis 2017,train,site1/train/video1,representative,q9,none,none,none,none
HR0022,site1/train/video1frame139,EndoVis 2017,train,site1/train/video1,representative,q4.bleeding,no,no,no,no
HR0022,site1/train/video1frame139,EndoVis 2017,train,site1/train/video1,representative,q4.smoke,no,no,no,no
HR0022,site1/train/video1frame139,EndoVis 2017,train,site1/train/video1,representative,q4.occlusion,no,yes,no,yes
HR0022,site1/train/video1frame139,EndoVis 2017,train,site1/train/video1,representative,q5,clear,blurry,clear,degraded
HR0022,site1/train/video1frame139,EndoVis 2017,train,site1/train/video1,representative,q6,no,no,no,no
HR0022,site1/train/video1frame139,EndoVis 2017,train,site1/train/video1,representative,q7,yes,no,yes,no
HR0022,site1/train/video1frame139,EndoVis 2017,train,site1/train/video1,representative,q9,none,none,none,none
HR0023,site1/train/video1frame158,EndoVis 2017,train,site1/train/video1,representative,q4.bleeding,no,yes,no,yes
HR0023,site1/train/video1frame158,EndoVis 2017,train,site1/train/video1,representative,q4.smoke,no,no,no,no
HR0023,site1/train/video1frame158,EndoVis 2017,train,site1/train/video1,representative,q4.occlusion,no,no,no,no
HR0023,site1/train/video1frame158,EndoVis 2017,train,site1/train/video1,representative,q5,clear,blurry,clear,degraded
HR0023,site1/train/video1frame158,EndoVis 2017,train,site1/train/video1,representative,q6,no,no,no,no
HR0023,site1/train/video1frame158,EndoVis 2017,train,site1/train/video1,representative,q7,yes,no,yes,no
HR0023,site1/train/video1frame158,EndoVis 2017,train,site1/train/video1,representative,q9,none,none,none,none
HR0024,site1/train/video1frame162,EndoVis 2017,train,site1/train/video1,challenge,q4.bleeding,no,no,no,no
HR0024,site1/train/video1frame162,EndoVis 2017,train,site1/train/video1,challenge,q4.smoke,no,no,no,no
HR0024,site1/train/video1frame162,EndoVis 2017,train,site1/train/video1,challenge,q4.occlusion,no,yes,no,yes
HR0024,site1/train/video1frame162,EndoVis 2017,train,site1/train/video1,challenge,q5,blurry,blurry,degraded,degraded
HR0024,site1/train/video1frame162,EndoVis 2017,train,site1/train/video1,challenge,q6,yes,no,yes,no
HR0024,site1/train/video1frame162,EndoVis 2017,train,site1/train/video1,challenge,q7,yes,no,yes,no
HR0024,site1/train/video1frame162,EndoVis 2017,train,site1/train/video1,challenge,q9,none,none,none,none
HR0025,site1/train/video1frame164,EndoVis 2017,train,site1/train/video1,challenge,q4.bleeding,no,yes,no,yes
HR0025,site1/train/video1frame164,EndoVis 2017,train,site1/train/video1,challenge,q4.smoke,no,no,no,no
HR0025,site1/train/video1frame164,EndoVis 2017,train,site1/train/video1,challenge,q4.occlusion,yes,yes,yes,yes
HR0025,site1/train/video1frame164,EndoVis 2017,train,site1/train/video1,challenge,q5,blurry,blurry,degraded,degraded
HR0025,site1/train/video1frame164,EndoVis 2017,train,site1/train/video1,challenge,q6,no,yes,no,yes
HR0025,site1/train/video1frame164,EndoVis 2017,train,site1/train/video1,challenge,q7,yes,no,yes,no
HR0025,site1/train/video1frame164,EndoVis 2017,train,site1/train/video1,challenge,q9,none,none,none,none
HR0026,site1/train/video1frame166,EndoVis 2017,train,site1/train/video1,challenge,q4.bleeding,no,no,no,no
HR0026,site1/train/video1frame166,EndoVis 2017,train,site1/train/video1,challenge,q4.smoke,no,no,no,no
HR0026,site1/train/video1frame166,EndoVis 2017,train,site1/train/video1,challenge,q4.occlusion,no,yes,no,yes
HR0026,site1/train/video1frame166,EndoVis 2017,train,site1/train/video1,challenge,q5,blurry,blurry,degraded,degraded
HR0026,site1/train/video1frame166,EndoVis 2017,train,site1/train/video1,challenge,q6,no,yes,no,yes
HR0026,site1/train/video1frame166,EndoVis 2017,train,site1/train/video1,challenge,q7,yes,no,yes,no
HR0026,site1/train/video1frame166,EndoVis 2017,train,site1/train/video1,challenge,q9,none,none,none,none
HR0027,site1/train/video1frame176,EndoVis 2017,train,site1/train/video1,challenge,q4.bleeding,yes,yes,yes,yes
HR0027,site1/train/video1frame176,EndoVis 2017,train,site1/train/video1,challenge,q4.smoke,no,no,no,no
HR0027,site1/train/video1frame176,EndoVis 2017,train,site1/train/video1,challenge,q4.occlusion,no,yes,no,yes
HR0027,site1/train/video1frame176,EndoVis 2017,train,site1/train/video1,challenge,q5,blurry,blurry,degraded,degraded
HR0027,site1/train/video1frame176,EndoVis 2017,train,site1/train/video1,challenge,q6,no,no,no,no
HR0027,site1/train/video1frame176,EndoVis 2017,train,site1/train/video1,challenge,q7,yes,no,yes,no
HR0027,site1/train/video1frame176,EndoVis 2017,train,site1/train/video1,challenge,q9,none,none,none,none
HR0028,site1/train/video1frame181,EndoVis 2017,train,site1/train/video1,representative,q4.bleeding,no,yes,no,yes
HR0028,site1/train/video1frame181,EndoVis 2017,train,site1/train/video1,representative,q4.smoke,no,no,no,no
HR0028,site1/train/video1frame181,EndoVis 2017,train,site1/train/video1,representative,q4.occlusion,no,no,no,no
HR0028,site1/train/video1frame181,EndoVis 2017,train,site1/train/video1,representative,q5,clear,clear,clear,clear
HR0028,site1/train/video1frame181,EndoVis 2017,train,site1/train/video1,representative,q6,no,no,no,no
HR0028,site1/train/video1frame181,EndoVis 2017,train,site1/train/video1,representative,q7,yes,yes,yes,yes
HR0028,site1/train/video1frame181,EndoVis 2017,train,site1/train/video1,representative,q9,none,none,none,none
HR0030,site1/train/video1frame205,EndoVis 2017,train,site1/train/video1,representative,q4.bleeding,no,yes,no,yes
HR0030,site1/train/video1frame205,EndoVis 2017,train,site1/train/video1,representative,q4.smoke,no,no,no,no
HR0030,site1/train/video1frame205,EndoVis 2017,train,site1/train/video1,representative,q4.occlusion,no,no,no,no
HR0030,site1/train/video1frame205,EndoVis 2017,train,site1/train/video1,representative,q5,clear,clear,clear,clear
HR0030,site1/train/video1frame205,EndoVis 2017,train,site1/train/video1,representative,q6,no,no,no,no
HR0030,site1/train/video1frame205,EndoVis 2017,train,site1/train/video1,representative,q7,yes,yes,yes,yes
HR0030,site1/train/video1frame205,EndoVis 2017,train,site1/train/video1,representative,q9,none,none,none,none
HR0031,site1/train/video2frame005,EndoVis 2017,train,site1/train/video2,representative,q4.bleeding,no,no,no,no
HR0031,site1/train/video2frame005,EndoVis 2017,train,site1/train/video2,representative,q4.smoke,no,no,no,no
HR0031,site1/train/video2frame005,EndoVis 2017,train,site1/train/video2,representative,q4.occlusion,no,no,no,no
HR0031,site1/train/video2frame005,EndoVis 2017,train,site1/train/video2,representative,q5,clear,clear,clear,clear
HR0031,site1/train/video2frame005,EndoVis 2017,train,site1/train/video2,representative,q6,yes,no,yes,no
HR0031,site1/train/video2frame005,EndoVis 2017,train,site1/train/video2,representative,q7,yes,yes,yes,yes
HR0031,site1/train/video2frame005,EndoVis 2017,train,site1/train/video2,representative,q9,none,none,none,none
HR0032,site1/train/video2frame045,EndoVis 2017,train,site1/train/video2,representative,q4.bleeding,no,yes,no,yes
HR0032,site1/train/video2frame045,EndoVis 2017,train,site1/train/video2,representative,q4.smoke,no,no,no,no
HR0032,site1/train/video2frame045,EndoVis 2017,train,site1/train/video2,representative,q4.occlusion,no,no,no,no
HR0032,site1/train/video2frame045,EndoVis 2017,train,site1/train/video2,representative,q5,clear,clear,clear,clear
HR0032,site1/train/video2frame045,EndoVis 2017,train,site1/train/video2,representative,q6,no,no,no,no
HR0032,site1/train/video2frame045,EndoVis 2017,train,site1/train/video2,representative,q7,yes,yes,yes,yes
HR0032,site1/train/video2frame045,EndoVis 2017,train,site1/train/video2,representative,q9,none,none,none,none
HR0033,site1/train/video2frame054,EndoVis 2017,train,site1/train/video2,challenge,q4.bleeding,no,yes,no,yes
HR0033,site1/train/video2frame054,EndoVis 2017,train,site1/train/video2,challenge,q4.smoke,no,no,no,no
HR0033,site1/train/video2frame054,EndoVis 2017,train,site1/train/video2,challenge,q4.occlusion,no,yes,no,yes
HR0033,site1/train/video2frame054,EndoVis 2017,train,site1/train/video2,challenge,q5,blurry,blurry,degraded,degraded
HR0033,site1/train/video2frame054,EndoVis 2017,train,site1/train/video2,challenge,q6,yes,yes,yes,yes
HR0033,site1/train/video2frame054,EndoVis 2017,train,site1/train/video2,challenge,q7,yes,no,yes,no
HR0033,site1/train/video2frame054,EndoVis 2017,train,site1/train/video2,challenge,q9,none,none,none,none
HR0034,site1/train/video2frame060,EndoVis 2017,train,site1/train/video2,representative,q4.bleeding,no,yes,no,yes
HR0034,site1/train/video2frame060,EndoVis 2017,train,site1/train/video2,representative,q4.smoke,no,no,no,no
HR0034,site1/train/video2frame060,EndoVis 2017,train,site1/train/video2,representative,q4.occlusion,no,no,no,no
HR0034,site1/train/video2frame060,EndoVis 2017,train,site1/train/video2,representative,q5,clear,clear,clear,clear
HR0034,site1/train/video2frame060,EndoVis 2017,train,site1/train/video2,representative,q6,no,no,no,no
HR0034,site1/train/video2frame060,EndoVis 2017,train,site1/train/video2,representative,q7,yes,yes,yes,yes
HR0034,site1/train/video2frame060,EndoVis 2017,train,site1/train/video2,representative,q9,none,none,none,none
HR0035,site1/train/video2frame097,EndoVis 2017,train,site1/train/video2,representative,q4.bleeding,no,no,no,no
HR0035,site1/train/video2frame097,EndoVis 2017,train,site1/train/video2,representative,q4.smoke,no,no,no,no
HR0035,site1/train/video2frame097,EndoVis 2017,train,site1/train/video2,representative,q4.occlusion,no,no,no,no
HR0035,site1/train/video2frame097,EndoVis 2017,train,site1/train/video2,representative,q5,clear,clear,clear,clear
HR0035,site1/train/video2frame097,EndoVis 2017,train,site1/train/video2,representative,q6,yes,no,yes,no
HR0035,site1/train/video2frame097,EndoVis 2017,train,site1/train/video2,representative,q7,yes,yes,yes,yes
HR0035,site1/train/video2frame097,EndoVis 2017,train,site1/train/video2,representative,q9,none,none,none,none
HR0036,site1/train/video2frame130,EndoVis 2017,train,site1/train/video2,representative,q4.bleeding,no,yes,no,yes
HR0036,site1/train/video2frame130,EndoVis 2017,train,site1/train/video2,representative,q4.smoke,no,no,no,no
HR0036,site1/train/video2frame130,EndoVis 2017,train,site1/train/video2,representative,q4.occlusion,no,no,no,no
HR0036,site1/train/video2frame130,EndoVis 2017,train,site1/train/video2,representative,q5,clear,clear,clear,clear
HR0036,site1/train/video2frame130,EndoVis 2017,train,site1/train/video2,representative,q6,no,no,no,no
HR0036,site1/train/video2frame130,EndoVis 2017,train,site1/train/video2,representative,q7,yes,yes,yes,yes
HR0036,site1/train/video2frame130,EndoVis 2017,train,site1/train/video2,representative,q9,none,none,none,none
HR0037,site1/train/video2frame158,EndoVis 2017,train,site1/train/video2,representative,q4.bleeding,no,no,no,no
HR0037,site1/train/video2frame158,EndoVis 2017,train,site1/train/video2,representative,q4.smoke,no,no,no,no
HR0037,site1/train/video2frame158,EndoVis 2017,train,site1/train/video2,representative,q4.occlusion,no,no,no,no
HR0037,site1/train/video2frame158,EndoVis 2017,train,site1/train/video2,representative,q5,clear,clear,clear,clear
HR0037,site1/train/video2frame158,EndoVis 2017,train,site1/train/video2,representative,q6,yes,no,yes,no
HR0037,site1/train/video2frame158,EndoVis 2017,train,site1/train/video2,representative,q7,yes,yes,yes,yes
HR0037,site1/train/video2frame158,EndoVis 2017,train,site1/train/video2,representative,q9,none,none,none,none
HR0038,site1/train/video2frame182,EndoVis 2017,train,site1/train/video2,representative,q4.bleeding,no,yes,no,yes
HR0038,site1/train/video2frame182,EndoVis 2017,train,site1/train/video2,representative,q4.smoke,no,no,no,no
HR0038,site1/train/video2frame182,EndoVis 2017,train,site1/train/video2,representative,q4.occlusion,no,no,no,no
HR0038,site1/train/video2frame182,EndoVis 2017,train,site1/train/video2,representative,q5,clear,clear,clear,clear
HR0038,site1/train/video2frame182,EndoVis 2017,train,site1/train/video2,representative,q6,yes,no,yes,no
HR0038,site1/train/video2frame182,EndoVis 2017,train,site1/train/video2,representative,q7,yes,yes,yes,yes
HR0038,site1/train/video2frame182,EndoVis 2017,train,site1/train/video2,representative,q9,none,none,none,none
HR0039,site1/train/video2frame196,EndoVis 2017,train,site1/train/video2,challenge,q4.bleeding,no,no,no,no
HR0039,site1/train/video2frame196,EndoVis 2017,train,site1/train/video2,challenge,q4.smoke,no,no,no,no
HR0039,site1/train/video2frame196,EndoVis 2017,train,site1/train/video2,challenge,q4.occlusion,no,yes,no,yes
HR0039,site1/train/video2frame196,EndoVis 2017,train,site1/train/video2,challenge,q5,blurry,blurry,degraded,degraded
HR0039,site1/train/video2frame196,EndoVis 2017,train,site1/train/video2,challenge,q6,yes,yes,yes,yes
HR0039,site1/train/video2frame196,EndoVis 2017,train,site1/train/video2,challenge,q7,yes,no,yes,no
HR0039,site1/train/video2frame196,EndoVis 2017,train,site1/train/video2,challenge,q9,none,none,none,none
HR0040,site1/train/video2frame203,EndoVis 2017,train,site1/train/video2,representative,q4.bleeding,no,yes,no,yes
HR0040,site1/train/video2frame203,EndoVis 2017,train,site1/train/video2,representative,q4.smoke,no,no,no,no
HR0040,site1/train/video2frame203,EndoVis 2017,train,site1/train/video2,representative,q4.occlusion,no,no,no,no
HR0040,site1/train/video2frame203,EndoVis 2017,train,site1/train/video2,representative,q5,clear,clear,clear,clear
HR0040,site1/train/video2frame203,EndoVis 2017,train,site1/train/video2,representative,q6,yes,no,yes,no
HR0040,site1/train/video2frame203,EndoVis 2017,train,site1/train/video2,representative,q7,yes,yes,yes,yes
HR0040,site1/train/video2frame203,EndoVis 2017,train,site1/train/video2,representative,q9,none,none,none,none
HR0041,site1/train/video3frame014,EndoVis 2017,train,site1/train/video3,representative,q4.bleeding,no,yes,no,yes
HR0041,site1/train/video3frame014,EndoVis 2017,train,site1/train/video3,representative,q4.smoke,no,no,no,no
HR0041,site1/train/video3frame014,EndoVis 2017,train,site1/train/video3,representative,q4.occlusion,no,no,no,no
HR0041,site1/train/video3frame014,EndoVis 2017,train,site1/train/video3,representative,q5,clear,clear,clear,clear
HR0041,site1/train/video3frame014,EndoVis 2017,train,site1/train/video3,representative,q6,yes,no,yes,no
HR0041,site1/train/video3frame014,EndoVis 2017,train,site1/train/video3,representative,q7,yes,yes,yes,yes
HR0041,site1/train/video3frame014,EndoVis 2017,train,site1/train/video3,representative,q9,none,none,none,none
HR0042,site1/train/video3frame037,EndoVis 2017,train,site1/train/video3,representative,q4.bleeding,no,yes,no,yes
HR0042,site1/train/video3frame037,EndoVis 2017,train,site1/train/video3,representative,q4.smoke,no,no,no,no
HR0042,site1/train/video3frame037,EndoVis 2017,train,site1/train/video3,representative,q4.occlusion,no,no,no,no
HR0042,site1/train/video3frame037,EndoVis 2017,train,site1/train/video3,representative,q5,clear,clear,clear,clear
HR0042,site1/train/video3frame037,EndoVis 2017,train,site1/train/video3,representative,q6,yes,no,yes,no
HR0042,site1/train/video3frame037,EndoVis 2017,train,site1/train/video3,representative,q7,yes,yes,yes,yes
HR0042,site1/train/video3frame037,EndoVis 2017,train,site1/train/video3,representative,q9,none,none,none,none
HR0043,site1/train/video3frame074,EndoVis 2017,train,site1/train/video3,representative,q4.bleeding,no,yes,no,yes
HR0043,site1/train/video3frame074,EndoVis 2017,train,site1/train/video3,representative,q4.smoke,no,no,no,no
HR0043,site1/train/video3frame074,EndoVis 2017,train,site1/train/video3,representative,q4.occlusion,no,no,no,no
HR0043,site1/train/video3frame074,EndoVis 2017,train,site1/train/video3,representative,q5,clear,clear,clear,clear
HR0043,site1/train/video3frame074,EndoVis 2017,train,site1/train/video3,representative,q6,yes,no,yes,no
HR0043,site1/train/video3frame074,EndoVis 2017,train,site1/train/video3,representative,q7,yes,yes,yes,yes
HR0043,site1/train/video3frame074,EndoVis 2017,train,site1/train/video3,representative,q9,none,none,none,none
HR0044,site1/train/video3frame104,EndoVis 2017,train,site1/train/video3,representative,q4.bleeding,no,yes,no,yes
HR0044,site1/train/video3frame104,EndoVis 2017,train,site1/train/video3,representative,q4.smoke,no,no,no,no
HR0044,site1/train/video3frame104,EndoVis 2017,train,site1/train/video3,representative,q4.occlusion,no,no,no,no
HR0044,site1/train/video3frame104,EndoVis 2017,train,site1/train/video3,representative,q5,clear,clear,clear,clear
HR0044,site1/train/video3frame104,EndoVis 2017,train,site1/train/video3,representative,q6,no,no,no,no
HR0044,site1/train/video3frame104,EndoVis 2017,train,site1/train/video3,representative,q7,yes,yes,yes,yes
HR0044,site1/train/video3frame104,EndoVis 2017,train,site1/train/video3,representative,q9,none,none,none,none
HR0045,site1/train/video3frame122,EndoVis 2017,train,site1/train/video3,representative,q4.bleeding,no,yes,no,yes
HR0045,site1/train/video3frame122,EndoVis 2017,train,site1/train/video3,representative,q4.smoke,no,no,no,no
HR0045,site1/train/video3frame122,EndoVis 2017,train,site1/train/video3,representative,q4.occlusion,no,no,no,no
HR0045,site1/train/video3frame122,EndoVis 2017,train,site1/train/video3,representative,q5,clear,clear,clear,clear
HR0045,site1/train/video3frame122,EndoVis 2017,train,site1/train/video3,representative,q6,no,no,no,no
HR0045,site1/train/video3frame122,EndoVis 2017,train,site1/train/video3,representative,q7,yes,yes,yes,yes
HR0045,site1/train/video3frame122,EndoVis 2017,train,site1/train/video3,representative,q9,none,none,none,none
HR0046,site1/train/video3frame144,EndoVis 2017,train,site1/train/video3,representative,q4.bleeding,no,yes,no,yes
HR0046,site1/train/video3frame144,EndoVis 2017,train,site1/train/video3,representative,q4.smoke,no,no,no,no
HR0046,site1/train/video3frame144,EndoVis 2017,train,site1/train/video3,representative,q4.occlusion,no,no,no,no
HR0046,site1/train/video3frame144,EndoVis 2017,train,site1/train/video3,representative,q5,clear,clear,clear,clear
HR0046,site1/train/video3frame144,EndoVis 2017,train,site1/train/video3,representative,q6,no,no,no,no
HR0046,site1/train/video3frame144,EndoVis 2017,train,site1/train/video3,representative,q7,yes,yes,yes,yes
HR0046,site1/train/video3frame144,EndoVis 2017,train,site1/train/video3,representative,q9,none,none,none,none
HR0047,site1/train/video3frame196,EndoVis 2017,train,site1/train/video3,representative,q4.bleeding,no,no,no,no
HR0047,site1/train/video3frame196,EndoVis 2017,train,site1/train/video3,representative,q4.smoke,no,no,no,no
HR0047,site1/train/video3frame196,EndoVis 2017,train,site1/train/video3,representative,q4.occlusion,no,no,no,no
HR0047,site1/train/video3frame196,EndoVis 2017,train,site1/train/video3,representative,q5,clear,clear,clear,clear
HR0047,site1/train/video3frame196,EndoVis 2017,train,site1/train/video3,representative,q6,yes,no,yes,no
HR0047,site1/train/video3frame196,EndoVis 2017,train,site1/train/video3,representative,q7,yes,yes,yes,yes
HR0047,site1/train/video3frame196,EndoVis 2017,train,site1/train/video3,representative,q9,none,none,none,none
HR0048,site1/train/video3frame216,EndoVis 2017,train,site1/train/video3,representative,q4.bleeding,no,no,no,no
HR0048,site1/train/video3frame216,EndoVis 2017,train,site1/train/video3,representative,q4.smoke,no,no,no,no
HR0048,site1/train/video3frame216,EndoVis 2017,train,site1/train/video3,representative,q4.occlusion,no,no,no,no
HR0048,site1/train/video3frame216,EndoVis 2017,train,site1/train/video3,representative,q5,clear,clear,clear,clear
HR0048,site1/train/video3frame216,EndoVis 2017,train,site1/train/video3,representative,q6,no,no,no,no
HR0048,site1/train/video3frame216,EndoVis 2017,train,site1/train/video3,representative,q7,yes,yes,yes,yes
HR0048,site1/train/video3frame216,EndoVis 2017,train,site1/train/video3,representative,q9,none,none,none,none
HR0049,site1/train/video4frame015,EndoVis 2017,train,site1/train/video4,representative,q4.bleeding,no,no,no,no
HR0049,site1/train/video4frame015,EndoVis 2017,train,site1/train/video4,representative,q4.smoke,no,no,no,no
HR0049,site1/train/video4frame015,EndoVis 2017,train,site1/train/video4,representative,q4.occlusion,no,no,no,no
HR0049,site1/train/video4frame015,EndoVis 2017,train,site1/train/video4,representative,q5,clear,clear,clear,clear
HR0049,site1/train/video4frame015,EndoVis 2017,train,site1/train/video4,representative,q6,yes,no,yes,no
HR0049,site1/train/video4frame015,EndoVis 2017,train,site1/train/video4,representative,q7,yes,yes,yes,yes
HR0049,site1/train/video4frame015,EndoVis 2017,train,site1/train/video4,representative,q9,none,none,none,none
HR0050,site1/train/video4frame051,EndoVis 2017,train,site1/train/video4,representative,q4.bleeding,no,no,no,no
HR0050,site1/train/video4frame051,EndoVis 2017,train,site1/train/video4,representative,q4.smoke,no,no,no,no
HR0050,site1/train/video4frame051,EndoVis 2017,train,site1/train/video4,representative,q4.occlusion,no,no,no,no
HR0050,site1/train/video4frame051,EndoVis 2017,train,site1/train/video4,representative,q5,clear,clear,clear,clear
HR0050,site1/train/video4frame051,EndoVis 2017,train,site1/train/video4,representative,q6,no,no,no,no
HR0050,site1/train/video4frame051,EndoVis 2017,train,site1/train/video4,representative,q7,yes,yes,yes,yes
HR0050,site1/train/video4frame051,EndoVis 2017,train,site1/train/video4,representative,q9,none,none,none,none
HR0051,site1/train/video4frame063,EndoVis 2017,train,site1/train/video4,representative,q4.bleeding,no,no,no,no
HR0051,site1/train/video4frame063,EndoVis 2017,train,site1/train/video4,representative,q4.smoke,no,no,no,no
HR0051,site1/train/video4frame063,EndoVis 2017,train,site1/train/video4,representative,q4.occlusion,no,no,no,no
HR0051,site1/train/video4frame063,EndoVis 2017,train,site1/train/video4,representative,q5,clear,clear,clear,clear
HR0051,site1/train/video4frame063,EndoVis 2017,train,site1/train/video4,representative,q6,no,no,no,no
HR0051,site1/train/video4frame063,EndoVis 2017,train,site1/train/video4,representative,q7,yes,yes,yes,yes
HR0051,site1/train/video4frame063,EndoVis 2017,train,site1/train/video4,representative,q9,none,none,none,none
HR0052,site1/train/video4frame101,EndoVis 2017,train,site1/train/video4,representative,q4.bleeding,no,no,no,no
HR0052,site1/train/video4frame101,EndoVis 2017,train,site1/train/video4,representative,q4.smoke,no,no,no,no
HR0052,site1/train/video4frame101,EndoVis 2017,train,site1/train/video4,representative,q4.occlusion,no,no,no,no
HR0052,site1/train/video4frame101,EndoVis 2017,train,site1/train/video4,representative,q5,clear,clear,clear,clear
HR0052,site1/train/video4frame101,EndoVis 2017,train,site1/train/video4,representative,q6,no,no,no,no
HR0052,site1/train/video4frame101,EndoVis 2017,train,site1/train/video4,representative,q7,yes,yes,yes,yes
HR0052,site1/train/video4frame101,EndoVis 2017,train,site1/train/video4,representative,q9,none,none,none,none
HR0053,site1/train/video4frame116,EndoVis 2017,train,site1/train/video4,representative,q4.bleeding,no,yes,no,yes
HR0053,site1/train/video4frame116,EndoVis 2017,train,site1/train/video4,representative,q4.smoke,no,no,no,no
HR0053,site1/train/video4frame116,EndoVis 2017,train,site1/train/video4,representative,q4.occlusion,no,no,no,no
HR0053,site1/train/video4frame116,EndoVis 2017,train,site1/train/video4,representative,q5,clear,clear,clear,clear
HR0053,site1/train/video4frame116,EndoVis 2017,train,site1/train/video4,representative,q6,no,no,no,no
HR0053,site1/train/video4frame116,EndoVis 2017,train,site1/train/video4,representative,q7,yes,yes,yes,yes
HR0053,site1/train/video4frame116,EndoVis 2017,train,site1/train/video4,representative,q9,none,none,none,none
HR0054,site1/train/video4frame154,EndoVis 2017,train,site1/train/video4,representative,q4.bleeding,no,no,no,no
HR0054,site1/train/video4frame154,EndoVis 2017,train,site1/train/video4,representative,q4.smoke,no,no,no,no
HR0054,site1/train/video4frame154,EndoVis 2017,train,site1/train/video4,representative,q4.occlusion,no,no,no,no
HR0054,site1/train/video4frame154,EndoVis 2017,train,site1/train/video4,representative,q5,clear,clear,clear,clear
HR0054,site1/train/video4frame154,EndoVis 2017,train,site1/train/video4,representative,q6,no,no,no,no
HR0054,site1/train/video4frame154,EndoVis 2017,train,site1/train/video4,representative,q7,yes,yes,yes,yes
HR0054,site1/train/video4frame154,EndoVis 2017,train,site1/train/video4,representative,q9,none,none,none,none
HR0055,site1/train/video4frame192,EndoVis 2017,train,site1/train/video4,representative,q4.bleeding,no,no,no,no
HR0055,site1/train/video4frame192,EndoVis 2017,train,site1/train/video4,representative,q4.smoke,no,no,no,no
HR0055,site1/train/video4frame192,EndoVis 2017,train,site1/train/video4,representative,q4.occlusion,no,no,no,no
HR0055,site1/train/video4frame192,EndoVis 2017,train,site1/train/video4,representative,q5,clear,clear,clear,clear
HR0055,site1/train/video4frame192,EndoVis 2017,train,site1/train/video4,representative,q6,yes,no,yes,no
HR0055,site1/train/video4frame192,EndoVis 2017,train,site1/train/video4,representative,q7,yes,yes,yes,yes
HR0055,site1/train/video4frame192,EndoVis 2017,train,site1/train/video4,representative,q9,none,none,none,none
HR0056,site1/train/video4frame224,EndoVis 2017,train,site1/train/video4,representative,q4.bleeding,no,no,no,no
HR0056,site1/train/video4frame224,EndoVis 2017,train,site1/train/video4,representative,q4.smoke,no,no,no,no
HR0056,site1/train/video4frame224,EndoVis 2017,train,site1/train/video4,representative,q4.occlusion,no,no,no,no
HR0056,site1/train/video4frame224,EndoVis 2017,train,site1/train/video4,representative,q5,clear,clear,clear,clear
HR0056,site1/train/video4frame224,EndoVis 2017,train,site1/train/video4,representative,q6,no,no,no,no
HR0056,site1/train/video4frame224,EndoVis 2017,train,site1/train/video4,representative,q7,yes,yes,yes,yes
HR0056,site1/train/video4frame224,EndoVis 2017,train,site1/train/video4,representative,q9,none,none,none,none
HR0057,site1/train/video5frame024,EndoVis 2017,train,site1/train/video5,representative,q4.bleeding,yes,yes,yes,yes
HR0057,site1/train/video5frame024,EndoVis 2017,train,site1/train/video5,representative,q4.smoke,no,no,no,no
HR0057,site1/train/video5frame024,EndoVis 2017,train,site1/train/video5,representative,q4.occlusion,no,no,no,no
HR0057,site1/train/video5frame024,EndoVis 2017,train,site1/train/video5,representative,q5,clear,clear,clear,clear
HR0057,site1/train/video5frame024,EndoVis 2017,train,site1/train/video5,representative,q6,no,no,no,no
HR0057,site1/train/video5frame024,EndoVis 2017,train,site1/train/video5,representative,q7,yes,yes,yes,yes
HR0057,site1/train/video5frame024,EndoVis 2017,train,site1/train/video5,representative,q9,none,none,none,none
HR0058,site1/train/video5frame041,EndoVis 2017,train,site1/train/video5,representative,q4.bleeding,yes,yes,yes,yes
HR0058,site1/train/video5frame041,EndoVis 2017,train,site1/train/video5,representative,q4.smoke,no,no,no,no
HR0058,site1/train/video5frame041,EndoVis 2017,train,site1/train/video5,representative,q4.occlusion,no,no,no,no
HR0058,site1/train/video5frame041,EndoVis 2017,train,site1/train/video5,representative,q5,clear,clear,clear,clear
HR0058,site1/train/video5frame041,EndoVis 2017,train,site1/train/video5,representative,q6,no,no,no,no
HR0058,site1/train/video5frame041,EndoVis 2017,train,site1/train/video5,representative,q7,yes,yes,yes,yes
HR0058,site1/train/video5frame041,EndoVis 2017,train,site1/train/video5,representative,q9,none,none,none,none
HR0059,site1/train/video5frame059,EndoVis 2017,train,site1/train/video5,challenge,q4.bleeding,yes,yes,yes,yes
HR0059,site1/train/video5frame059,EndoVis 2017,train,site1/train/video5,challenge,q4.smoke,no,no,no,no
HR0059,site1/train/video5frame059,EndoVis 2017,train,site1/train/video5,challenge,q4.occlusion,no,yes,no,yes
HR0059,site1/train/video5frame059,EndoVis 2017,train,site1/train/video5,challenge,q5,clear,blurry,clear,degraded
HR0059,site1/train/video5frame059,EndoVis 2017,train,site1/train/video5,challenge,q6,no,no,no,no
HR0059,site1/train/video5frame059,EndoVis 2017,train,site1/train/video5,challenge,q7,yes,no,yes,no
HR0059,site1/train/video5frame059,EndoVis 2017,train,site1/train/video5,challenge,q9,none,none,none,none
HR0060,site1/train/video5frame060,EndoVis 2017,train,site1/train/video5,challenge,q4.bleeding,yes,yes,yes,yes
HR0060,site1/train/video5frame060,EndoVis 2017,train,site1/train/video5,challenge,q4.smoke,no,no,no,no
HR0060,site1/train/video5frame060,EndoVis 2017,train,site1/train/video5,challenge,q4.occlusion,no,yes,no,yes
HR0060,site1/train/video5frame060,EndoVis 2017,train,site1/train/video5,challenge,q5,clear,mixed,clear,degraded
HR0060,site1/train/video5frame060,EndoVis 2017,train,site1/train/video5,challenge,q6,no,no,no,no
HR0060,site1/train/video5frame060,EndoVis 2017,train,site1/train/video5,challenge,q7,yes,no,yes,no
HR0060,site1/train/video5frame060,EndoVis 2017,train,site1/train/video5,challenge,q9,none,none,none,none
HR0061,site1/train/video5frame062,EndoVis 2017,train,site1/train/video5,challenge,q4.bleeding,yes,yes,yes,yes
HR0061,site1/train/video5frame062,EndoVis 2017,train,site1/train/video5,challenge,q4.smoke,no,no,no,no
HR0061,site1/train/video5frame062,EndoVis 2017,train,site1/train/video5,challenge,q4.occlusion,no,yes,no,yes
HR0061,site1/train/video5frame062,EndoVis 2017,train,site1/train/video5,challenge,q5,clear,blurry,clear,degraded
HR0061,site1/train/video5frame062,EndoVis 2017,train,site1/train/video5,challenge,q6,no,no,no,no
HR0061,site1/train/video5frame062,EndoVis 2017,train,site1/train/video5,challenge,q7,yes,no,yes,no
HR0061,site1/train/video5frame062,EndoVis 2017,train,site1/train/video5,challenge,q9,none,none,none,none
HR0062,site1/train/video5frame075,EndoVis 2017,train,site1/train/video5,representative,q4.bleeding,no,yes,no,yes
HR0062,site1/train/video5frame075,EndoVis 2017,train,site1/train/video5,representative,q4.smoke,no,no,no,no
HR0062,site1/train/video5frame075,EndoVis 2017,train,site1/train/video5,representative,q4.occlusion,no,no,no,no
HR0062,site1/train/video5frame075,EndoVis 2017,train,site1/train/video5,representative,q5,clear,clear,clear,clear
HR0062,site1/train/video5frame075,EndoVis 2017,train,site1/train/video5,representative,q6,no,no,no,no
HR0062,site1/train/video5frame075,EndoVis 2017,train,site1/train/video5,representative,q7,yes,yes,yes,yes
HR0062,site1/train/video5frame075,EndoVis 2017,train,site1/train/video5,representative,q9,none,none,none,none
HR0063,site1/train/video5frame100,EndoVis 2017,train,site1/train/video5,representative,q4.bleeding,yes,no,yes,no
HR0063,site1/train/video5frame100,EndoVis 2017,train,site1/train/video5,representative,q4.smoke,no,no,no,no
HR0063,site1/train/video5frame100,EndoVis 2017,train,site1/train/video5,representative,q4.occlusion,no,no,no,no
HR0063,site1/train/video5frame100,EndoVis 2017,train,site1/train/video5,representative,q5,clear,clear,clear,clear
HR0063,site1/train/video5frame100,EndoVis 2017,train,site1/train/video5,representative,q6,no,no,no,no
HR0063,site1/train/video5frame100,EndoVis 2017,train,site1/train/video5,representative,q7,yes,yes,yes,yes
HR0063,site1/train/video5frame100,EndoVis 2017,train,site1/train/video5,representative,q9,none,none,none,none
HR0064,site1/train/video5frame122,EndoVis 2017,train,site1/train/video5,representative,q4.bleeding,no,no,no,no
HR0064,site1/train/video5frame122,EndoVis 2017,train,site1/train/video5,representative,q4.smoke,no,no,no,no
HR0064,site1/train/video5frame122,EndoVis 2017,train,site1/train/video5,representative,q4.occlusion,no,no,no,no
HR0064,site1/train/video5frame122,EndoVis 2017,train,site1/train/video5,representative,q5,clear,clear,clear,clear
HR0064,site1/train/video5frame122,EndoVis 2017,train,site1/train/video5,representative,q6,no,no,no,no
HR0064,site1/train/video5frame122,EndoVis 2017,train,site1/train/video5,representative,q7,yes,yes,yes,yes
HR0064,site1/train/video5frame122,EndoVis 2017,train,site1/train/video5,representative,q9,none,none,none,none
HR0065,site1/train/video5frame149,EndoVis 2017,train,site1/train/video5,challenge,q4.bleeding,no,yes,no,yes
HR0065,site1/train/video5frame149,EndoVis 2017,train,site1/train/video5,challenge,q4.smoke,no,no,no,no
HR0065,site1/train/video5frame149,EndoVis 2017,train,site1/train/video5,challenge,q4.occlusion,no,yes,no,yes
HR0065,site1/train/video5frame149,EndoVis 2017,train,site1/train/video5,challenge,q5,blurry,blurry,degraded,degraded
HR0065,site1/train/video5frame149,EndoVis 2017,train,site1/train/video5,challenge,q6,yes,yes,yes,yes
HR0065,site1/train/video5frame149,EndoVis 2017,train,site1/train/video5,challenge,q7,yes,no,yes,no
HR0065,site1/train/video5frame149,EndoVis 2017,train,site1/train/video5,challenge,q9,none,none,none,none
HR0066,site1/train/video5frame159,EndoVis 2017,train,site1/train/video5,representative,q4.bleeding,no,no,no,no
HR0066,site1/train/video5frame159,EndoVis 2017,train,site1/train/video5,representative,q4.smoke,no,no,no,no
HR0066,site1/train/video5frame159,EndoVis 2017,train,site1/train/video5,representative,q4.occlusion,no,no,no,no
HR0066,site1/train/video5frame159,EndoVis 2017,train,site1/train/video5,representative,q5,clear,clear,clear,clear
HR0066,site1/train/video5frame159,EndoVis 2017,train,site1/train/video5,representative,q6,no,no,no,no
HR0066,site1/train/video5frame159,EndoVis 2017,train,site1/train/video5,representative,q7,yes,yes,yes,yes
HR0066,site1/train/video5frame159,EndoVis 2017,train,site1/train/video5,representative,q9,none,none,none,none
HR0067,site1/train/video5frame169,EndoVis 2017,train,site1/train/video5,representative,q4.bleeding,no,no,no,no
HR0067,site1/train/video5frame169,EndoVis 2017,train,site1/train/video5,representative,q4.smoke,no,no,no,no
HR0067,site1/train/video5frame169,EndoVis 2017,train,site1/train/video5,representative,q4.occlusion,no,no,no,no
HR0067,site1/train/video5frame169,EndoVis 2017,train,site1/train/video5,representative,q5,clear,clear,clear,clear
HR0067,site1/train/video5frame169,EndoVis 2017,train,site1/train/video5,representative,q6,no,no,no,no
HR0067,site1/train/video5frame169,EndoVis 2017,train,site1/train/video5,representative,q7,yes,yes,yes,yes
HR0067,site1/train/video5frame169,EndoVis 2017,train,site1/train/video5,representative,q9,none,none,none,none
HR0068,site1/train/video5frame224,EndoVis 2017,train,site1/train/video5,representative,q4.bleeding,no,yes,no,yes
HR0068,site1/train/video5frame224,EndoVis 2017,train,site1/train/video5,representative,q4.smoke,no,no,no,no
HR0068,site1/train/video5frame224,EndoVis 2017,train,site1/train/video5,representative,q4.occlusion,no,no,no,no
HR0068,site1/train/video5frame224,EndoVis 2017,train,site1/train/video5,representative,q5,clear,clear,clear,clear
HR0068,site1/train/video5frame224,EndoVis 2017,train,site1/train/video5,representative,q6,no,no,no,no
HR0068,site1/train/video5frame224,EndoVis 2017,train,site1/train/video5,representative,q7,yes,yes,yes,yes
HR0068,site1/train/video5frame224,EndoVis 2017,train,site1/train/video5,representative,q9,none,none,none,none
HR0069,site1/train/video6frame003,EndoVis 2017,train,site1/train/video6,challenge,q4.bleeding,yes,yes,yes,yes
HR0069,site1/train/video6frame003,EndoVis 2017,train,site1/train/video6,challenge,q4.smoke,no,no,no,no
HR0069,site1/train/video6frame003,EndoVis 2017,train,site1/train/video6,challenge,q4.occlusion,no,yes,no,yes
HR0069,site1/train/video6frame003,EndoVis 2017,train,site1/train/video6,challenge,q5,clear,blurry,clear,degraded
HR0069,site1/train/video6frame003,EndoVis 2017,train,site1/train/video6,challenge,q6,no,yes,no,yes
HR0069,site1/train/video6frame003,EndoVis 2017,train,site1/train/video6,challenge,q7,yes,no,yes,no
HR0069,site1/train/video6frame003,EndoVis 2017,train,site1/train/video6,challenge,q9,none,none,none,none
HR0070,site1/train/video6frame017,EndoVis 2017,train,site1/train/video6,representative,q4.bleeding,no,no,no,no
HR0070,site1/train/video6frame017,EndoVis 2017,train,site1/train/video6,representative,q4.smoke,no,no,no,no
HR0070,site1/train/video6frame017,EndoVis 2017,train,site1/train/video6,representative,q4.occlusion,no,no,no,no
HR0070,site1/train/video6frame017,EndoVis 2017,train,site1/train/video6,representative,q5,blurry,clear,degraded,clear
HR0070,site1/train/video6frame017,EndoVis 2017,train,site1/train/video6,representative,q6,no,no,no,no
HR0070,site1/train/video6frame017,EndoVis 2017,train,site1/train/video6,representative,q7,yes,yes,yes,yes
HR0070,site1/train/video6frame017,EndoVis 2017,train,site1/train/video6,representative,q9,none,none,none,none
HR0071,site1/train/video6frame056,EndoVis 2017,train,site1/train/video6,representative,q4.bleeding,yes,yes,yes,yes
HR0071,site1/train/video6frame056,EndoVis 2017,train,site1/train/video6,representative,q4.smoke,no,no,no,no
HR0071,site1/train/video6frame056,EndoVis 2017,train,site1/train/video6,representative,q4.occlusion,no,no,no,no
HR0071,site1/train/video6frame056,EndoVis 2017,train,site1/train/video6,representative,q5,clear,clear,clear,clear
HR0071,site1/train/video6frame056,EndoVis 2017,train,site1/train/video6,representative,q6,no,no,no,no
HR0071,site1/train/video6frame056,EndoVis 2017,train,site1/train/video6,representative,q7,yes,yes,yes,yes
HR0071,site1/train/video6frame056,EndoVis 2017,train,site1/train/video6,representative,q9,none,none,none,none
HR0072,site1/train/video6frame082,EndoVis 2017,train,site1/train/video6,representative,q4.bleeding,no,yes,no,yes
HR0072,site1/train/video6frame082,EndoVis 2017,train,site1/train/video6,representative,q4.smoke,no,no,no,no
HR0072,site1/train/video6frame082,EndoVis 2017,train,site1/train/video6,representative,q4.occlusion,no,no,no,no
HR0072,site1/train/video6frame082,EndoVis 2017,train,site1/train/video6,representative,q5,clear,clear,clear,clear
HR0072,site1/train/video6frame082,EndoVis 2017,train,site1/train/video6,representative,q6,no,no,no,no
HR0072,site1/train/video6frame082,EndoVis 2017,train,site1/train/video6,representative,q7,yes,yes,yes,yes
HR0072,site1/train/video6frame082,EndoVis 2017,train,site1/train/video6,representative,q9,none,none,none,none
HR0073,site1/train/video6frame098,EndoVis 2017,train,site1/train/video6,representative,q4.bleeding,no,yes,no,yes
HR0073,site1/train/video6frame098,EndoVis 2017,train,site1/train/video6,representative,q4.smoke,no,no,no,no
HR0073,site1/train/video6frame098,EndoVis 2017,train,site1/train/video6,representative,q4.occlusion,no,no,no,no
HR0073,site1/train/video6frame098,EndoVis 2017,train,site1/train/video6,representative,q5,clear,clear,clear,clear
HR0073,site1/train/video6frame098,EndoVis 2017,train,site1/train/video6,representative,q6,no,no,no,no
HR0073,site1/train/video6frame098,EndoVis 2017,train,site1/train/video6,representative,q7,yes,yes,yes,yes
HR0073,site1/train/video6frame098,EndoVis 2017,train,site1/train/video6,representative,q9,none,none,none,none
HR0074,site1/train/video6frame127,EndoVis 2017,train,site1/train/video6,representative,q4.bleeding,no,yes,no,yes
HR0074,site1/train/video6frame127,EndoVis 2017,train,site1/train/video6,representative,q4.smoke,no,no,no,no
HR0074,site1/train/video6frame127,EndoVis 2017,train,site1/train/video6,representative,q4.occlusion,no,no,no,no
HR0074,site1/train/video6frame127,EndoVis 2017,train,site1/train/video6,representative,q5,clear,clear,clear,clear
HR0074,site1/train/video6frame127,EndoVis 2017,train,site1/train/video6,representative,q6,no,no,no,no
HR0074,site1/train/video6frame127,EndoVis 2017,train,site1/train/video6,representative,q7,yes,yes,yes,yes
HR0074,site1/train/video6frame127,EndoVis 2017,train,site1/train/video6,representative,q9,none,none,none,none
HR0075,site1/train/video6frame153,EndoVis 2017,train,site1/train/video6,representative,q4.bleeding,no,yes,no,yes
HR0075,site1/train/video6frame153,EndoVis 2017,train,site1/train/video6,representative,q4.smoke,no,no,no,no
HR0075,site1/train/video6frame153,EndoVis 2017,train,site1/train/video6,representative,q4.occlusion,no,no,no,no
HR0075,site1/train/video6frame153,EndoVis 2017,train,site1/train/video6,representative,q5,clear,clear,clear,clear
HR0075,site1/train/video6frame153,EndoVis 2017,train,site1/train/video6,representative,q6,no,no,no,no
HR0075,site1/train/video6frame153,EndoVis 2017,train,site1/train/video6,representative,q7,yes,yes,yes,yes
HR0075,site1/train/video6frame153,EndoVis 2017,train,site1/train/video6,representative,q9,none,none,none,none
HR0076,site1/train/video6frame193,EndoVis 2017,train,site1/train/video6,representative,q4.bleeding,no,yes,no,yes
HR0076,site1/train/video6frame193,EndoVis 2017,train,site1/train/video6,representative,q4.smoke,no,no,no,no
HR0076,site1/train/video6frame193,EndoVis 2017,train,site1/train/video6,representative,q4.occlusion,no,no,no,no
HR0076,site1/train/video6frame193,EndoVis 2017,train,site1/train/video6,representative,q5,clear,clear,clear,clear
HR0076,site1/train/video6frame193,EndoVis 2017,train,site1/train/video6,representative,q6,no,no,no,no
HR0076,site1/train/video6frame193,EndoVis 2017,train,site1/train/video6,representative,q7,yes,yes,yes,yes
HR0076,site1/train/video6frame193,EndoVis 2017,train,site1/train/video6,representative,q9,none,none,none,none
HR0077,site1/train/video6frame200,EndoVis 2017,train,site1/train/video6,representative,q4.bleeding,no,yes,no,yes
HR0077,site1/train/video6frame200,EndoVis 2017,train,site1/train/video6,representative,q4.smoke,no,no,no,no
HR0077,site1/train/video6frame200,EndoVis 2017,train,site1/train/video6,representative,q4.occlusion,no,no,no,no
HR0077,site1/train/video6frame200,EndoVis 2017,train,site1/train/video6,representative,q5,clear,clear,clear,clear
HR0077,site1/train/video6frame200,EndoVis 2017,train,site1/train/video6,representative,q6,no,no,no,no
HR0077,site1/train/video6frame200,EndoVis 2017,train,site1/train/video6,representative,q7,yes,yes,yes,yes
HR0077,site1/train/video6frame200,EndoVis 2017,train,site1/train/video6,representative,q9,none,none,none,none
HR0078,site1/train/video7frame011,EndoVis 2017,train,site1/train/video7,representative,q4.bleeding,no,yes,no,yes
HR0078,site1/train/video7frame011,EndoVis 2017,train,site1/train/video7,representative,q4.smoke,no,no,no,no
HR0078,site1/train/video7frame011,EndoVis 2017,train,site1/train/video7,representative,q4.occlusion,no,no,no,no
HR0078,site1/train/video7frame011,EndoVis 2017,train,site1/train/video7,representative,q5,clear,clear,clear,clear
HR0078,site1/train/video7frame011,EndoVis 2017,train,site1/train/video7,representative,q6,no,no,no,no
HR0078,site1/train/video7frame011,EndoVis 2017,train,site1/train/video7,representative,q7,yes,yes,yes,yes
HR0078,site1/train/video7frame011,EndoVis 2017,train,site1/train/video7,representative,q9,none,none,none,none
HR0079,site1/train/video7frame052,EndoVis 2017,train,site1/train/video7,representative,q4.bleeding,no,no,no,no
HR0079,site1/train/video7frame052,EndoVis 2017,train,site1/train/video7,representative,q4.smoke,no,no,no,no
HR0079,site1/train/video7frame052,EndoVis 2017,train,site1/train/video7,representative,q4.occlusion,no,no,no,no
HR0079,site1/train/video7frame052,EndoVis 2017,train,site1/train/video7,representative,q5,clear,clear,clear,clear
HR0079,site1/train/video7frame052,EndoVis 2017,train,site1/train/video7,representative,q6,no,no,no,no
HR0079,site1/train/video7frame052,EndoVis 2017,train,site1/train/video7,representative,q7,yes,yes,yes,yes
HR0079,site1/train/video7frame052,EndoVis 2017,train,site1/train/video7,representative,q9,none,none,none,none
HR0080,site1/train/video7frame079,EndoVis 2017,train,site1/train/video7,representative,q4.bleeding,no,no,no,no
HR0080,site1/train/video7frame079,EndoVis 2017,train,site1/train/video7,representative,q4.smoke,no,no,no,no
HR0080,site1/train/video7frame079,EndoVis 2017,train,site1/train/video7,representative,q4.occlusion,no,no,no,no
HR0080,site1/train/video7frame079,EndoVis 2017,train,site1/train/video7,representative,q5,clear,blurry,clear,degraded
HR0080,site1/train/video7frame079,EndoVis 2017,train,site1/train/video7,representative,q6,no,no,no,no
HR0080,site1/train/video7frame079,EndoVis 2017,train,site1/train/video7,representative,q7,yes,yes,yes,yes
HR0080,site1/train/video7frame079,EndoVis 2017,train,site1/train/video7,representative,q9,none,none,none,none
HR0081,site1/train/video7frame088,EndoVis 2017,train,site1/train/video7,representative,q4.bleeding,no,no,no,no
HR0081,site1/train/video7frame088,EndoVis 2017,train,site1/train/video7,representative,q4.smoke,no,no,no,no
HR0081,site1/train/video7frame088,EndoVis 2017,train,site1/train/video7,representative,q4.occlusion,no,no,no,no
HR0081,site1/train/video7frame088,EndoVis 2017,train,site1/train/video7,representative,q5,clear,clear,clear,clear
HR0081,site1/train/video7frame088,EndoVis 2017,train,site1/train/video7,representative,q6,no,no,no,no
HR0081,site1/train/video7frame088,EndoVis 2017,train,site1/train/video7,representative,q7,yes,yes,yes,yes
HR0081,site1/train/video7frame088,EndoVis 2017,train,site1/train/video7,representative,q9,none,none,none,none
HR0082,site1/train/video7frame097,EndoVis 2017,train,site1/train/video7,challenge,q4.bleeding,no,no,no,no
HR0082,site1/train/video7frame097,EndoVis 2017,train,site1/train/video7,challenge,q4.smoke,no,no,no,no
HR0082,site1/train/video7frame097,EndoVis 2017,train,site1/train/video7,challenge,q4.occlusion,no,yes,no,yes
HR0082,site1/train/video7frame097,EndoVis 2017,train,site1/train/video7,challenge,q5,clear,blurry,clear,degraded
HR0082,site1/train/video7frame097,EndoVis 2017,train,site1/train/video7,challenge,q6,no,no,no,no
HR0082,site1/train/video7frame097,EndoVis 2017,train,site1/train/video7,challenge,q7,yes,no,yes,no
HR0082,site1/train/video7frame097,EndoVis 2017,train,site1/train/video7,challenge,q9,none,none,none,none
HR0083,site1/train/video7frame107,EndoVis 2017,train,site1/train/video7,challenge,q4.bleeding,no,no,no,no
HR0083,site1/train/video7frame107,EndoVis 2017,train,site1/train/video7,challenge,q4.smoke,no,no,no,no
HR0083,site1/train/video7frame107,EndoVis 2017,train,site1/train/video7,challenge,q4.occlusion,no,yes,no,yes
HR0083,site1/train/video7frame107,EndoVis 2017,train,site1/train/video7,challenge,q5,blurry,blurry,degraded,degraded
HR0083,site1/train/video7frame107,EndoVis 2017,train,site1/train/video7,challenge,q6,no,yes,no,yes
HR0083,site1/train/video7frame107,EndoVis 2017,train,site1/train/video7,challenge,q7,yes,no,yes,no
HR0083,site1/train/video7frame107,EndoVis 2017,train,site1/train/video7,challenge,q9,none,none,none,none
HR0084,site1/train/video7frame131,EndoVis 2017,train,site1/train/video7,representative,q4.bleeding,no,no,no,no
HR0084,site1/train/video7frame131,EndoVis 2017,train,site1/train/video7,representative,q4.smoke,no,no,no,no
HR0084,site1/train/video7frame131,EndoVis 2017,train,site1/train/video7,representative,q4.occlusion,no,no,no,no
HR0084,site1/train/video7frame131,EndoVis 2017,train,site1/train/video7,representative,q5,clear,clear,clear,clear
HR0084,site1/train/video7frame131,EndoVis 2017,train,site1/train/video7,representative,q6,no,no,no,no
HR0084,site1/train/video7frame131,EndoVis 2017,train,site1/train/video7,representative,q7,yes,yes,yes,yes
HR0084,site1/train/video7frame131,EndoVis 2017,train,site1/train/video7,representative,q9,none,none,none,none
HR0085,site1/train/video7frame157,EndoVis 2017,train,site1/train/video7,representative,q4.bleeding,no,no,no,no
HR0085,site1/train/video7frame157,EndoVis 2017,train,site1/train/video7,representative,q4.smoke,no,no,no,no
HR0085,site1/train/video7frame157,EndoVis 2017,train,site1/train/video7,representative,q4.occlusion,no,no,no,no
HR0085,site1/train/video7frame157,EndoVis 2017,train,site1/train/video7,representative,q5,blurry,blurry,degraded,degraded
HR0085,site1/train/video7frame157,EndoVis 2017,train,site1/train/video7,representative,q6,no,no,no,no
HR0085,site1/train/video7frame157,EndoVis 2017,train,site1/train/video7,representative,q7,yes,yes,yes,yes
HR0085,site1/train/video7frame157,EndoVis 2017,train,site1/train/video7,representative,q9,none,none,none,none
HR0086,site1/train/video7frame178,EndoVis 2017,train,site1/train/video7,representative,q4.bleeding,no,no,no,no
HR0086,site1/train/video7frame178,EndoVis 2017,train,site1/train/video7,representative,q4.smoke,no,no,no,no
HR0086,site1/train/video7frame178,EndoVis 2017,train,site1/train/video7,representative,q4.occlusion,no,no,no,no
HR0086,site1/train/video7frame178,EndoVis 2017,train,site1/train/video7,representative,q5,clear,clear,clear,clear
HR0086,site1/train/video7frame178,EndoVis 2017,train,site1/train/video7,representative,q6,no,no,no,no
HR0086,site1/train/video7frame178,EndoVis 2017,train,site1/train/video7,representative,q7,yes,yes,yes,yes
HR0086,site1/train/video7frame178,EndoVis 2017,train,site1/train/video7,representative,q9,none,none,none,none
HR0087,site1/train/video7frame216,EndoVis 2017,train,site1/train/video7,representative,q4.bleeding,no,no,no,no
HR0087,site1/train/video7frame216,EndoVis 2017,train,site1/train/video7,representative,q4.smoke,no,no,no,no
HR0087,site1/train/video7frame216,EndoVis 2017,train,site1/train/video7,representative,q4.occlusion,no,no,no,no
HR0087,site1/train/video7frame216,EndoVis 2017,train,site1/train/video7,representative,q5,clear,clear,clear,clear
HR0087,site1/train/video7frame216,EndoVis 2017,train,site1/train/video7,representative,q6,no,no,no,no
HR0087,site1/train/video7frame216,EndoVis 2017,train,site1/train/video7,representative,q7,yes,yes,yes,yes
HR0087,site1/train/video7frame216,EndoVis 2017,train,site1/train/video7,representative,q9,none,none,none,none
HR0088,site1/train/video8frame017,EndoVis 2017,train,site1/train/video8,representative,q4.bleeding,no,no,no,no
HR0088,site1/train/video8frame017,EndoVis 2017,train,site1/train/video8,representative,q4.smoke,no,no,no,no
HR0088,site1/train/video8frame017,EndoVis 2017,train,site1/train/video8,representative,q4.occlusion,no,no,no,no
HR0088,site1/train/video8frame017,EndoVis 2017,train,site1/train/video8,representative,q5,clear,clear,clear,clear
HR0088,site1/train/video8frame017,EndoVis 2017,train,site1/train/video8,representative,q6,no,no,no,no
HR0088,site1/train/video8frame017,EndoVis 2017,train,site1/train/video8,representative,q7,yes,yes,yes,yes
HR0088,site1/train/video8frame017,EndoVis 2017,train,site1/train/video8,representative,q9,none,none,none,none
HR0089,site1/train/video8frame036,EndoVis 2017,train,site1/train/video8,representative,q4.bleeding,no,no,no,no
HR0089,site1/train/video8frame036,EndoVis 2017,train,site1/train/video8,representative,q4.smoke,no,no,no,no
HR0089,site1/train/video8frame036,EndoVis 2017,train,site1/train/video8,representative,q4.occlusion,no,no,no,no
HR0089,site1/train/video8frame036,EndoVis 2017,train,site1/train/video8,representative,q5,clear,clear,clear,clear
HR0089,site1/train/video8frame036,EndoVis 2017,train,site1/train/video8,representative,q6,no,no,no,no
HR0089,site1/train/video8frame036,EndoVis 2017,train,site1/train/video8,representative,q7,yes,yes,yes,yes
HR0089,site1/train/video8frame036,EndoVis 2017,train,site1/train/video8,representative,q9,none,none,none,none
HR0090,site1/train/video8frame057,EndoVis 2017,train,site1/train/video8,representative,q4.bleeding,no,no,no,no
HR0090,site1/train/video8frame057,EndoVis 2017,train,site1/train/video8,representative,q4.smoke,no,no,no,no
HR0090,site1/train/video8frame057,EndoVis 2017,train,site1/train/video8,representative,q4.occlusion,no,no,no,no
HR0090,site1/train/video8frame057,EndoVis 2017,train,site1/train/video8,representative,q5,clear,clear,clear,clear
HR0090,site1/train/video8frame057,EndoVis 2017,train,site1/train/video8,representative,q6,no,no,no,no
HR0090,site1/train/video8frame057,EndoVis 2017,train,site1/train/video8,representative,q7,yes,yes,yes,yes
HR0090,site1/train/video8frame057,EndoVis 2017,train,site1/train/video8,representative,q9,none,none,none,none
HR0091,site1/train/video8frame090,EndoVis 2017,train,site1/train/video8,representative,q4.bleeding,no,no,no,no
HR0091,site1/train/video8frame090,EndoVis 2017,train,site1/train/video8,representative,q4.smoke,no,no,no,no
HR0091,site1/train/video8frame090,EndoVis 2017,train,site1/train/video8,representative,q4.occlusion,no,no,no,no
HR0091,site1/train/video8frame090,EndoVis 2017,train,site1/train/video8,representative,q5,clear,clear,clear,clear
HR0091,site1/train/video8frame090,EndoVis 2017,train,site1/train/video8,representative,q6,no,no,no,no
HR0091,site1/train/video8frame090,EndoVis 2017,train,site1/train/video8,representative,q7,yes,yes,yes,yes
HR0091,site1/train/video8frame090,EndoVis 2017,train,site1/train/video8,representative,q9,none,none,none,none
HR0092,site1/train/video8frame117,EndoVis 2017,train,site1/train/video8,representative,q4.bleeding,no,no,no,no
HR0092,site1/train/video8frame117,EndoVis 2017,train,site1/train/video8,representative,q4.smoke,no,no,no,no
HR0092,site1/train/video8frame117,EndoVis 2017,train,site1/train/video8,representative,q4.occlusion,no,no,no,no
HR0092,site1/train/video8frame117,EndoVis 2017,train,site1/train/video8,representative,q5,clear,clear,clear,clear
HR0092,site1/train/video8frame117,EndoVis 2017,train,site1/train/video8,representative,q6,no,no,no,no
HR0092,site1/train/video8frame117,EndoVis 2017,train,site1/train/video8,representative,q7,yes,yes,yes,yes
HR0092,site1/train/video8frame117,EndoVis 2017,train,site1/train/video8,representative,q9,none,none,none,none
HR0093,site1/train/video8frame147,EndoVis 2017,train,site1/train/video8,representative,q4.bleeding,no,no,no,no
HR0093,site1/train/video8frame147,EndoVis 2017,train,site1/train/video8,representative,q4.smoke,no,no,no,no
HR0093,site1/train/video8frame147,EndoVis 2017,train,site1/train/video8,representative,q4.occlusion,no,no,no,no
HR0093,site1/train/video8frame147,EndoVis 2017,train,site1/train/video8,representative,q5,clear,clear,clear,clear
HR0093,site1/train/video8frame147,EndoVis 2017,train,site1/train/video8,representative,q6,no,no,no,no
HR0093,site1/train/video8frame147,EndoVis 2017,train,site1/train/video8,representative,q7,yes,yes,yes,yes
HR0093,site1/train/video8frame147,EndoVis 2017,train,site1/train/video8,representative,q9,none,none,none,none
HR0094,site1/train/video8frame190,EndoVis 2017,train,site1/train/video8,representative,q4.bleeding,no,no,no,no
HR0094,site1/train/video8frame190,EndoVis 2017,train,site1/train/video8,representative,q4.smoke,no,no,no,no
HR0094,site1/train/video8frame190,EndoVis 2017,train,site1/train/video8,representative,q4.occlusion,no,no,no,no
HR0094,site1/train/video8frame190,EndoVis 2017,train,site1/train/video8,representative,q5,clear,clear,clear,clear
HR0094,site1/train/video8frame190,EndoVis 2017,train,site1/train/video8,representative,q6,no,no,no,no
HR0094,site1/train/video8frame190,EndoVis 2017,train,site1/train/video8,representative,q7,yes,yes,yes,yes
HR0094,site1/train/video8frame190,EndoVis 2017,train,site1/train/video8,representative,q9,none,none,none,none
HR0095,site1/train/video8frame223,EndoVis 2017,train,site1/train/video8,representative,q4.bleeding,no,yes,no,yes
HR0095,site1/train/video8frame223,EndoVis 2017,train,site1/train/video8,representative,q4.smoke,no,no,no,no
HR0095,site1/train/video8frame223,EndoVis 2017,train,site1/train/video8,representative,q4.occlusion,no,no,no,no
HR0095,site1/train/video8frame223,EndoVis 2017,train,site1/train/video8,representative,q5,clear,clear,clear,clear
HR0095,site1/train/video8frame223,EndoVis 2017,train,site1/train/video8,representative,q6,no,no,no,no
HR0095,site1/train/video8frame223,EndoVis 2017,train,site1/train/video8,representative,q7,yes,yes,yes,yes
HR0095,site1/train/video8frame223,EndoVis 2017,train,site1/train/video8,representative,q9,none,none,none,none
HR0096,site2/test/video1frame001,EndoVis 2018,test,site2/test/video1,challenge,q4.bleeding,no,no,no,no
HR0096,site2/test/video1frame001,EndoVis 2018,test,site2/test/video1,challenge,q4.smoke,no,no,no,no
HR0096,site2/test/video1frame001,EndoVis 2018,test,site2/test/video1,challenge,q4.occlusion,no,yes,no,yes
HR0096,site2/test/video1frame001,EndoVis 2018,test,site2/test/video1,challenge,q5,blurry,blurry,degraded,degraded
HR0096,site2/test/video1frame001,EndoVis 2018,test,site2/test/video1,challenge,q6,no,yes,no,yes
HR0096,site2/test/video1frame001,EndoVis 2018,test,site2/test/video1,challenge,q7,yes,no,yes,no
HR0096,site2/test/video1frame001,EndoVis 2018,test,site2/test/video1,challenge,q9,none,none,none,none
HR0097,site2/test/video1frame012,EndoVis 2018,test,site2/test/video1,challenge,q4.bleeding,no,yes,no,yes
HR0097,site2/test/video1frame012,EndoVis 2018,test,site2/test/video1,challenge,q4.smoke,no,no,no,no
HR0097,site2/test/video1frame012,EndoVis 2018,test,site2/test/video1,challenge,q4.occlusion,no,no,no,no
HR0097,site2/test/video1frame012,EndoVis 2018,test,site2/test/video1,challenge,q5,mixed,blurry,degraded,degraded
HR0097,site2/test/video1frame012,EndoVis 2018,test,site2/test/video1,challenge,q6,yes,yes,yes,yes
HR0097,site2/test/video1frame012,EndoVis 2018,test,site2/test/video1,challenge,q7,yes,no,yes,no
HR0097,site2/test/video1frame012,EndoVis 2018,test,site2/test/video1,challenge,q9,none,none,none,none
HR0098,site2/test/video1frame024,EndoVis 2018,test,site2/test/video1,challenge,q4.bleeding,no,no,no,no
HR0098,site2/test/video1frame024,EndoVis 2018,test,site2/test/video1,challenge,q4.smoke,no,no,no,no
HR0098,site2/test/video1frame024,EndoVis 2018,test,site2/test/video1,challenge,q4.occlusion,no,yes,no,yes
HR0098,site2/test/video1frame024,EndoVis 2018,test,site2/test/video1,challenge,q5,blurry,blurry,degraded,degraded
HR0098,site2/test/video1frame024,EndoVis 2018,test,site2/test/video1,challenge,q6,no,yes,no,yes
HR0098,site2/test/video1frame024,EndoVis 2018,test,site2/test/video1,challenge,q7,yes,no,yes,no
HR0098,site2/test/video1frame024,EndoVis 2018,test,site2/test/video1,challenge,q9,none,none,none,none
HR0099,site2/test/video1frame060,EndoVis 2018,test,site2/test/video1,representative,q4.bleeding,no,no,no,no
HR0099,site2/test/video1frame060,EndoVis 2018,test,site2/test/video1,representative,q4.smoke,no,no,no,no
HR0099,site2/test/video1frame060,EndoVis 2018,test,site2/test/video1,representative,q4.occlusion,no,no,no,no
HR0099,site2/test/video1frame060,EndoVis 2018,test,site2/test/video1,representative,q5,clear,clear,clear,clear
HR0099,site2/test/video1frame060,EndoVis 2018,test,site2/test/video1,representative,q6,no,no,no,no
HR0099,site2/test/video1frame060,EndoVis 2018,test,site2/test/video1,representative,q7,yes,yes,yes,yes
HR0099,site2/test/video1frame060,EndoVis 2018,test,site2/test/video1,representative,q9,none,none,none,none
HR0100,site2/test/video1frame078,EndoVis 2018,test,site2/test/video1,challenge,q4.bleeding,no,no,no,no
HR0100,site2/test/video1frame078,EndoVis 2018,test,site2/test/video1,challenge,q4.smoke,no,no,no,no
HR0100,site2/test/video1frame078,EndoVis 2018,test,site2/test/video1,challenge,q4.occlusion,no,yes,no,yes
HR0100,site2/test/video1frame078,EndoVis 2018,test,site2/test/video1,challenge,q5,blurry,blurry,degraded,degraded
HR0100,site2/test/video1frame078,EndoVis 2018,test,site2/test/video1,challenge,q6,yes,yes,yes,yes
HR0100,site2/test/video1frame078,EndoVis 2018,test,site2/test/video1,challenge,q7,yes,no,yes,no
HR0100,site2/test/video1frame078,EndoVis 2018,test,site2/test/video1,challenge,q9,none,none,none,none
HR0101,site2/test/video1frame092,EndoVis 2018,test,site2/test/video1,representative,q4.bleeding,no,no,no,no
HR0101,site2/test/video1frame092,EndoVis 2018,test,site2/test/video1,representative,q4.smoke,no,no,no,no
HR0101,site2/test/video1frame092,EndoVis 2018,test,site2/test/video1,representative,q4.occlusion,no,no,no,no
HR0101,site2/test/video1frame092,EndoVis 2018,test,site2/test/video1,representative,q5,clear,clear,clear,clear
HR0101,site2/test/video1frame092,EndoVis 2018,test,site2/test/video1,representative,q6,no,no,no,no
HR0101,site2/test/video1frame092,EndoVis 2018,test,site2/test/video1,representative,q7,yes,yes,yes,yes
HR0101,site2/test/video1frame092,EndoVis 2018,test,site2/test/video1,representative,q9,none,none,none,none
HR0102,site2/test/video1frame121,EndoVis 2018,test,site2/test/video1,representative,q4.bleeding,yes,yes,yes,yes
HR0102,site2/test/video1frame121,EndoVis 2018,test,site2/test/video1,representative,q4.smoke,no,no,no,no
HR0102,site2/test/video1frame121,EndoVis 2018,test,site2/test/video1,representative,q4.occlusion,no,no,no,no
HR0102,site2/test/video1frame121,EndoVis 2018,test,site2/test/video1,representative,q5,clear,clear,clear,clear
HR0102,site2/test/video1frame121,EndoVis 2018,test,site2/test/video1,representative,q6,yes,no,yes,no
HR0102,site2/test/video1frame121,EndoVis 2018,test,site2/test/video1,representative,q7,yes,yes,yes,yes
HR0102,site2/test/video1frame121,EndoVis 2018,test,site2/test/video1,representative,q9,none,none,none,none
HR0103,site2/test/video1frame145,EndoVis 2018,test,site2/test/video1,representative,q4.bleeding,yes,yes,yes,yes
HR0103,site2/test/video1frame145,EndoVis 2018,test,site2/test/video1,representative,q4.smoke,no,no,no,no
HR0103,site2/test/video1frame145,EndoVis 2018,test,site2/test/video1,representative,q4.occlusion,no,no,no,no
HR0103,site2/test/video1frame145,EndoVis 2018,test,site2/test/video1,representative,q5,clear,clear,clear,clear
HR0103,site2/test/video1frame145,EndoVis 2018,test,site2/test/video1,representative,q6,no,no,no,no
HR0103,site2/test/video1frame145,EndoVis 2018,test,site2/test/video1,representative,q7,yes,yes,yes,yes
HR0103,site2/test/video1frame145,EndoVis 2018,test,site2/test/video1,representative,q9,none,none,none,none
HR0104,site2/test/video1frame200,EndoVis 2018,test,site2/test/video1,representative,q4.bleeding,yes,yes,yes,yes
HR0104,site2/test/video1frame200,EndoVis 2018,test,site2/test/video1,representative,q4.smoke,no,no,no,no
HR0104,site2/test/video1frame200,EndoVis 2018,test,site2/test/video1,representative,q4.occlusion,no,no,no,no
HR0104,site2/test/video1frame200,EndoVis 2018,test,site2/test/video1,representative,q5,clear,clear,clear,clear
HR0104,site2/test/video1frame200,EndoVis 2018,test,site2/test/video1,representative,q6,no,no,no,no
HR0104,site2/test/video1frame200,EndoVis 2018,test,site2/test/video1,representative,q7,yes,yes,yes,yes
HR0104,site2/test/video1frame200,EndoVis 2018,test,site2/test/video1,representative,q9,none,none,none,none
HR0105,site2/test/video1frame236,EndoVis 2018,test,site2/test/video1,representative,q4.bleeding,yes,yes,yes,yes
HR0105,site2/test/video1frame236,EndoVis 2018,test,site2/test/video1,representative,q4.smoke,no,no,no,no
HR0105,site2/test/video1frame236,EndoVis 2018,test,site2/test/video1,representative,q4.occlusion,no,no,no,no
HR0105,site2/test/video1frame236,EndoVis 2018,test,site2/test/video1,representative,q5,clear,clear,clear,clear
HR0105,site2/test/video1frame236,EndoVis 2018,test,site2/test/video1,representative,q6,yes,no,yes,no
HR0105,site2/test/video1frame236,EndoVis 2018,test,site2/test/video1,representative,q7,yes,yes,yes,yes
HR0105,site2/test/video1frame236,EndoVis 2018,test,site2/test/video1,representative,q9,none,none,none,none
HR0106,site2/test/video2frame000,EndoVis 2018,test,site2/test/video2,representative,q4.bleeding,no,no,no,no
HR0106,site2/test/video2frame000,EndoVis 2018,test,site2/test/video2,representative,q4.smoke,no,no,no,no
HR0106,site2/test/video2frame000,EndoVis 2018,test,site2/test/video2,representative,q4.occlusion,no,no,no,no
HR0106,site2/test/video2frame000,EndoVis 2018,test,site2/test/video2,representative,q5,clear,clear,clear,clear
HR0106,site2/test/video2frame000,EndoVis 2018,test,site2/test/video2,representative,q6,no,no,no,no
HR0106,site2/test/video2frame000,EndoVis 2018,test,site2/test/video2,representative,q7,yes,yes,yes,yes
HR0106,site2/test/video2frame000,EndoVis 2018,test,site2/test/video2,representative,q9,none,none,none,none
HR0107,site2/test/video2frame097,EndoVis 2018,test,site2/test/video2,representative,q4.bleeding,yes,yes,yes,yes
HR0107,site2/test/video2frame097,EndoVis 2018,test,site2/test/video2,representative,q4.smoke,no,no,no,no
HR0107,site2/test/video2frame097,EndoVis 2018,test,site2/test/video2,representative,q4.occlusion,no,no,no,no
HR0107,site2/test/video2frame097,EndoVis 2018,test,site2/test/video2,representative,q5,clear,clear,clear,clear
HR0107,site2/test/video2frame097,EndoVis 2018,test,site2/test/video2,representative,q6,no,no,no,no
HR0107,site2/test/video2frame097,EndoVis 2018,test,site2/test/video2,representative,q7,yes,yes,yes,yes
HR0107,site2/test/video2frame097,EndoVis 2018,test,site2/test/video2,representative,q9,none,none,none,none
HR0108,site2/test/video2frame114,EndoVis 2018,test,site2/test/video2,representative,q4.bleeding,yes,yes,yes,yes
HR0108,site2/test/video2frame114,EndoVis 2018,test,site2/test/video2,representative,q4.smoke,no,no,no,no
HR0108,site2/test/video2frame114,EndoVis 2018,test,site2/test/video2,representative,q4.occlusion,no,no,no,no
HR0108,site2/test/video2frame114,EndoVis 2018,test,site2/test/video2,representative,q5,clear,clear,clear,clear
HR0108,site2/test/video2frame114,EndoVis 2018,test,site2/test/video2,representative,q6,yes,no,yes,no
HR0108,site2/test/video2frame114,EndoVis 2018,test,site2/test/video2,representative,q7,yes,yes,yes,yes
HR0108,site2/test/video2frame114,EndoVis 2018,test,site2/test/video2,representative,q9,none,none,none,none
HR0109,site2/test/video2frame135,EndoVis 2018,test,site2/test/video2,representative,q4.bleeding,yes,yes,yes,yes
HR0109,site2/test/video2frame135,EndoVis 2018,test,site2/test/video2,representative,q4.smoke,no,no,no,no
HR0109,site2/test/video2frame135,EndoVis 2018,test,site2/test/video2,representative,q4.occlusion,no,no,no,no
HR0109,site2/test/video2frame135,EndoVis 2018,test,site2/test/video2,representative,q5,clear,clear,clear,clear
HR0109,site2/test/video2frame135,EndoVis 2018,test,site2/test/video2,representative,q6,no,no,no,no
HR0109,site2/test/video2frame135,EndoVis 2018,test,site2/test/video2,representative,q7,yes,yes,yes,yes
HR0109,site2/test/video2frame135,EndoVis 2018,test,site2/test/video2,representative,q9,none,none,none,none
HR0110,site2/test/video2frame166,EndoVis 2018,test,site2/test/video2,representative,q4.bleeding,no,yes,no,yes
HR0110,site2/test/video2frame166,EndoVis 2018,test,site2/test/video2,representative,q4.smoke,no,no,no,no
HR0110,site2/test/video2frame166,EndoVis 2018,test,site2/test/video2,representative,q4.occlusion,no,no,no,no
HR0110,site2/test/video2frame166,EndoVis 2018,test,site2/test/video2,representative,q5,clear,clear,clear,clear
HR0110,site2/test/video2frame166,EndoVis 2018,test,site2/test/video2,representative,q6,no,no,no,no
HR0110,site2/test/video2frame166,EndoVis 2018,test,site2/test/video2,representative,q7,yes,yes,yes,yes
HR0110,site2/test/video2frame166,EndoVis 2018,test,site2/test/video2,representative,q9,none,none,none,none
HR0111,site2/test/video2frame239,EndoVis 2018,test,site2/test/video2,representative,q4.bleeding,no,no,no,no
HR0111,site2/test/video2frame239,EndoVis 2018,test,site2/test/video2,representative,q4.smoke,no,no,no,no
HR0111,site2/test/video2frame239,EndoVis 2018,test,site2/test/video2,representative,q4.occlusion,no,no,no,no
HR0111,site2/test/video2frame239,EndoVis 2018,test,site2/test/video2,representative,q5,clear,clear,clear,clear
HR0111,site2/test/video2frame239,EndoVis 2018,test,site2/test/video2,representative,q6,no,no,no,no
HR0111,site2/test/video2frame239,EndoVis 2018,test,site2/test/video2,representative,q7,yes,yes,yes,yes
HR0111,site2/test/video2frame239,EndoVis 2018,test,site2/test/video2,representative,q9,none,none,none,none
HR0112,site2/test/video3frame004,EndoVis 2018,test,site2/test/video3,representative,q4.bleeding,no,yes,no,yes
HR0112,site2/test/video3frame004,EndoVis 2018,test,site2/test/video3,representative,q4.smoke,no,no,no,no
HR0112,site2/test/video3frame004,EndoVis 2018,test,site2/test/video3,representative,q4.occlusion,no,no,no,no
HR0112,site2/test/video3frame004,EndoVis 2018,test,site2/test/video3,representative,q5,clear,clear,clear,clear
HR0112,site2/test/video3frame004,EndoVis 2018,test,site2/test/video3,representative,q6,yes,no,yes,no
HR0112,site2/test/video3frame004,EndoVis 2018,test,site2/test/video3,representative,q7,yes,yes,yes,yes
HR0112,site2/test/video3frame004,EndoVis 2018,test,site2/test/video3,representative,q9,none,none,none,none
HR0113,site2/test/video3frame041,EndoVis 2018,test,site2/test/video3,representative,q4.bleeding,no,yes,no,yes
HR0113,site2/test/video3frame041,EndoVis 2018,test,site2/test/video3,representative,q4.smoke,no,no,no,no
HR0113,site2/test/video3frame041,EndoVis 2018,test,site2/test/video3,representative,q4.occlusion,no,no,no,no
HR0113,site2/test/video3frame041,EndoVis 2018,test,site2/test/video3,representative,q5,clear,clear,clear,clear
HR0113,site2/test/video3frame041,EndoVis 2018,test,site2/test/video3,representative,q6,no,no,no,no
HR0113,site2/test/video3frame041,EndoVis 2018,test,site2/test/video3,representative,q7,yes,yes,yes,yes
HR0113,site2/test/video3frame041,EndoVis 2018,test,site2/test/video3,representative,q9,none,none,none,none
HR0114,site2/test/video3frame063,EndoVis 2018,test,site2/test/video3,representative,q4.bleeding,no,no,no,no
HR0114,site2/test/video3frame063,EndoVis 2018,test,site2/test/video3,representative,q4.smoke,no,no,no,no
HR0114,site2/test/video3frame063,EndoVis 2018,test,site2/test/video3,representative,q4.occlusion,no,no,no,no
HR0114,site2/test/video3frame063,EndoVis 2018,test,site2/test/video3,representative,q5,clear,clear,clear,clear
HR0114,site2/test/video3frame063,EndoVis 2018,test,site2/test/video3,representative,q6,no,no,no,no
HR0114,site2/test/video3frame063,EndoVis 2018,test,site2/test/video3,representative,q7,yes,yes,yes,yes
HR0114,site2/test/video3frame063,EndoVis 2018,test,site2/test/video3,representative,q9,none,none,none,none
HR0115,site2/test/video3frame091,EndoVis 2018,test,site2/test/video3,representative,q4.bleeding,yes,yes,yes,yes
HR0115,site2/test/video3frame091,EndoVis 2018,test,site2/test/video3,representative,q4.smoke,no,no,no,no
HR0115,site2/test/video3frame091,EndoVis 2018,test,site2/test/video3,representative,q4.occlusion,no,no,no,no
HR0115,site2/test/video3frame091,EndoVis 2018,test,site2/test/video3,representative,q5,clear,clear,clear,clear
HR0115,site2/test/video3frame091,EndoVis 2018,test,site2/test/video3,representative,q6,no,no,no,no
HR0115,site2/test/video3frame091,EndoVis 2018,test,site2/test/video3,representative,q7,yes,yes,yes,yes
HR0115,site2/test/video3frame091,EndoVis 2018,test,site2/test/video3,representative,q9,none,none,none,none
HR0116,site2/test/video3frame111,EndoVis 2018,test,site2/test/video3,representative,q4.bleeding,yes,yes,yes,yes
HR0116,site2/test/video3frame111,EndoVis 2018,test,site2/test/video3,representative,q4.smoke,no,no,no,no
HR0116,site2/test/video3frame111,EndoVis 2018,test,site2/test/video3,representative,q4.occlusion,no,no,no,no
HR0116,site2/test/video3frame111,EndoVis 2018,test,site2/test/video3,representative,q5,clear,clear,clear,clear
HR0116,site2/test/video3frame111,EndoVis 2018,test,site2/test/video3,representative,q6,yes,no,yes,no
HR0116,site2/test/video3frame111,EndoVis 2018,test,site2/test/video3,representative,q7,yes,yes,yes,yes
HR0116,site2/test/video3frame111,EndoVis 2018,test,site2/test/video3,representative,q9,none,none,none,none
HR0117,site2/test/video3frame176,EndoVis 2018,test,site2/test/video3,representative,q4.bleeding,no,yes,no,yes
HR0117,site2/test/video3frame176,EndoVis 2018,test,site2/test/video3,representative,q4.smoke,no,no,no,no
HR0117,site2/test/video3frame176,EndoVis 2018,test,site2/test/video3,representative,q4.occlusion,no,no,no,no
HR0117,site2/test/video3frame176,EndoVis 2018,test,site2/test/video3,representative,q5,clear,clear,clear,clear
HR0117,site2/test/video3frame176,EndoVis 2018,test,site2/test/video3,representative,q6,no,no,no,no
HR0117,site2/test/video3frame176,EndoVis 2018,test,site2/test/video3,representative,q7,yes,yes,yes,yes
HR0117,site2/test/video3frame176,EndoVis 2018,test,site2/test/video3,representative,q9,none,none,none,none
HR0118,site2/test/video3frame227,EndoVis 2018,test,site2/test/video3,representative,q4.bleeding,yes,yes,yes,yes
HR0118,site2/test/video3frame227,EndoVis 2018,test,site2/test/video3,representative,q4.smoke,no,no,no,no
HR0118,site2/test/video3frame227,EndoVis 2018,test,site2/test/video3,representative,q4.occlusion,no,no,no,no
HR0118,site2/test/video3frame227,EndoVis 2018,test,site2/test/video3,representative,q5,clear,clear,clear,clear
HR0118,site2/test/video3frame227,EndoVis 2018,test,site2/test/video3,representative,q6,no,no,no,no
HR0118,site2/test/video3frame227,EndoVis 2018,test,site2/test/video3,representative,q7,yes,yes,yes,yes
HR0118,site2/test/video3frame227,EndoVis 2018,test,site2/test/video3,representative,q9,none,none,none,none
HR0119,site2/test/video4frame036,EndoVis 2018,test,site2/test/video4,representative,q4.bleeding,yes,yes,yes,yes
HR0119,site2/test/video4frame036,EndoVis 2018,test,site2/test/video4,representative,q4.smoke,no,no,no,no
HR0119,site2/test/video4frame036,EndoVis 2018,test,site2/test/video4,representative,q4.occlusion,no,no,no,no
HR0119,site2/test/video4frame036,EndoVis 2018,test,site2/test/video4,representative,q5,clear,clear,clear,clear
HR0119,site2/test/video4frame036,EndoVis 2018,test,site2/test/video4,representative,q6,no,yes,no,yes
HR0119,site2/test/video4frame036,EndoVis 2018,test,site2/test/video4,representative,q7,yes,yes,yes,yes
HR0119,site2/test/video4frame036,EndoVis 2018,test,site2/test/video4,representative,q9,none,none,none,none
HR0120,site2/test/video4frame073,EndoVis 2018,test,site2/test/video4,representative,q4.bleeding,no,no,no,no
HR0120,site2/test/video4frame073,EndoVis 2018,test,site2/test/video4,representative,q4.smoke,no,no,no,no
HR0120,site2/test/video4frame073,EndoVis 2018,test,site2/test/video4,representative,q4.occlusion,no,no,no,no
HR0120,site2/test/video4frame073,EndoVis 2018,test,site2/test/video4,representative,q5,clear,clear,clear,clear
HR0120,site2/test/video4frame073,EndoVis 2018,test,site2/test/video4,representative,q6,no,no,no,no
HR0120,site2/test/video4frame073,EndoVis 2018,test,site2/test/video4,representative,q7,yes,yes,yes,yes
HR0120,site2/test/video4frame073,EndoVis 2018,test,site2/test/video4,representative,q9,none,none,none,none
HR0121,site2/test/video4frame112,EndoVis 2018,test,site2/test/video4,representative,q4.bleeding,yes,yes,yes,yes
HR0121,site2/test/video4frame112,EndoVis 2018,test,site2/test/video4,representative,q4.smoke,no,no,no,no
HR0121,site2/test/video4frame112,EndoVis 2018,test,site2/test/video4,representative,q4.occlusion,no,yes,no,yes
HR0121,site2/test/video4frame112,EndoVis 2018,test,site2/test/video4,representative,q5,clear,blurry,clear,degraded
HR0121,site2/test/video4frame112,EndoVis 2018,test,site2/test/video4,representative,q6,no,no,no,no
HR0121,site2/test/video4frame112,EndoVis 2018,test,site2/test/video4,representative,q7,yes,no,yes,no
HR0121,site2/test/video4frame112,EndoVis 2018,test,site2/test/video4,representative,q9,none,none,none,none
HR0122,site2/test/video4frame160,EndoVis 2018,test,site2/test/video4,representative,q4.bleeding,no,yes,no,yes
HR0122,site2/test/video4frame160,EndoVis 2018,test,site2/test/video4,representative,q4.smoke,no,no,no,no
HR0122,site2/test/video4frame160,EndoVis 2018,test,site2/test/video4,representative,q4.occlusion,no,no,no,no
HR0122,site2/test/video4frame160,EndoVis 2018,test,site2/test/video4,representative,q5,clear,clear,clear,clear
HR0122,site2/test/video4frame160,EndoVis 2018,test,site2/test/video4,representative,q6,yes,no,yes,no
HR0122,site2/test/video4frame160,EndoVis 2018,test,site2/test/video4,representative,q7,yes,yes,yes,yes
HR0122,site2/test/video4frame160,EndoVis 2018,test,site2/test/video4,representative,q9,none,none,none,none
HR0123,site2/test/video4frame248,EndoVis 2018,test,site2/test/video4,representative,q4.bleeding,no,no,no,no
HR0123,site2/test/video4frame248,EndoVis 2018,test,site2/test/video4,representative,q4.smoke,no,no,no,no
HR0123,site2/test/video4frame248,EndoVis 2018,test,site2/test/video4,representative,q4.occlusion,no,no,no,no
HR0123,site2/test/video4frame248,EndoVis 2018,test,site2/test/video4,representative,q5,clear,clear,clear,clear
HR0123,site2/test/video4frame248,EndoVis 2018,test,site2/test/video4,representative,q6,yes,no,yes,no
HR0123,site2/test/video4frame248,EndoVis 2018,test,site2/test/video4,representative,q7,yes,yes,yes,yes
HR0123,site2/test/video4frame248,EndoVis 2018,test,site2/test/video4,representative,q9,none,none,none,none
HR0124,site2/train/video10frame013,EndoVis 2018,train,site2/train/video10,representative,q4.bleeding,no,no,no,no
HR0124,site2/train/video10frame013,EndoVis 2018,train,site2/train/video10,representative,q4.smoke,no,no,no,no
HR0124,site2/train/video10frame013,EndoVis 2018,train,site2/train/video10,representative,q4.occlusion,no,no,no,no
HR0124,site2/train/video10frame013,EndoVis 2018,train,site2/train/video10,representative,q5,clear,clear,clear,clear
HR0124,site2/train/video10frame013,EndoVis 2018,train,site2/train/video10,representative,q6,no,no,no,no
HR0124,site2/train/video10frame013,EndoVis 2018,train,site2/train/video10,representative,q7,yes,yes,yes,yes
HR0124,site2/train/video10frame013,EndoVis 2018,train,site2/train/video10,representative,q9,none,none,none,none
HR0125,site2/train/video10frame034,EndoVis 2018,train,site2/train/video10,representative,q4.bleeding,no,no,no,no
HR0125,site2/train/video10frame034,EndoVis 2018,train,site2/train/video10,representative,q4.smoke,no,no,no,no
HR0125,site2/train/video10frame034,EndoVis 2018,train,site2/train/video10,representative,q4.occlusion,no,no,no,no
HR0125,site2/train/video10frame034,EndoVis 2018,train,site2/train/video10,representative,q5,clear,clear,clear,clear
HR0125,site2/train/video10frame034,EndoVis 2018,train,site2/train/video10,representative,q6,yes,no,yes,no
HR0125,site2/train/video10frame034,EndoVis 2018,train,site2/train/video10,representative,q7,yes,yes,yes,yes
HR0125,site2/train/video10frame034,EndoVis 2018,train,site2/train/video10,representative,q9,none,none,none,none
HR0126,site2/train/video10frame053,EndoVis 2018,train,site2/train/video10,representative,q4.bleeding,no,no,no,no
HR0126,site2/train/video10frame053,EndoVis 2018,train,site2/train/video10,representative,q4.smoke,no,no,no,no
HR0126,site2/train/video10frame053,EndoVis 2018,train,site2/train/video10,representative,q4.occlusion,no,no,no,no
HR0126,site2/train/video10frame053,EndoVis 2018,train,site2/train/video10,representative,q5,clear,clear,clear,clear
HR0126,site2/train/video10frame053,EndoVis 2018,train,site2/train/video10,representative,q6,no,no,no,no
HR0126,site2/train/video10frame053,EndoVis 2018,train,site2/train/video10,representative,q7,yes,yes,yes,yes
HR0126,site2/train/video10frame053,EndoVis 2018,train,site2/train/video10,representative,q9,none,none,none,none
HR0127,site2/train/video10frame057,EndoVis 2018,train,site2/train/video10,representative,q4.bleeding,no,no,no,no
HR0127,site2/train/video10frame057,EndoVis 2018,train,site2/train/video10,representative,q4.smoke,no,no,no,no
HR0127,site2/train/video10frame057,EndoVis 2018,train,site2/train/video10,representative,q4.occlusion,no,no,no,no
HR0127,site2/train/video10frame057,EndoVis 2018,train,site2/train/video10,representative,q5,clear,clear,clear,clear
HR0127,site2/train/video10frame057,EndoVis 2018,train,site2/train/video10,representative,q6,no,no,no,no
HR0127,site2/train/video10frame057,EndoVis 2018,train,site2/train/video10,representative,q7,yes,yes,yes,yes
HR0127,site2/train/video10frame057,EndoVis 2018,train,site2/train/video10,representative,q9,none,none,none,none
HR0128,site2/train/video10frame084,EndoVis 2018,train,site2/train/video10,representative,q4.bleeding,no,no,no,no
HR0128,site2/train/video10frame084,EndoVis 2018,train,site2/train/video10,representative,q4.smoke,no,no,no,no
HR0128,site2/train/video10frame084,EndoVis 2018,train,site2/train/video10,representative,q4.occlusion,no,yes,no,yes
HR0128,site2/train/video10frame084,EndoVis 2018,train,site2/train/video10,representative,q5,clear,clear,clear,clear
HR0128,site2/train/video10frame084,EndoVis 2018,train,site2/train/video10,representative,q6,no,no,no,no
HR0128,site2/train/video10frame084,EndoVis 2018,train,site2/train/video10,representative,q7,yes,yes,yes,yes
HR0128,site2/train/video10frame084,EndoVis 2018,train,site2/train/video10,representative,q9,none,none,none,none
HR0129,site2/train/video10frame112,EndoVis 2018,train,site2/train/video10,representative,q4.bleeding,no,no,no,no
HR0129,site2/train/video10frame112,EndoVis 2018,train,site2/train/video10,representative,q4.smoke,no,no,no,no
HR0129,site2/train/video10frame112,EndoVis 2018,train,site2/train/video10,representative,q4.occlusion,no,no,no,no
HR0129,site2/train/video10frame112,EndoVis 2018,train,site2/train/video10,representative,q5,clear,clear,clear,clear
HR0129,site2/train/video10frame112,EndoVis 2018,train,site2/train/video10,representative,q6,no,no,no,no
HR0129,site2/train/video10frame112,EndoVis 2018,train,site2/train/video10,representative,q7,yes,yes,yes,yes
HR0129,site2/train/video10frame112,EndoVis 2018,train,site2/train/video10,representative,q9,none,none,none,none
HR0130,site2/train/video10frame128,EndoVis 2018,train,site2/train/video10,representative,q4.bleeding,no,no,no,no
HR0130,site2/train/video10frame128,EndoVis 2018,train,site2/train/video10,representative,q4.smoke,no,no,no,no
HR0130,site2/train/video10frame128,EndoVis 2018,train,site2/train/video10,representative,q4.occlusion,no,no,no,no
HR0130,site2/train/video10frame128,EndoVis 2018,train,site2/train/video10,representative,q5,reflective,clear,degraded,clear
HR0130,site2/train/video10frame128,EndoVis 2018,train,site2/train/video10,representative,q6,yes,no,yes,no
HR0130,site2/train/video10frame128,EndoVis 2018,train,site2/train/video10,representative,q7,yes,yes,yes,yes
HR0130,site2/train/video10frame128,EndoVis 2018,train,site2/train/video10,representative,q9,none,none,none,none
HR0131,site2/train/video10frame143,EndoVis 2018,train,site2/train/video10,representative,q4.bleeding,no,no,no,no
HR0131,site2/train/video10frame143,EndoVis 2018,train,site2/train/video10,representative,q4.smoke,no,no,no,no
HR0131,site2/train/video10frame143,EndoVis 2018,train,site2/train/video10,representative,q4.occlusion,no,no,no,no
HR0131,site2/train/video10frame143,EndoVis 2018,train,site2/train/video10,representative,q5,clear,clear,clear,clear
HR0131,site2/train/video10frame143,EndoVis 2018,train,site2/train/video10,representative,q6,no,no,no,no
HR0131,site2/train/video10frame143,EndoVis 2018,train,site2/train/video10,representative,q7,yes,yes,yes,yes
HR0131,site2/train/video10frame143,EndoVis 2018,train,site2/train/video10,representative,q9,none,none,none,none
HR0132,site2/train/video11frame004,EndoVis 2018,train,site2/train/video11,representative,q4.bleeding,no,no,no,no
HR0132,site2/train/video11frame004,EndoVis 2018,train,site2/train/video11,representative,q4.smoke,no,no,no,no
HR0132,site2/train/video11frame004,EndoVis 2018,train,site2/train/video11,representative,q4.occlusion,no,no,no,no
HR0132,site2/train/video11frame004,EndoVis 2018,train,site2/train/video11,representative,q5,clear,clear,clear,clear
HR0132,site2/train/video11frame004,EndoVis 2018,train,site2/train/video11,representative,q6,no,no,no,no
HR0132,site2/train/video11frame004,EndoVis 2018,train,site2/train/video11,representative,q7,yes,yes,yes,yes
HR0132,site2/train/video11frame004,EndoVis 2018,train,site2/train/video11,representative,q9,none,none,none,none
HR0133,site2/train/video11frame025,EndoVis 2018,train,site2/train/video11,representative,q4.bleeding,no,yes,no,yes
HR0133,site2/train/video11frame025,EndoVis 2018,train,site2/train/video11,representative,q4.smoke,no,no,no,no
HR0133,site2/train/video11frame025,EndoVis 2018,train,site2/train/video11,representative,q4.occlusion,no,no,no,no
HR0133,site2/train/video11frame025,EndoVis 2018,train,site2/train/video11,representative,q5,clear,clear,clear,clear
HR0133,site2/train/video11frame025,EndoVis 2018,train,site2/train/video11,representative,q6,yes,no,yes,no
HR0133,site2/train/video11frame025,EndoVis 2018,train,site2/train/video11,representative,q7,yes,yes,yes,yes
HR0133,site2/train/video11frame025,EndoVis 2018,train,site2/train/video11,representative,q9,none,none,none,none
HR0134,site2/train/video11frame043,EndoVis 2018,train,site2/train/video11,challenge,q4.bleeding,no,no,no,no
HR0134,site2/train/video11frame043,EndoVis 2018,train,site2/train/video11,challenge,q4.smoke,no,yes,no,yes
HR0134,site2/train/video11frame043,EndoVis 2018,train,site2/train/video11,challenge,q4.occlusion,no,no,no,no
HR0134,site2/train/video11frame043,EndoVis 2018,train,site2/train/video11,challenge,q5,clear,clear,clear,clear
HR0134,site2/train/video11frame043,EndoVis 2018,train,site2/train/video11,challenge,q6,no,no,no,no
HR0134,site2/train/video11frame043,EndoVis 2018,train,site2/train/video11,challenge,q7,yes,yes,yes,yes
HR0134,site2/train/video11frame043,EndoVis 2018,train,site2/train/video11,challenge,q9,none,none,none,none
HR0135,site2/train/video11frame045,EndoVis 2018,train,site2/train/video11,challenge,q4.bleeding,no,no,no,no
HR0135,site2/train/video11frame045,EndoVis 2018,train,site2/train/video11,challenge,q4.smoke,no,yes,no,yes
HR0135,site2/train/video11frame045,EndoVis 2018,train,site2/train/video11,challenge,q4.occlusion,no,yes,no,yes
HR0135,site2/train/video11frame045,EndoVis 2018,train,site2/train/video11,challenge,q5,clear,mixed,clear,degraded
HR0135,site2/train/video11frame045,EndoVis 2018,train,site2/train/video11,challenge,q6,no,yes,no,yes
HR0135,site2/train/video11frame045,EndoVis 2018,train,site2/train/video11,challenge,q7,yes,no,yes,no
HR0135,site2/train/video11frame045,EndoVis 2018,train,site2/train/video11,challenge,q9,none,none,none,none
HR0136,site2/train/video11frame055,EndoVis 2018,train,site2/train/video11,representative,q4.bleeding,no,no,no,no
HR0136,site2/train/video11frame055,EndoVis 2018,train,site2/train/video11,representative,q4.smoke,no,no,no,no
HR0136,site2/train/video11frame055,EndoVis 2018,train,site2/train/video11,representative,q4.occlusion,no,no,no,no
HR0136,site2/train/video11frame055,EndoVis 2018,train,site2/train/video11,representative,q5,reflective,clear,degraded,clear
HR0136,site2/train/video11frame055,EndoVis 2018,train,site2/train/video11,representative,q6,no,no,no,no
HR0136,site2/train/video11frame055,EndoVis 2018,train,site2/train/video11,representative,q7,yes,yes,yes,yes
HR0136,site2/train/video11frame055,EndoVis 2018,train,site2/train/video11,representative,q9,none,none,none,none
HR0137,site2/train/video11frame062,EndoVis 2018,train,site2/train/video11,representative,q4.bleeding,no,no,no,no
HR0137,site2/train/video11frame062,EndoVis 2018,train,site2/train/video11,representative,q4.smoke,no,no,no,no
HR0137,site2/train/video11frame062,EndoVis 2018,train,site2/train/video11,representative,q4.occlusion,no,yes,no,yes
HR0137,site2/train/video11frame062,EndoVis 2018,train,site2/train/video11,representative,q5,reflective,blurry,degraded,degraded
HR0137,site2/train/video11frame062,EndoVis 2018,train,site2/train/video11,representative,q6,yes,no,yes,no
HR0137,site2/train/video11frame062,EndoVis 2018,train,site2/train/video11,representative,q7,yes,no,yes,no
HR0137,site2/train/video11frame062,EndoVis 2018,train,site2/train/video11,representative,q9,none,none,none,none
HR0138,site2/train/video11frame084,EndoVis 2018,train,site2/train/video11,representative,q4.bleeding,no,no,no,no
HR0138,site2/train/video11frame084,EndoVis 2018,train,site2/train/video11,representative,q4.smoke,yes,no,yes,no
HR0138,site2/train/video11frame084,EndoVis 2018,train,site2/train/video11,representative,q4.occlusion,no,yes,no,yes
HR0138,site2/train/video11frame084,EndoVis 2018,train,site2/train/video11,representative,q5,clear,clear,clear,clear
HR0138,site2/train/video11frame084,EndoVis 2018,train,site2/train/video11,representative,q6,no,no,no,no
HR0138,site2/train/video11frame084,EndoVis 2018,train,site2/train/video11,representative,q7,yes,yes,yes,yes
HR0138,site2/train/video11frame084,EndoVis 2018,train,site2/train/video11,representative,q9,multiple,none,smoke present,none
HR0139,site2/train/video11frame086,EndoVis 2018,train,site2/train/video11,challenge,q4.bleeding,no,no,no,no
HR0139,site2/train/video11frame086,EndoVis 2018,train,site2/train/video11,challenge,q4.smoke,yes,yes,yes,yes
HR0139,site2/train/video11frame086,EndoVis 2018,train,site2/train/video11,challenge,q4.occlusion,no,no,no,no
HR0139,site2/train/video11frame086,EndoVis 2018,train,site2/train/video11,challenge,q5,clear,blurry,clear,degraded
HR0139,site2/train/video11frame086,EndoVis 2018,train,site2/train/video11,challenge,q6,no,yes,no,yes
HR0139,site2/train/video11frame086,EndoVis 2018,train,site2/train/video11,challenge,q7,yes,no,yes,no
HR0139,site2/train/video11frame086,EndoVis 2018,train,site2/train/video11,challenge,q9,multiple,none,smoke present,none
HR0140,site2/train/video11frame087,EndoVis 2018,train,site2/train/video11,challenge,q4.bleeding,no,no,no,no
HR0140,site2/train/video11frame087,EndoVis 2018,train,site2/train/video11,challenge,q4.smoke,yes,yes,yes,yes
HR0140,site2/train/video11frame087,EndoVis 2018,train,site2/train/video11,challenge,q4.occlusion,no,no,no,no
HR0140,site2/train/video11frame087,EndoVis 2018,train,site2/train/video11,challenge,q5,clear,blurry,clear,degraded
HR0140,site2/train/video11frame087,EndoVis 2018,train,site2/train/video11,challenge,q6,no,no,no,no
HR0140,site2/train/video11frame087,EndoVis 2018,train,site2/train/video11,challenge,q7,yes,no,yes,no
HR0140,site2/train/video11frame087,EndoVis 2018,train,site2/train/video11,challenge,q9,multiple,none,smoke present,none
HR0141,site2/train/video11frame088,EndoVis 2018,train,site2/train/video11,challenge,q4.bleeding,no,no,no,no
HR0141,site2/train/video11frame088,EndoVis 2018,train,site2/train/video11,challenge,q4.smoke,yes,yes,yes,yes
HR0141,site2/train/video11frame088,EndoVis 2018,train,site2/train/video11,challenge,q4.occlusion,no,no,no,no
HR0141,site2/train/video11frame088,EndoVis 2018,train,site2/train/video11,challenge,q5,clear,blurry,clear,degraded
HR0141,site2/train/video11frame088,EndoVis 2018,train,site2/train/video11,challenge,q6,no,yes,no,yes
HR0141,site2/train/video11frame088,EndoVis 2018,train,site2/train/video11,challenge,q7,yes,no,yes,no
HR0141,site2/train/video11frame088,EndoVis 2018,train,site2/train/video11,challenge,q9,multiple,none,smoke present,none
HR0142,site2/train/video11frame106,EndoVis 2018,train,site2/train/video11,representative,q4.bleeding,no,no,no,no
HR0142,site2/train/video11frame106,EndoVis 2018,train,site2/train/video11,representative,q4.smoke,no,no,no,no
HR0142,site2/train/video11frame106,EndoVis 2018,train,site2/train/video11,representative,q4.occlusion,no,no,no,no
HR0142,site2/train/video11frame106,EndoVis 2018,train,site2/train/video11,representative,q5,clear,clear,clear,clear
HR0142,site2/train/video11frame106,EndoVis 2018,train,site2/train/video11,representative,q6,no,no,no,no
HR0142,site2/train/video11frame106,EndoVis 2018,train,site2/train/video11,representative,q7,yes,yes,yes,yes
HR0142,site2/train/video11frame106,EndoVis 2018,train,site2/train/video11,representative,q9,none,none,none,none
HR0143,site2/train/video11frame124,EndoVis 2018,train,site2/train/video11,representative,q4.bleeding,no,no,no,no
HR0143,site2/train/video11frame124,EndoVis 2018,train,site2/train/video11,representative,q4.smoke,no,no,no,no
HR0143,site2/train/video11frame124,EndoVis 2018,train,site2/train/video11,representative,q4.occlusion,no,no,no,no
HR0143,site2/train/video11frame124,EndoVis 2018,train,site2/train/video11,representative,q5,clear,clear,clear,clear
HR0143,site2/train/video11frame124,EndoVis 2018,train,site2/train/video11,representative,q6,no,no,no,no
HR0143,site2/train/video11frame124,EndoVis 2018,train,site2/train/video11,representative,q7,yes,yes,yes,yes
HR0143,site2/train/video11frame124,EndoVis 2018,train,site2/train/video11,representative,q9,none,none,none,none
HR0144,site2/train/video11frame137,EndoVis 2018,train,site2/train/video11,representative,q4.bleeding,no,no,no,no
HR0144,site2/train/video11frame137,EndoVis 2018,train,site2/train/video11,representative,q4.smoke,no,no,no,no
HR0144,site2/train/video11frame137,EndoVis 2018,train,site2/train/video11,representative,q4.occlusion,no,no,no,no
HR0144,site2/train/video11frame137,EndoVis 2018,train,site2/train/video11,representative,q5,clear,clear,clear,clear
HR0144,site2/train/video11frame137,EndoVis 2018,train,site2/train/video11,representative,q6,no,no,no,no
HR0144,site2/train/video11frame137,EndoVis 2018,train,site2/train/video11,representative,q7,yes,yes,yes,yes
HR0144,site2/train/video11frame137,EndoVis 2018,train,site2/train/video11,representative,q9,none,none,none,none
HR0145,site2/train/video12frame006,EndoVis 2018,train,site2/train/video12,representative,q4.bleeding,no,no,no,no
HR0145,site2/train/video12frame006,EndoVis 2018,train,site2/train/video12,representative,q4.smoke,no,no,no,no
HR0145,site2/train/video12frame006,EndoVis 2018,train,site2/train/video12,representative,q4.occlusion,no,no,no,no
HR0145,site2/train/video12frame006,EndoVis 2018,train,site2/train/video12,representative,q5,clear,clear,clear,clear
HR0145,site2/train/video12frame006,EndoVis 2018,train,site2/train/video12,representative,q6,no,no,no,no
HR0145,site2/train/video12frame006,EndoVis 2018,train,site2/train/video12,representative,q7,yes,yes,yes,yes
HR0145,site2/train/video12frame006,EndoVis 2018,train,site2/train/video12,representative,q9,none,none,none,none
HR0146,site2/train/video12frame011,EndoVis 2018,train,site2/train/video12,challenge,q4.bleeding,no,no,no,no
HR0146,site2/train/video12frame011,EndoVis 2018,train,site2/train/video12,challenge,q4.smoke,yes,yes,yes,yes
HR0146,site2/train/video12frame011,EndoVis 2018,train,site2/train/video12,challenge,q4.occlusion,no,no,no,no
HR0146,site2/train/video12frame011,EndoVis 2018,train,site2/train/video12,challenge,q5,clear,clear,clear,clear
HR0146,site2/train/video12frame011,EndoVis 2018,train,site2/train/video12,challenge,q6,yes,no,yes,no
HR0146,site2/train/video12frame011,EndoVis 2018,train,site2/train/video12,challenge,q7,yes,yes,yes,yes
HR0146,site2/train/video12frame011,EndoVis 2018,train,site2/train/video12,challenge,q9,multiple,none,smoke present,none
HR0147,site2/train/video12frame013,EndoVis 2018,train,site2/train/video12,challenge,q4.bleeding,no,no,no,no
HR0147,site2/train/video12frame013,EndoVis 2018,train,site2/train/video12,challenge,q4.smoke,yes,yes,yes,yes
HR0147,site2/train/video12frame013,EndoVis 2018,train,site2/train/video12,challenge,q4.occlusion,no,no,no,no
HR0147,site2/train/video12frame013,EndoVis 2018,train,site2/train/video12,challenge,q5,clear,mixed,clear,degraded
HR0147,site2/train/video12frame013,EndoVis 2018,train,site2/train/video12,challenge,q6,yes,yes,yes,yes
HR0147,site2/train/video12frame013,EndoVis 2018,train,site2/train/video12,challenge,q7,yes,no,yes,no
HR0147,site2/train/video12frame013,EndoVis 2018,train,site2/train/video12,challenge,q9,multiple,none,smoke present,none
HR0148,site2/train/video12frame014,EndoVis 2018,train,site2/train/video12,challenge,q4.bleeding,no,no,no,no
HR0148,site2/train/video12frame014,EndoVis 2018,train,site2/train/video12,challenge,q4.smoke,yes,yes,yes,yes
HR0148,site2/train/video12frame014,EndoVis 2018,train,site2/train/video12,challenge,q4.occlusion,no,no,no,no
HR0148,site2/train/video12frame014,EndoVis 2018,train,site2/train/video12,challenge,q5,clear,clear,clear,clear
HR0148,site2/train/video12frame014,EndoVis 2018,train,site2/train/video12,challenge,q6,yes,no,yes,no
HR0148,site2/train/video12frame014,EndoVis 2018,train,site2/train/video12,challenge,q7,yes,yes,yes,yes
HR0148,site2/train/video12frame014,EndoVis 2018,train,site2/train/video12,challenge,q9,multiple,none,smoke present,none
HR0149,site2/train/video12frame023,EndoVis 2018,train,site2/train/video12,representative,q4.bleeding,no,no,no,no
HR0149,site2/train/video12frame023,EndoVis 2018,train,site2/train/video12,representative,q4.smoke,no,no,no,no
HR0149,site2/train/video12frame023,EndoVis 2018,train,site2/train/video12,representative,q4.occlusion,no,no,no,no
HR0149,site2/train/video12frame023,EndoVis 2018,train,site2/train/video12,representative,q5,clear,clear,clear,clear
HR0149,site2/train/video12frame023,EndoVis 2018,train,site2/train/video12,representative,q6,yes,no,yes,no
HR0149,site2/train/video12frame023,EndoVis 2018,train,site2/train/video12,representative,q7,yes,yes,yes,yes
HR0149,site2/train/video12frame023,EndoVis 2018,train,site2/train/video12,representative,q9,none,none,none,none
HR0150,site2/train/video12frame030,EndoVis 2018,train,site2/train/video12,challenge,q4.bleeding,no,no,no,no
HR0150,site2/train/video12frame030,EndoVis 2018,train,site2/train/video12,challenge,q4.smoke,yes,yes,yes,yes
HR0150,site2/train/video12frame030,EndoVis 2018,train,site2/train/video12,challenge,q4.occlusion,no,no,no,no
HR0150,site2/train/video12frame030,EndoVis 2018,train,site2/train/video12,challenge,q5,clear,clear,clear,clear
HR0150,site2/train/video12frame030,EndoVis 2018,train,site2/train/video12,challenge,q6,no,no,no,no
HR0150,site2/train/video12frame030,EndoVis 2018,train,site2/train/video12,challenge,q7,yes,yes,yes,yes
HR0150,site2/train/video12frame030,EndoVis 2018,train,site2/train/video12,challenge,q9,center,near instrument jaws,smoke present,smoke present
HR0151,site2/train/video12frame034,EndoVis 2018,train,site2/train/video12,challenge,q4.bleeding,no,no,no,no
HR0151,site2/train/video12frame034,EndoVis 2018,train,site2/train/video12,challenge,q4.smoke,no,yes,no,yes
HR0151,site2/train/video12frame034,EndoVis 2018,train,site2/train/video12,challenge,q4.occlusion,no,no,no,no
HR0151,site2/train/video12frame034,EndoVis 2018,train,site2/train/video12,challenge,q5,clear,clear,clear,clear
HR0151,site2/train/video12frame034,EndoVis 2018,train,site2/train/video12,challenge,q6,yes,no,yes,no
HR0151,site2/train/video12frame034,EndoVis 2018,train,site2/train/video12,challenge,q7,yes,yes,yes,yes
HR0151,site2/train/video12frame034,EndoVis 2018,train,site2/train/video12,challenge,q9,none,none,none,none
HR0152,site2/train/video12frame035,EndoVis 2018,train,site2/train/video12,challenge,q4.bleeding,no,yes,no,yes
HR0152,site2/train/video12frame035,EndoVis 2018,train,site2/train/video12,challenge,q4.smoke,yes,yes,yes,yes
HR0152,site2/train/video12frame035,EndoVis 2018,train,site2/train/video12,challenge,q4.occlusion,no,no,no,no
HR0152,site2/train/video12frame035,EndoVis 2018,train,site2/train/video12,challenge,q5,clear,mixed,clear,degraded
HR0152,site2/train/video12frame035,EndoVis 2018,train,site2/train/video12,challenge,q6,yes,yes,yes,yes
HR0152,site2/train/video12frame035,EndoVis 2018,train,site2/train/video12,challenge,q7,yes,no,yes,no
HR0152,site2/train/video12frame035,EndoVis 2018,train,site2/train/video12,challenge,q9,multiple,near instrument jaws,smoke present,smoke present
HR0153,site2/train/video12frame036,EndoVis 2018,train,site2/train/video12,challenge,q4.bleeding,no,yes,no,yes
HR0153,site2/train/video12frame036,EndoVis 2018,train,site2/train/video12,challenge,q4.smoke,yes,yes,yes,yes
HR0153,site2/train/video12frame036,EndoVis 2018,train,site2/train/video12,challenge,q4.occlusion,no,no,no,no
HR0153,site2/train/video12frame036,EndoVis 2018,train,site2/train/video12,challenge,q5,clear,mixed,clear,degraded
HR0153,site2/train/video12frame036,EndoVis 2018,train,site2/train/video12,challenge,q6,yes,yes,yes,yes
HR0153,site2/train/video12frame036,EndoVis 2018,train,site2/train/video12,challenge,q7,yes,no,yes,no
HR0153,site2/train/video12frame036,EndoVis 2018,train,site2/train/video12,challenge,q9,multiple,none,smoke present,none
HR0154,site2/train/video12frame038,EndoVis 2018,train,site2/train/video12,challenge,q4.bleeding,no,no,no,no
HR0154,site2/train/video12frame038,EndoVis 2018,train,site2/train/video12,challenge,q4.smoke,no,yes,no,yes
HR0154,site2/train/video12frame038,EndoVis 2018,train,site2/train/video12,challenge,q4.occlusion,no,no,no,no
HR0154,site2/train/video12frame038,EndoVis 2018,train,site2/train/video12,challenge,q5,clear,clear,clear,clear
HR0154,site2/train/video12frame038,EndoVis 2018,train,site2/train/video12,challenge,q6,no,no,no,no
HR0154,site2/train/video12frame038,EndoVis 2018,train,site2/train/video12,challenge,q7,yes,yes,yes,yes
HR0154,site2/train/video12frame038,EndoVis 2018,train,site2/train/video12,challenge,q9,none,none,none,none
HR0155,site2/train/video12frame044,EndoVis 2018,train,site2/train/video12,representative,q4.bleeding,no,yes,no,yes
HR0155,site2/train/video12frame044,EndoVis 2018,train,site2/train/video12,representative,q4.smoke,yes,no,yes,no
HR0155,site2/train/video12frame044,EndoVis 2018,train,site2/train/video12,representative,q4.occlusion,no,no,no,no
HR0155,site2/train/video12frame044,EndoVis 2018,train,site2/train/video12,representative,q5,clear,clear,clear,clear
HR0155,site2/train/video12frame044,EndoVis 2018,train,site2/train/video12,representative,q6,no,no,no,no
HR0155,site2/train/video12frame044,EndoVis 2018,train,site2/train/video12,representative,q7,yes,yes,yes,yes
HR0155,site2/train/video12frame044,EndoVis 2018,train,site2/train/video12,representative,q9,multiple,none,smoke present,none
HR0156,site2/train/video12frame052,EndoVis 2018,train,site2/train/video12,challenge,q4.bleeding,no,no,no,no
HR0156,site2/train/video12frame052,EndoVis 2018,train,site2/train/video12,challenge,q4.smoke,yes,yes,yes,yes
HR0156,site2/train/video12frame052,EndoVis 2018,train,site2/train/video12,challenge,q4.occlusion,yes,yes,yes,yes
HR0156,site2/train/video12frame052,EndoVis 2018,train,site2/train/video12,challenge,q5,clear,blurry,clear,degraded
HR0156,site2/train/video12frame052,EndoVis 2018,train,site2/train/video12,challenge,q6,no,yes,no,yes
HR0156,site2/train/video12frame052,EndoVis 2018,train,site2/train/video12,challenge,q7,yes,no,yes,no
HR0156,site2/train/video12frame052,EndoVis 2018,train,site2/train/video12,challenge,q9,center,none,smoke present,none
HR0157,site2/train/video12frame053,EndoVis 2018,train,site2/train/video12,challenge,q4.bleeding,no,no,no,no
HR0157,site2/train/video12frame053,EndoVis 2018,train,site2/train/video12,challenge,q4.smoke,no,yes,no,yes
HR0157,site2/train/video12frame053,EndoVis 2018,train,site2/train/video12,challenge,q4.occlusion,no,no,no,no
HR0157,site2/train/video12frame053,EndoVis 2018,train,site2/train/video12,challenge,q5,clear,clear,clear,clear
HR0157,site2/train/video12frame053,EndoVis 2018,train,site2/train/video12,challenge,q6,no,no,no,no
HR0157,site2/train/video12frame053,EndoVis 2018,train,site2/train/video12,challenge,q7,yes,yes,yes,yes
HR0157,site2/train/video12frame053,EndoVis 2018,train,site2/train/video12,challenge,q9,none,none,none,none
HR0158,site2/train/video12frame067,EndoVis 2018,train,site2/train/video12,representative,q4.bleeding,no,yes,no,yes
HR0158,site2/train/video12frame067,EndoVis 2018,train,site2/train/video12,representative,q4.smoke,no,no,no,no
HR0158,site2/train/video12frame067,EndoVis 2018,train,site2/train/video12,representative,q4.occlusion,no,no,no,no
HR0158,site2/train/video12frame067,EndoVis 2018,train,site2/train/video12,representative,q5,clear,clear,clear,clear
HR0158,site2/train/video12frame067,EndoVis 2018,train,site2/train/video12,representative,q6,no,no,no,no
HR0158,site2/train/video12frame067,EndoVis 2018,train,site2/train/video12,representative,q7,yes,yes,yes,yes
HR0158,site2/train/video12frame067,EndoVis 2018,train,site2/train/video12,representative,q9,none,none,none,none
HR0159,site2/train/video12frame069,EndoVis 2018,train,site2/train/video12,challenge,q4.bleeding,no,no,no,no
HR0159,site2/train/video12frame069,EndoVis 2018,train,site2/train/video12,challenge,q4.smoke,yes,yes,yes,yes
HR0159,site2/train/video12frame069,EndoVis 2018,train,site2/train/video12,challenge,q4.occlusion,no,no,no,no
HR0159,site2/train/video12frame069,EndoVis 2018,train,site2/train/video12,challenge,q5,clear,clear,clear,clear
HR0159,site2/train/video12frame069,EndoVis 2018,train,site2/train/video12,challenge,q6,no,no,no,no
HR0159,site2/train/video12frame069,EndoVis 2018,train,site2/train/video12,challenge,q7,yes,yes,yes,yes
HR0159,site2/train/video12frame069,EndoVis 2018,train,site2/train/video12,challenge,q9,multiple,none,smoke present,none
HR0160,site2/train/video12frame072,EndoVis 2018,train,site2/train/video12,challenge,q4.bleeding,no,yes,no,yes
HR0160,site2/train/video12frame072,EndoVis 2018,train,site2/train/video12,challenge,q4.smoke,no,yes,no,yes
HR0160,site2/train/video12frame072,EndoVis 2018,train,site2/train/video12,challenge,q4.occlusion,no,no,no,no
HR0160,site2/train/video12frame072,EndoVis 2018,train,site2/train/video12,challenge,q5,clear,blurry,clear,degraded
HR0160,site2/train/video12frame072,EndoVis 2018,train,site2/train/video12,challenge,q6,yes,yes,yes,yes
HR0160,site2/train/video12frame072,EndoVis 2018,train,site2/train/video12,challenge,q7,yes,no,yes,no
HR0160,site2/train/video12frame072,EndoVis 2018,train,site2/train/video12,challenge,q9,none,none,none,none
HR0161,site2/train/video12frame091,EndoVis 2018,train,site2/train/video12,challenge,q4.bleeding,no,no,no,no
HR0161,site2/train/video12frame091,EndoVis 2018,train,site2/train/video12,challenge,q4.smoke,yes,yes,yes,yes
HR0161,site2/train/video12frame091,EndoVis 2018,train,site2/train/video12,challenge,q4.occlusion,no,no,no,no
HR0161,site2/train/video12frame091,EndoVis 2018,train,site2/train/video12,challenge,q5,clear,clear,clear,clear
HR0161,site2/train/video12frame091,EndoVis 2018,train,site2/train/video12,challenge,q6,yes,no,yes,no
HR0161,site2/train/video12frame091,EndoVis 2018,train,site2/train/video12,challenge,q7,yes,yes,yes,yes
HR0161,site2/train/video12frame091,EndoVis 2018,train,site2/train/video12,challenge,q9,multiple,none,smoke present,none
HR0162,site2/train/video12frame092,EndoVis 2018,train,site2/train/video12,representative,q4.bleeding,no,no,no,no
HR0162,site2/train/video12frame092,EndoVis 2018,train,site2/train/video12,representative,q4.smoke,no,no,no,no
HR0162,site2/train/video12frame092,EndoVis 2018,train,site2/train/video12,representative,q4.occlusion,no,yes,no,yes
HR0162,site2/train/video12frame092,EndoVis 2018,train,site2/train/video12,representative,q5,clear,clear,clear,clear
HR0162,site2/train/video12frame092,EndoVis 2018,train,site2/train/video12,representative,q6,no,no,no,no
HR0162,site2/train/video12frame092,EndoVis 2018,train,site2/train/video12,representative,q7,yes,yes,yes,yes
HR0162,site2/train/video12frame092,EndoVis 2018,train,site2/train/video12,representative,q9,none,none,none,none
HR0163,site2/train/video12frame095,EndoVis 2018,train,site2/train/video12,challenge,q4.bleeding,no,no,no,no
HR0163,site2/train/video12frame095,EndoVis 2018,train,site2/train/video12,challenge,q4.smoke,no,yes,no,yes
HR0163,site2/train/video12frame095,EndoVis 2018,train,site2/train/video12,challenge,q4.occlusion,no,no,no,no
HR0163,site2/train/video12frame095,EndoVis 2018,train,site2/train/video12,challenge,q5,clear,clear,clear,clear
HR0163,site2/train/video12frame095,EndoVis 2018,train,site2/train/video12,challenge,q6,no,no,no,no
HR0163,site2/train/video12frame095,EndoVis 2018,train,site2/train/video12,challenge,q7,yes,yes,yes,yes
HR0163,site2/train/video12frame095,EndoVis 2018,train,site2/train/video12,challenge,q9,none,none,none,none
HR0164,site2/train/video12frame111,EndoVis 2018,train,site2/train/video12,representative,q4.bleeding,no,yes,no,yes
HR0164,site2/train/video12frame111,EndoVis 2018,train,site2/train/video12,representative,q4.smoke,no,no,no,no
HR0164,site2/train/video12frame111,EndoVis 2018,train,site2/train/video12,representative,q4.occlusion,no,no,no,no
HR0164,site2/train/video12frame111,EndoVis 2018,train,site2/train/video12,representative,q5,reflective,blurry,degraded,degraded
HR0164,site2/train/video12frame111,EndoVis 2018,train,site2/train/video12,representative,q6,yes,no,yes,no
HR0164,site2/train/video12frame111,EndoVis 2018,train,site2/train/video12,representative,q7,yes,no,yes,no
HR0164,site2/train/video12frame111,EndoVis 2018,train,site2/train/video12,representative,q9,none,none,none,none
HR0165,site2/train/video12frame130,EndoVis 2018,train,site2/train/video12,representative,q4.bleeding,no,no,no,no
HR0165,site2/train/video12frame130,EndoVis 2018,train,site2/train/video12,representative,q4.smoke,no,no,no,no
HR0165,site2/train/video12frame130,EndoVis 2018,train,site2/train/video12,representative,q4.occlusion,no,no,no,no
HR0165,site2/train/video12frame130,EndoVis 2018,train,site2/train/video12,representative,q5,blurry,clear,degraded,clear
HR0165,site2/train/video12frame130,EndoVis 2018,train,site2/train/video12,representative,q6,yes,no,yes,no
HR0165,site2/train/video12frame130,EndoVis 2018,train,site2/train/video12,representative,q7,yes,yes,yes,yes
HR0165,site2/train/video12frame130,EndoVis 2018,train,site2/train/video12,representative,q9,none,none,none,none
HR0166,site2/train/video12frame141,EndoVis 2018,train,site2/train/video12,representative,q4.bleeding,no,yes,no,yes
HR0166,site2/train/video12frame141,EndoVis 2018,train,site2/train/video12,representative,q4.smoke,no,no,no,no
HR0166,site2/train/video12frame141,EndoVis 2018,train,site2/train/video12,representative,q4.occlusion,no,no,no,no
HR0166,site2/train/video12frame141,EndoVis 2018,train,site2/train/video12,representative,q5,clear,clear,clear,clear
HR0166,site2/train/video12frame141,EndoVis 2018,train,site2/train/video12,representative,q6,no,no,no,no
HR0166,site2/train/video12frame141,EndoVis 2018,train,site2/train/video12,representative,q7,yes,yes,yes,yes
HR0166,site2/train/video12frame141,EndoVis 2018,train,site2/train/video12,representative,q9,none,none,none,none
HR0167,site2/train/video13frame006,EndoVis 2018,train,site2/train/video13,representative,q4.bleeding,no,no,no,no
HR0167,site2/train/video13frame006,EndoVis 2018,train,site2/train/video13,representative,q4.smoke,no,no,no,no
HR0167,site2/train/video13frame006,EndoVis 2018,train,site2/train/video13,representative,q4.occlusion,no,yes,no,yes
HR0167,site2/train/video13frame006,EndoVis 2018,train,site2/train/video13,representative,q5,clear,blurry,clear,degraded
HR0167,site2/train/video13frame006,EndoVis 2018,train,site2/train/video13,representative,q6,no,no,no,no
HR0167,site2/train/video13frame006,EndoVis 2018,train,site2/train/video13,representative,q7,yes,yes,yes,yes
HR0167,site2/train/video13frame006,EndoVis 2018,train,site2/train/video13,representative,q9,none,none,none,none
HR0168,site2/train/video13frame034,EndoVis 2018,train,site2/train/video13,representative,q4.bleeding,no,no,no,no
HR0168,site2/train/video13frame034,EndoVis 2018,train,site2/train/video13,representative,q4.smoke,no,no,no,no
HR0168,site2/train/video13frame034,EndoVis 2018,train,site2/train/video13,representative,q4.occlusion,no,no,no,no
HR0168,site2/train/video13frame034,EndoVis 2018,train,site2/train/video13,representative,q5,clear,clear,clear,clear
HR0168,site2/train/video13frame034,EndoVis 2018,train,site2/train/video13,representative,q6,yes,no,yes,no
HR0168,site2/train/video13frame034,EndoVis 2018,train,site2/train/video13,representative,q7,yes,yes,yes,yes
HR0168,site2/train/video13frame034,EndoVis 2018,train,site2/train/video13,representative,q9,none,none,none,none
HR0169,site2/train/video13frame044,EndoVis 2018,train,site2/train/video13,representative,q4.bleeding,no,no,no,no
HR0169,site2/train/video13frame044,EndoVis 2018,train,site2/train/video13,representative,q4.smoke,no,no,no,no
HR0169,site2/train/video13frame044,EndoVis 2018,train,site2/train/video13,representative,q4.occlusion,no,no,no,no
HR0169,site2/train/video13frame044,EndoVis 2018,train,site2/train/video13,representative,q5,clear,clear,clear,clear
HR0169,site2/train/video13frame044,EndoVis 2018,train,site2/train/video13,representative,q6,yes,yes,yes,yes
HR0169,site2/train/video13frame044,EndoVis 2018,train,site2/train/video13,representative,q7,yes,yes,yes,yes
HR0169,site2/train/video13frame044,EndoVis 2018,train,site2/train/video13,representative,q9,none,none,none,none
HR0170,site2/train/video13frame069,EndoVis 2018,train,site2/train/video13,representative,q4.bleeding,no,no,no,no
HR0170,site2/train/video13frame069,EndoVis 2018,train,site2/train/video13,representative,q4.smoke,no,no,no,no
HR0170,site2/train/video13frame069,EndoVis 2018,train,site2/train/video13,representative,q4.occlusion,no,no,no,no
HR0170,site2/train/video13frame069,EndoVis 2018,train,site2/train/video13,representative,q5,clear,clear,clear,clear
HR0170,site2/train/video13frame069,EndoVis 2018,train,site2/train/video13,representative,q6,no,no,no,no
HR0170,site2/train/video13frame069,EndoVis 2018,train,site2/train/video13,representative,q7,yes,yes,yes,yes
HR0170,site2/train/video13frame069,EndoVis 2018,train,site2/train/video13,representative,q9,none,none,none,none
HR0171,site2/train/video13frame077,EndoVis 2018,train,site2/train/video13,representative,q4.bleeding,no,no,no,no
HR0171,site2/train/video13frame077,EndoVis 2018,train,site2/train/video13,representative,q4.smoke,no,no,no,no
HR0171,site2/train/video13frame077,EndoVis 2018,train,site2/train/video13,representative,q4.occlusion,no,no,no,no
HR0171,site2/train/video13frame077,EndoVis 2018,train,site2/train/video13,representative,q5,clear,clear,clear,clear
HR0171,site2/train/video13frame077,EndoVis 2018,train,site2/train/video13,representative,q6,yes,no,yes,no
HR0171,site2/train/video13frame077,EndoVis 2018,train,site2/train/video13,representative,q7,yes,yes,yes,yes
HR0171,site2/train/video13frame077,EndoVis 2018,train,site2/train/video13,representative,q9,none,none,none,none
HR0172,site2/train/video13frame089,EndoVis 2018,train,site2/train/video13,challenge,q4.bleeding,no,no,no,no
HR0172,site2/train/video13frame089,EndoVis 2018,train,site2/train/video13,challenge,q4.smoke,no,no,no,no
HR0172,site2/train/video13frame089,EndoVis 2018,train,site2/train/video13,challenge,q4.occlusion,no,no,no,no
HR0172,site2/train/video13frame089,EndoVis 2018,train,site2/train/video13,challenge,q5,clear,blurry,clear,degraded
HR0172,site2/train/video13frame089,EndoVis 2018,train,site2/train/video13,challenge,q6,yes,yes,yes,yes
HR0172,site2/train/video13frame089,EndoVis 2018,train,site2/train/video13,challenge,q7,yes,no,yes,no
HR0172,site2/train/video13frame089,EndoVis 2018,train,site2/train/video13,challenge,q9,none,none,none,none
HR0173,site2/train/video13frame108,EndoVis 2018,train,site2/train/video13,representative,q4.bleeding,no,no,no,no
HR0173,site2/train/video13frame108,EndoVis 2018,train,site2/train/video13,representative,q4.smoke,no,no,no,no
HR0173,site2/train/video13frame108,EndoVis 2018,train,site2/train/video13,representative,q4.occlusion,no,no,no,no
HR0173,site2/train/video13frame108,EndoVis 2018,train,site2/train/video13,representative,q5,clear,blurry,clear,degraded
HR0173,site2/train/video13frame108,EndoVis 2018,train,site2/train/video13,representative,q6,no,no,no,no
HR0173,site2/train/video13frame108,EndoVis 2018,train,site2/train/video13,representative,q7,yes,no,yes,no
HR0173,site2/train/video13frame108,EndoVis 2018,train,site2/train/video13,representative,q9,none,none,none,none
HR0174,site2/train/video13frame122,EndoVis 2018,train,site2/train/video13,representative,q4.bleeding,no,yes,no,yes
HR0174,site2/train/video13frame122,EndoVis 2018,train,site2/train/video13,representative,q4.smoke,no,no,no,no
HR0174,site2/train/video13frame122,EndoVis 2018,train,site2/train/video13,representative,q4.occlusion,no,no,no,no
HR0174,site2/train/video13frame122,EndoVis 2018,train,site2/train/video13,representative,q5,clear,clear,clear,clear
HR0174,site2/train/video13frame122,EndoVis 2018,train,site2/train/video13,representative,q6,yes,no,yes,no
HR0174,site2/train/video13frame122,EndoVis 2018,train,site2/train/video13,representative,q7,yes,yes,yes,yes
HR0174,site2/train/video13frame122,EndoVis 2018,train,site2/train/video13,representative,q9,none,none,none,none
HR0175,site2/train/video13frame142,EndoVis 2018,train,site2/train/video13,representative,q4.bleeding,no,yes,no,yes
HR0175,site2/train/video13frame142,EndoVis 2018,train,site2/train/video13,representative,q4.smoke,no,no,no,no
HR0175,site2/train/video13frame142,EndoVis 2018,train,site2/train/video13,representative,q4.occlusion,no,no,no,no
HR0175,site2/train/video13frame142,EndoVis 2018,train,site2/train/video13,representative,q5,clear,clear,clear,clear
HR0175,site2/train/video13frame142,EndoVis 2018,train,site2/train/video13,representative,q6,yes,no,yes,no
HR0175,site2/train/video13frame142,EndoVis 2018,train,site2/train/video13,representative,q7,yes,yes,yes,yes
HR0175,site2/train/video13frame142,EndoVis 2018,train,site2/train/video13,representative,q9,none,none,none,none
HR0176,site2/train/video14frame015,EndoVis 2018,train,site2/train/video14,representative,q4.bleeding,no,yes,no,yes
HR0176,site2/train/video14frame015,EndoVis 2018,train,site2/train/video14,representative,q4.smoke,no,no,no,no
HR0176,site2/train/video14frame015,EndoVis 2018,train,site2/train/video14,representative,q4.occlusion,yes,yes,yes,yes
HR0176,site2/train/video14frame015,EndoVis 2018,train,site2/train/video14,representative,q5,clear,clear,clear,clear
HR0176,site2/train/video14frame015,EndoVis 2018,train,site2/train/video14,representative,q6,no,no,no,no
HR0176,site2/train/video14frame015,EndoVis 2018,train,site2/train/video14,representative,q7,yes,yes,yes,yes
HR0176,site2/train/video14frame015,EndoVis 2018,train,site2/train/video14,representative,q9,none,none,none,none
HR0177,site2/train/video14frame028,EndoVis 2018,train,site2/train/video14,representative,q4.bleeding,no,no,no,no
HR0177,site2/train/video14frame028,EndoVis 2018,train,site2/train/video14,representative,q4.smoke,no,no,no,no
HR0177,site2/train/video14frame028,EndoVis 2018,train,site2/train/video14,representative,q4.occlusion,no,no,no,no
HR0177,site2/train/video14frame028,EndoVis 2018,train,site2/train/video14,representative,q5,clear,clear,clear,clear
HR0177,site2/train/video14frame028,EndoVis 2018,train,site2/train/video14,representative,q6,no,no,no,no
HR0177,site2/train/video14frame028,EndoVis 2018,train,site2/train/video14,representative,q7,yes,yes,yes,yes
HR0177,site2/train/video14frame028,EndoVis 2018,train,site2/train/video14,representative,q9,none,none,none,none
HR0178,site2/train/video14frame045,EndoVis 2018,train,site2/train/video14,representative,q4.bleeding,no,no,no,no
HR0178,site2/train/video14frame045,EndoVis 2018,train,site2/train/video14,representative,q4.smoke,no,no,no,no
HR0178,site2/train/video14frame045,EndoVis 2018,train,site2/train/video14,representative,q4.occlusion,no,no,no,no
HR0178,site2/train/video14frame045,EndoVis 2018,train,site2/train/video14,representative,q5,clear,clear,clear,clear
HR0178,site2/train/video14frame045,EndoVis 2018,train,site2/train/video14,representative,q6,no,no,no,no
HR0178,site2/train/video14frame045,EndoVis 2018,train,site2/train/video14,representative,q7,yes,yes,yes,yes
HR0178,site2/train/video14frame045,EndoVis 2018,train,site2/train/video14,representative,q9,none,none,none,none
HR0179,site2/train/video14frame061,EndoVis 2018,train,site2/train/video14,representative,q4.bleeding,no,no,no,no
HR0179,site2/train/video14frame061,EndoVis 2018,train,site2/train/video14,representative,q4.smoke,no,no,no,no
HR0179,site2/train/video14frame061,EndoVis 2018,train,site2/train/video14,representative,q4.occlusion,no,no,no,no
HR0179,site2/train/video14frame061,EndoVis 2018,train,site2/train/video14,representative,q5,clear,clear,clear,clear
HR0179,site2/train/video14frame061,EndoVis 2018,train,site2/train/video14,representative,q6,no,no,no,no
HR0179,site2/train/video14frame061,EndoVis 2018,train,site2/train/video14,representative,q7,yes,yes,yes,yes
HR0179,site2/train/video14frame061,EndoVis 2018,train,site2/train/video14,representative,q9,none,none,none,none
HR0180,site2/train/video14frame090,EndoVis 2018,train,site2/train/video14,representative,q4.bleeding,no,no,no,no
HR0180,site2/train/video14frame090,EndoVis 2018,train,site2/train/video14,representative,q4.smoke,no,no,no,no
HR0180,site2/train/video14frame090,EndoVis 2018,train,site2/train/video14,representative,q4.occlusion,no,no,no,no
HR0180,site2/train/video14frame090,EndoVis 2018,train,site2/train/video14,representative,q5,clear,clear,clear,clear
HR0180,site2/train/video14frame090,EndoVis 2018,train,site2/train/video14,representative,q6,yes,no,yes,no
HR0180,site2/train/video14frame090,EndoVis 2018,train,site2/train/video14,representative,q7,yes,yes,yes,yes
HR0180,site2/train/video14frame090,EndoVis 2018,train,site2/train/video14,representative,q9,none,none,none,none
HR0181,site2/train/video14frame105,EndoVis 2018,train,site2/train/video14,representative,q4.bleeding,no,no,no,no
HR0181,site2/train/video14frame105,EndoVis 2018,train,site2/train/video14,representative,q4.smoke,no,no,no,no
HR0181,site2/train/video14frame105,EndoVis 2018,train,site2/train/video14,representative,q4.occlusion,no,no,no,no
HR0181,site2/train/video14frame105,EndoVis 2018,train,site2/train/video14,representative,q5,clear,clear,clear,clear
HR0181,site2/train/video14frame105,EndoVis 2018,train,site2/train/video14,representative,q6,yes,no,yes,no
HR0181,site2/train/video14frame105,EndoVis 2018,train,site2/train/video14,representative,q7,yes,yes,yes,yes
HR0181,site2/train/video14frame105,EndoVis 2018,train,site2/train/video14,representative,q9,none,none,none,none
HR0182,site2/train/video14frame118,EndoVis 2018,train,site2/train/video14,representative,q4.bleeding,no,no,no,no
HR0182,site2/train/video14frame118,EndoVis 2018,train,site2/train/video14,representative,q4.smoke,no,no,no,no
HR0182,site2/train/video14frame118,EndoVis 2018,train,site2/train/video14,representative,q4.occlusion,no,no,no,no
HR0182,site2/train/video14frame118,EndoVis 2018,train,site2/train/video14,representative,q5,clear,clear,clear,clear
HR0182,site2/train/video14frame118,EndoVis 2018,train,site2/train/video14,representative,q6,no,no,no,no
HR0182,site2/train/video14frame118,EndoVis 2018,train,site2/train/video14,representative,q7,yes,yes,yes,yes
HR0182,site2/train/video14frame118,EndoVis 2018,train,site2/train/video14,representative,q9,none,none,none,none
HR0183,site2/train/video14frame124,EndoVis 2018,train,site2/train/video14,challenge,q4.bleeding,no,yes,no,yes
HR0183,site2/train/video14frame124,EndoVis 2018,train,site2/train/video14,challenge,q4.smoke,no,no,no,no
HR0183,site2/train/video14frame124,EndoVis 2018,train,site2/train/video14,challenge,q4.occlusion,no,yes,no,yes
HR0183,site2/train/video14frame124,EndoVis 2018,train,site2/train/video14,challenge,q5,clear,blurry,clear,degraded
HR0183,site2/train/video14frame124,EndoVis 2018,train,site2/train/video14,challenge,q6,no,no,no,no
HR0183,site2/train/video14frame124,EndoVis 2018,train,site2/train/video14,challenge,q7,yes,no,yes,no
HR0183,site2/train/video14frame124,EndoVis 2018,train,site2/train/video14,challenge,q9,none,none,none,none
HR0184,site2/train/video14frame141,EndoVis 2018,train,site2/train/video14,representative,q4.bleeding,no,yes,no,yes
HR0184,site2/train/video14frame141,EndoVis 2018,train,site2/train/video14,representative,q4.smoke,no,no,no,no
HR0184,site2/train/video14frame141,EndoVis 2018,train,site2/train/video14,representative,q4.occlusion,no,yes,no,yes
HR0184,site2/train/video14frame141,EndoVis 2018,train,site2/train/video14,representative,q5,clear,blurry,clear,degraded
HR0184,site2/train/video14frame141,EndoVis 2018,train,site2/train/video14,representative,q6,no,yes,no,yes
HR0184,site2/train/video14frame141,EndoVis 2018,train,site2/train/video14,representative,q7,yes,no,yes,no
HR0184,site2/train/video14frame141,EndoVis 2018,train,site2/train/video14,representative,q9,none,none,none,none
HR0185,site2/train/video15frame018,EndoVis 2018,train,site2/train/video15,representative,q4.bleeding,no,no,no,no
HR0185,site2/train/video15frame018,EndoVis 2018,train,site2/train/video15,representative,q4.smoke,no,no,no,no
HR0185,site2/train/video15frame018,EndoVis 2018,train,site2/train/video15,representative,q4.occlusion,no,no,no,no
HR0185,site2/train/video15frame018,EndoVis 2018,train,site2/train/video15,representative,q5,clear,clear,clear,clear
HR0185,site2/train/video15frame018,EndoVis 2018,train,site2/train/video15,representative,q6,no,no,no,no
HR0185,site2/train/video15frame018,EndoVis 2018,train,site2/train/video15,representative,q7,yes,yes,yes,yes
HR0185,site2/train/video15frame018,EndoVis 2018,train,site2/train/video15,representative,q9,none,none,none,none
HR0186,site2/train/video15frame030,EndoVis 2018,train,site2/train/video15,representative,q4.bleeding,no,no,no,no
HR0186,site2/train/video15frame030,EndoVis 2018,train,site2/train/video15,representative,q4.smoke,no,no,no,no
HR0186,site2/train/video15frame030,EndoVis 2018,train,site2/train/video15,representative,q4.occlusion,no,no,no,no
HR0186,site2/train/video15frame030,EndoVis 2018,train,site2/train/video15,representative,q5,clear,clear,clear,clear
HR0186,site2/train/video15frame030,EndoVis 2018,train,site2/train/video15,representative,q6,no,no,no,no
HR0186,site2/train/video15frame030,EndoVis 2018,train,site2/train/video15,representative,q7,yes,yes,yes,yes
HR0186,site2/train/video15frame030,EndoVis 2018,train,site2/train/video15,representative,q9,none,none,none,none
HR0187,site2/train/video15frame053,EndoVis 2018,train,site2/train/video15,representative,q4.bleeding,no,no,no,no
HR0187,site2/train/video15frame053,EndoVis 2018,train,site2/train/video15,representative,q4.smoke,no,no,no,no
HR0187,site2/train/video15frame053,EndoVis 2018,train,site2/train/video15,representative,q4.occlusion,no,no,no,no
HR0187,site2/train/video15frame053,EndoVis 2018,train,site2/train/video15,representative,q5,clear,clear,clear,clear
HR0187,site2/train/video15frame053,EndoVis 2018,train,site2/train/video15,representative,q6,no,no,no,no
HR0187,site2/train/video15frame053,EndoVis 2018,train,site2/train/video15,representative,q7,yes,yes,yes,yes
HR0187,site2/train/video15frame053,EndoVis 2018,train,site2/train/video15,representative,q9,none,none,none,none
HR0188,site2/train/video15frame073,EndoVis 2018,train,site2/train/video15,representative,q4.bleeding,no,no,no,no
HR0188,site2/train/video15frame073,EndoVis 2018,train,site2/train/video15,representative,q4.smoke,no,no,no,no
HR0188,site2/train/video15frame073,EndoVis 2018,train,site2/train/video15,representative,q4.occlusion,no,no,no,no
HR0188,site2/train/video15frame073,EndoVis 2018,train,site2/train/video15,representative,q5,clear,clear,clear,clear
HR0188,site2/train/video15frame073,EndoVis 2018,train,site2/train/video15,representative,q6,no,no,no,no
HR0188,site2/train/video15frame073,EndoVis 2018,train,site2/train/video15,representative,q7,yes,yes,yes,yes
HR0188,site2/train/video15frame073,EndoVis 2018,train,site2/train/video15,representative,q9,none,none,none,none
HR0189,site2/train/video15frame079,EndoVis 2018,train,site2/train/video15,representative,q4.bleeding,no,no,no,no
HR0189,site2/train/video15frame079,EndoVis 2018,train,site2/train/video15,representative,q4.smoke,no,no,no,no
HR0189,site2/train/video15frame079,EndoVis 2018,train,site2/train/video15,representative,q4.occlusion,no,no,no,no
HR0189,site2/train/video15frame079,EndoVis 2018,train,site2/train/video15,representative,q5,clear,clear,clear,clear
HR0189,site2/train/video15frame079,EndoVis 2018,train,site2/train/video15,representative,q6,no,no,no,no
HR0189,site2/train/video15frame079,EndoVis 2018,train,site2/train/video15,representative,q7,yes,yes,yes,yes
HR0189,site2/train/video15frame079,EndoVis 2018,train,site2/train/video15,representative,q9,none,none,none,none
HR0190,site2/train/video15frame101,EndoVis 2018,train,site2/train/video15,representative,q4.bleeding,no,no,no,no
HR0190,site2/train/video15frame101,EndoVis 2018,train,site2/train/video15,representative,q4.smoke,no,no,no,no
HR0190,site2/train/video15frame101,EndoVis 2018,train,site2/train/video15,representative,q4.occlusion,no,no,no,no
HR0190,site2/train/video15frame101,EndoVis 2018,train,site2/train/video15,representative,q5,clear,clear,clear,clear
HR0190,site2/train/video15frame101,EndoVis 2018,train,site2/train/video15,representative,q6,no,no,no,no
HR0190,site2/train/video15frame101,EndoVis 2018,train,site2/train/video15,representative,q7,yes,yes,yes,yes
HR0190,site2/train/video15frame101,EndoVis 2018,train,site2/train/video15,representative,q9,none,none,none,none
HR0191,site2/train/video15frame119,EndoVis 2018,train,site2/train/video15,representative,q4.bleeding,no,yes,no,yes
HR0191,site2/train/video15frame119,EndoVis 2018,train,site2/train/video15,representative,q4.smoke,no,no,no,no
HR0191,site2/train/video15frame119,EndoVis 2018,train,site2/train/video15,representative,q4.occlusion,no,no,no,no
HR0191,site2/train/video15frame119,EndoVis 2018,train,site2/train/video15,representative,q5,clear,clear,clear,clear
HR0191,site2/train/video15frame119,EndoVis 2018,train,site2/train/video15,representative,q6,no,no,no,no
HR0191,site2/train/video15frame119,EndoVis 2018,train,site2/train/video15,representative,q7,yes,yes,yes,yes
HR0191,site2/train/video15frame119,EndoVis 2018,train,site2/train/video15,representative,q9,none,none,none,none
HR0192,site2/train/video15frame135,EndoVis 2018,train,site2/train/video15,representative,q4.bleeding,no,no,no,no
HR0192,site2/train/video15frame135,EndoVis 2018,train,site2/train/video15,representative,q4.smoke,no,no,no,no
HR0192,site2/train/video15frame135,EndoVis 2018,train,site2/train/video15,representative,q4.occlusion,no,no,no,no
HR0192,site2/train/video15frame135,EndoVis 2018,train,site2/train/video15,representative,q5,clear,clear,clear,clear
HR0192,site2/train/video15frame135,EndoVis 2018,train,site2/train/video15,representative,q6,no,no,no,no
HR0192,site2/train/video15frame135,EndoVis 2018,train,site2/train/video15,representative,q7,yes,yes,yes,yes
HR0192,site2/train/video15frame135,EndoVis 2018,train,site2/train/video15,representative,q9,none,none,none,none
HR0193,site2/train/video16frame003,EndoVis 2018,train,site2/train/video16,representative,q4.bleeding,no,no,no,no
HR0193,site2/train/video16frame003,EndoVis 2018,train,site2/train/video16,representative,q4.smoke,no,no,no,no
HR0193,site2/train/video16frame003,EndoVis 2018,train,site2/train/video16,representative,q4.occlusion,no,no,no,no
HR0193,site2/train/video16frame003,EndoVis 2018,train,site2/train/video16,representative,q5,clear,clear,clear,clear
HR0193,site2/train/video16frame003,EndoVis 2018,train,site2/train/video16,representative,q6,no,no,no,no
HR0193,site2/train/video16frame003,EndoVis 2018,train,site2/train/video16,representative,q7,yes,yes,yes,yes
HR0193,site2/train/video16frame003,EndoVis 2018,train,site2/train/video16,representative,q9,none,none,none,none
HR0194,site2/train/video16frame035,EndoVis 2018,train,site2/train/video16,representative,q4.bleeding,no,no,no,no
HR0194,site2/train/video16frame035,EndoVis 2018,train,site2/train/video16,representative,q4.smoke,no,no,no,no
HR0194,site2/train/video16frame035,EndoVis 2018,train,site2/train/video16,representative,q4.occlusion,no,no,no,no
HR0194,site2/train/video16frame035,EndoVis 2018,train,site2/train/video16,representative,q5,clear,clear,clear,clear
HR0194,site2/train/video16frame035,EndoVis 2018,train,site2/train/video16,representative,q6,no,no,no,no
HR0194,site2/train/video16frame035,EndoVis 2018,train,site2/train/video16,representative,q7,yes,yes,yes,yes
HR0194,site2/train/video16frame035,EndoVis 2018,train,site2/train/video16,representative,q9,none,none,none,none
HR0195,site2/train/video16frame056,EndoVis 2018,train,site2/train/video16,representative,q4.bleeding,no,no,no,no
HR0195,site2/train/video16frame056,EndoVis 2018,train,site2/train/video16,representative,q4.smoke,no,no,no,no
HR0195,site2/train/video16frame056,EndoVis 2018,train,site2/train/video16,representative,q4.occlusion,no,no,no,no
HR0195,site2/train/video16frame056,EndoVis 2018,train,site2/train/video16,representative,q5,clear,clear,clear,clear
HR0195,site2/train/video16frame056,EndoVis 2018,train,site2/train/video16,representative,q6,no,no,no,no
HR0195,site2/train/video16frame056,EndoVis 2018,train,site2/train/video16,representative,q7,yes,yes,yes,yes
HR0195,site2/train/video16frame056,EndoVis 2018,train,site2/train/video16,representative,q9,none,none,none,none
HR0196,site2/train/video16frame068,EndoVis 2018,train,site2/train/video16,representative,q4.bleeding,no,no,no,no
HR0196,site2/train/video16frame068,EndoVis 2018,train,site2/train/video16,representative,q4.smoke,no,no,no,no
HR0196,site2/train/video16frame068,EndoVis 2018,train,site2/train/video16,representative,q4.occlusion,no,no,no,no
HR0196,site2/train/video16frame068,EndoVis 2018,train,site2/train/video16,representative,q5,clear,clear,clear,clear
HR0196,site2/train/video16frame068,EndoVis 2018,train,site2/train/video16,representative,q6,no,no,no,no
HR0196,site2/train/video16frame068,EndoVis 2018,train,site2/train/video16,representative,q7,yes,yes,yes,yes
HR0196,site2/train/video16frame068,EndoVis 2018,train,site2/train/video16,representative,q9,none,none,none,none
HR0197,site2/train/video16frame092,EndoVis 2018,train,site2/train/video16,representative,q4.bleeding,no,no,no,no
HR0197,site2/train/video16frame092,EndoVis 2018,train,site2/train/video16,representative,q4.smoke,no,no,no,no
HR0197,site2/train/video16frame092,EndoVis 2018,train,site2/train/video16,representative,q4.occlusion,no,no,no,no
HR0197,site2/train/video16frame092,EndoVis 2018,train,site2/train/video16,representative,q5,clear,clear,clear,clear
HR0197,site2/train/video16frame092,EndoVis 2018,train,site2/train/video16,representative,q6,no,no,no,no
HR0197,site2/train/video16frame092,EndoVis 2018,train,site2/train/video16,representative,q7,yes,yes,yes,yes
HR0197,site2/train/video16frame092,EndoVis 2018,train,site2/train/video16,representative,q9,none,none,none,none
HR0198,site2/train/video16frame099,EndoVis 2018,train,site2/train/video16,representative,q4.bleeding,no,no,no,no
HR0198,site2/train/video16frame099,EndoVis 2018,train,site2/train/video16,representative,q4.smoke,no,no,no,no
HR0198,site2/train/video16frame099,EndoVis 2018,train,site2/train/video16,representative,q4.occlusion,no,no,no,no
HR0198,site2/train/video16frame099,EndoVis 2018,train,site2/train/video16,representative,q5,clear,clear,clear,clear
HR0198,site2/train/video16frame099,EndoVis 2018,train,site2/train/video16,representative,q6,no,no,no,no
HR0198,site2/train/video16frame099,EndoVis 2018,train,site2/train/video16,representative,q7,yes,yes,yes,yes
HR0198,site2/train/video16frame099,EndoVis 2018,train,site2/train/video16,representative,q9,none,none,none,none
HR0199,site2/train/video16frame126,EndoVis 2018,train,site2/train/video16,representative,q4.bleeding,no,no,no,no
HR0199,site2/train/video16frame126,EndoVis 2018,train,site2/train/video16,representative,q4.smoke,no,no,no,no
HR0199,site2/train/video16frame126,EndoVis 2018,train,site2/train/video16,representative,q4.occlusion,no,no,no,no
HR0199,site2/train/video16frame126,EndoVis 2018,train,site2/train/video16,representative,q5,clear,clear,clear,clear
HR0199,site2/train/video16frame126,EndoVis 2018,train,site2/train/video16,representative,q6,no,no,no,no
HR0199,site2/train/video16frame126,EndoVis 2018,train,site2/train/video16,representative,q7,yes,yes,yes,yes
HR0199,site2/train/video16frame126,EndoVis 2018,train,site2/train/video16,representative,q9,none,none,none,none
HR0200,site2/train/video16frame147,EndoVis 2018,train,site2/train/video16,representative,q4.bleeding,no,no,no,no
HR0200,site2/train/video16frame147,EndoVis 2018,train,site2/train/video16,representative,q4.smoke,no,no,no,no
HR0200,site2/train/video16frame147,EndoVis 2018,train,site2/train/video16,representative,q4.occlusion,no,no,no,no
HR0200,site2/train/video16frame147,EndoVis 2018,train,site2/train/video16,representative,q5,clear,clear,clear,clear
HR0200,site2/train/video16frame147,EndoVis 2018,train,site2/train/video16,representative,q6,no,no,no,no
HR0200,site2/train/video16frame147,EndoVis 2018,train,site2/train/video16,representative,q7,yes,yes,yes,yes
HR0200,site2/train/video16frame147,EndoVis 2018,train,site2/train/video16,representative,q9,none,none,none,none
HR0201,site2/train/video1frame019,EndoVis 2018,train,site2/train/video1,representative,q4.bleeding,no,yes,no,yes
HR0201,site2/train/video1frame019,EndoVis 2018,train,site2/train/video1,representative,q4.smoke,no,no,no,no
HR0201,site2/train/video1frame019,EndoVis 2018,train,site2/train/video1,representative,q4.occlusion,no,no,no,no
HR0201,site2/train/video1frame019,EndoVis 2018,train,site2/train/video1,representative,q5,clear,clear,clear,clear
HR0201,site2/train/video1frame019,EndoVis 2018,train,site2/train/video1,representative,q6,no,no,no,no
HR0201,site2/train/video1frame019,EndoVis 2018,train,site2/train/video1,representative,q7,yes,yes,yes,yes
HR0201,site2/train/video1frame019,EndoVis 2018,train,site2/train/video1,representative,q9,none,none,none,none
HR0202,site2/train/video1frame043,EndoVis 2018,train,site2/train/video1,representative,q4.bleeding,no,no,no,no
HR0202,site2/train/video1frame043,EndoVis 2018,train,site2/train/video1,representative,q4.smoke,no,no,no,no
HR0202,site2/train/video1frame043,EndoVis 2018,train,site2/train/video1,representative,q4.occlusion,no,no,no,no
HR0202,site2/train/video1frame043,EndoVis 2018,train,site2/train/video1,representative,q5,clear,clear,clear,clear
HR0202,site2/train/video1frame043,EndoVis 2018,train,site2/train/video1,representative,q6,no,no,no,no
HR0202,site2/train/video1frame043,EndoVis 2018,train,site2/train/video1,representative,q7,yes,yes,yes,yes
HR0202,site2/train/video1frame043,EndoVis 2018,train,site2/train/video1,representative,q9,none,none,none,none
HR0203,site2/train/video1frame124,EndoVis 2018,train,site2/train/video1,challenge,q4.bleeding,yes,yes,yes,yes
HR0203,site2/train/video1frame124,EndoVis 2018,train,site2/train/video1,challenge,q4.smoke,no,no,no,no
HR0203,site2/train/video1frame124,EndoVis 2018,train,site2/train/video1,challenge,q4.occlusion,no,yes,no,yes
HR0203,site2/train/video1frame124,EndoVis 2018,train,site2/train/video1,challenge,q5,blurry,blurry,degraded,degraded
HR0203,site2/train/video1frame124,EndoVis 2018,train,site2/train/video1,challenge,q6,no,yes,no,yes
HR0203,site2/train/video1frame124,EndoVis 2018,train,site2/train/video1,challenge,q7,yes,no,yes,no
HR0203,site2/train/video1frame124,EndoVis 2018,train,site2/train/video1,challenge,q9,none,none,none,none
HR0204,site2/train/video2frame047,EndoVis 2018,train,site2/train/video2,representative,q4.bleeding,no,yes,no,yes
HR0204,site2/train/video2frame047,EndoVis 2018,train,site2/train/video2,representative,q4.smoke,no,no,no,no
HR0204,site2/train/video2frame047,EndoVis 2018,train,site2/train/video2,representative,q4.occlusion,no,no,no,no
HR0204,site2/train/video2frame047,EndoVis 2018,train,site2/train/video2,representative,q5,clear,clear,clear,clear
HR0204,site2/train/video2frame047,EndoVis 2018,train,site2/train/video2,representative,q6,no,no,no,no
HR0204,site2/train/video2frame047,EndoVis 2018,train,site2/train/video2,representative,q7,yes,yes,yes,yes
HR0204,site2/train/video2frame047,EndoVis 2018,train,site2/train/video2,representative,q9,none,none,none,none
HR0205,site2/train/video2frame070,EndoVis 2018,train,site2/train/video2,representative,q4.bleeding,no,no,no,no
HR0205,site2/train/video2frame070,EndoVis 2018,train,site2/train/video2,representative,q4.smoke,no,no,no,no
HR0205,site2/train/video2frame070,EndoVis 2018,train,site2/train/video2,representative,q4.occlusion,no,no,no,no
HR0205,site2/train/video2frame070,EndoVis 2018,train,site2/train/video2,representative,q5,clear,clear,clear,clear
HR0205,site2/train/video2frame070,EndoVis 2018,train,site2/train/video2,representative,q6,no,no,no,no
HR0205,site2/train/video2frame070,EndoVis 2018,train,site2/train/video2,representative,q7,yes,yes,yes,yes
HR0205,site2/train/video2frame070,EndoVis 2018,train,site2/train/video2,representative,q9,none,none,none,none
HR0206,site2/train/video3frame131,EndoVis 2018,train,site2/train/video3,representative,q4.bleeding,no,yes,no,yes
HR0206,site2/train/video3frame131,EndoVis 2018,train,site2/train/video3,representative,q4.smoke,no,no,no,no
HR0206,site2/train/video3frame131,EndoVis 2018,train,site2/train/video3,representative,q4.occlusion,no,no,no,no
HR0206,site2/train/video3frame131,EndoVis 2018,train,site2/train/video3,representative,q5,clear,clear,clear,clear
HR0206,site2/train/video3frame131,EndoVis 2018,train,site2/train/video3,representative,q6,no,no,no,no
HR0206,site2/train/video3frame131,EndoVis 2018,train,site2/train/video3,representative,q7,yes,yes,yes,yes
HR0206,site2/train/video3frame131,EndoVis 2018,train,site2/train/video3,representative,q9,none,none,none,none
HR0207,site2/train/video4frame017,EndoVis 2018,train,site2/train/video4,representative,q4.bleeding,no,yes,no,yes
HR0207,site2/train/video4frame017,EndoVis 2018,train,site2/train/video4,representative,q4.smoke,no,no,no,no
HR0207,site2/train/video4frame017,EndoVis 2018,train,site2/train/video4,representative,q4.occlusion,no,no,no,no
HR0207,site2/train/video4frame017,EndoVis 2018,train,site2/train/video4,representative,q5,clear,clear,clear,clear
HR0207,site2/train/video4frame017,EndoVis 2018,train,site2/train/video4,representative,q6,no,no,no,no
HR0207,site2/train/video4frame017,EndoVis 2018,train,site2/train/video4,representative,q7,yes,yes,yes,yes
HR0207,site2/train/video4frame017,EndoVis 2018,train,site2/train/video4,representative,q9,none,none,none,none
HR0208,site2/train/video4frame028,EndoVis 2018,train,site2/train/video4,challenge,q4.bleeding,no,yes,no,yes
HR0208,site2/train/video4frame028,EndoVis 2018,train,site2/train/video4,challenge,q4.smoke,no,no,no,no
HR0208,site2/train/video4frame028,EndoVis 2018,train,site2/train/video4,challenge,q4.occlusion,no,no,no,no
HR0208,site2/train/video4frame028,EndoVis 2018,train,site2/train/video4,challenge,q5,blurry,blurry,degraded,degraded
HR0208,site2/train/video4frame028,EndoVis 2018,train,site2/train/video4,challenge,q6,no,yes,no,yes
HR0208,site2/train/video4frame028,EndoVis 2018,train,site2/train/video4,challenge,q7,yes,no,yes,no
HR0208,site2/train/video4frame028,EndoVis 2018,train,site2/train/video4,challenge,q9,none,none,none,none
HR0209,site2/train/video4frame098,EndoVis 2018,train,site2/train/video4,representative,q4.bleeding,yes,yes,yes,yes
HR0209,site2/train/video4frame098,EndoVis 2018,train,site2/train/video4,representative,q4.smoke,no,no,no,no
HR0209,site2/train/video4frame098,EndoVis 2018,train,site2/train/video4,representative,q4.occlusion,no,yes,no,yes
HR0209,site2/train/video4frame098,EndoVis 2018,train,site2/train/video4,representative,q5,blurry,blurry,degraded,degraded
HR0209,site2/train/video4frame098,EndoVis 2018,train,site2/train/video4,representative,q6,yes,no,yes,no
HR0209,site2/train/video4frame098,EndoVis 2018,train,site2/train/video4,representative,q7,yes,no,yes,no
HR0209,site2/train/video4frame098,EndoVis 2018,train,site2/train/video4,representative,q9,none,none,none,none
HR0210,site2/train/video4frame141,EndoVis 2018,train,site2/train/video4,representative,q4.bleeding,yes,yes,yes,yes
HR0210,site2/train/video4frame141,EndoVis 2018,train,site2/train/video4,representative,q4.smoke,no,no,no,no
HR0210,site2/train/video4frame141,EndoVis 2018,train,site2/train/video4,representative,q4.occlusion,no,no,no,no
HR0210,site2/train/video4frame141,EndoVis 2018,train,site2/train/video4,representative,q5,blurry,clear,degraded,clear
HR0210,site2/train/video4frame141,EndoVis 2018,train,site2/train/video4,representative,q6,yes,no,yes,no
HR0210,site2/train/video4frame141,EndoVis 2018,train,site2/train/video4,representative,q7,yes,yes,yes,yes
HR0210,site2/train/video4frame141,EndoVis 2018,train,site2/train/video4,representative,q9,none,none,none,none
HR0211,site2/train/video5frame017,EndoVis 2018,train,site2/train/video5,representative,q4.bleeding,no,yes,no,yes
HR0211,site2/train/video5frame017,EndoVis 2018,train,site2/train/video5,representative,q4.smoke,no,no,no,no
HR0211,site2/train/video5frame017,EndoVis 2018,train,site2/train/video5,representative,q4.occlusion,no,no,no,no
HR0211,site2/train/video5frame017,EndoVis 2018,train,site2/train/video5,representative,q5,clear,clear,clear,clear
HR0211,site2/train/video5frame017,EndoVis 2018,train,site2/train/video5,representative,q6,no,no,no,no
HR0211,site2/train/video5frame017,EndoVis 2018,train,site2/train/video5,representative,q7,yes,yes,yes,yes
HR0211,site2/train/video5frame017,EndoVis 2018,train,site2/train/video5,representative,q9,none,none,none,none
HR0212,site2/train/video5frame034,EndoVis 2018,train,site2/train/video5,representative,q4.bleeding,no,yes,no,yes
HR0212,site2/train/video5frame034,EndoVis 2018,train,site2/train/video5,representative,q4.smoke,no,no,no,no
HR0212,site2/train/video5frame034,EndoVis 2018,train,site2/train/video5,representative,q4.occlusion,no,no,no,no
HR0212,site2/train/video5frame034,EndoVis 2018,train,site2/train/video5,representative,q5,clear,clear,clear,clear
HR0212,site2/train/video5frame034,EndoVis 2018,train,site2/train/video5,representative,q6,no,no,no,no
HR0212,site2/train/video5frame034,EndoVis 2018,train,site2/train/video5,representative,q7,yes,yes,yes,yes
HR0212,site2/train/video5frame034,EndoVis 2018,train,site2/train/video5,representative,q9,none,none,none,none
HR0213,site2/train/video5frame042,EndoVis 2018,train,site2/train/video5,representative,q4.bleeding,no,no,no,no
HR0213,site2/train/video5frame042,EndoVis 2018,train,site2/train/video5,representative,q4.smoke,no,no,no,no
HR0213,site2/train/video5frame042,EndoVis 2018,train,site2/train/video5,representative,q4.occlusion,no,no,no,no
HR0213,site2/train/video5frame042,EndoVis 2018,train,site2/train/video5,representative,q5,clear,clear,clear,clear
HR0213,site2/train/video5frame042,EndoVis 2018,train,site2/train/video5,representative,q6,no,no,no,no
HR0213,site2/train/video5frame042,EndoVis 2018,train,site2/train/video5,representative,q7,yes,yes,yes,yes
HR0213,site2/train/video5frame042,EndoVis 2018,train,site2/train/video5,representative,q9,none,none,none,none
HR0214,site2/train/video5frame068,EndoVis 2018,train,site2/train/video5,representative,q4.bleeding,yes,yes,yes,yes
HR0214,site2/train/video5frame068,EndoVis 2018,train,site2/train/video5,representative,q4.smoke,no,no,no,no
HR0214,site2/train/video5frame068,EndoVis 2018,train,site2/train/video5,representative,q4.occlusion,no,no,no,no
HR0214,site2/train/video5frame068,EndoVis 2018,train,site2/train/video5,representative,q5,clear,clear,clear,clear
HR0214,site2/train/video5frame068,EndoVis 2018,train,site2/train/video5,representative,q6,no,no,no,no
HR0214,site2/train/video5frame068,EndoVis 2018,train,site2/train/video5,representative,q7,yes,yes,yes,yes
HR0214,site2/train/video5frame068,EndoVis 2018,train,site2/train/video5,representative,q9,none,none,none,none
HR0215,site2/train/video5frame084,EndoVis 2018,train,site2/train/video5,representative,q4.bleeding,yes,yes,yes,yes
HR0215,site2/train/video5frame084,EndoVis 2018,train,site2/train/video5,representative,q4.smoke,no,no,no,no
HR0215,site2/train/video5frame084,EndoVis 2018,train,site2/train/video5,representative,q4.occlusion,no,no,no,no
HR0215,site2/train/video5frame084,EndoVis 2018,train,site2/train/video5,representative,q5,clear,clear,clear,clear
HR0215,site2/train/video5frame084,EndoVis 2018,train,site2/train/video5,representative,q6,no,no,no,no
HR0215,site2/train/video5frame084,EndoVis 2018,train,site2/train/video5,representative,q7,yes,yes,yes,yes
HR0215,site2/train/video5frame084,EndoVis 2018,train,site2/train/video5,representative,q9,none,none,none,none
HR0216,site2/train/video5frame112,EndoVis 2018,train,site2/train/video5,representative,q4.bleeding,yes,yes,yes,yes
HR0216,site2/train/video5frame112,EndoVis 2018,train,site2/train/video5,representative,q4.smoke,no,no,no,no
HR0216,site2/train/video5frame112,EndoVis 2018,train,site2/train/video5,representative,q4.occlusion,no,no,no,no
HR0216,site2/train/video5frame112,EndoVis 2018,train,site2/train/video5,representative,q5,clear,clear,clear,clear
HR0216,site2/train/video5frame112,EndoVis 2018,train,site2/train/video5,representative,q6,no,no,no,no
HR0216,site2/train/video5frame112,EndoVis 2018,train,site2/train/video5,representative,q7,yes,yes,yes,yes
HR0216,site2/train/video5frame112,EndoVis 2018,train,site2/train/video5,representative,q9,none,none,none,none
HR0217,site2/train/video5frame121,EndoVis 2018,train,site2/train/video5,representative,q4.bleeding,yes,yes,yes,yes
HR0217,site2/train/video5frame121,EndoVis 2018,train,site2/train/video5,representative,q4.smoke,no,no,no,no
HR0217,site2/train/video5frame121,EndoVis 2018,train,site2/train/video5,representative,q4.occlusion,no,no,no,no
HR0217,site2/train/video5frame121,EndoVis 2018,train,site2/train/video5,representative,q5,clear,clear,clear,clear
HR0217,site2/train/video5frame121,EndoVis 2018,train,site2/train/video5,representative,q6,no,no,no,no
HR0217,site2/train/video5frame121,EndoVis 2018,train,site2/train/video5,representative,q7,yes,yes,yes,yes
HR0217,site2/train/video5frame121,EndoVis 2018,train,site2/train/video5,representative,q9,none,none,none,none
HR0218,site2/train/video5frame133,EndoVis 2018,train,site2/train/video5,representative,q4.bleeding,yes,yes,yes,yes
HR0218,site2/train/video5frame133,EndoVis 2018,train,site2/train/video5,representative,q4.smoke,no,no,no,no
HR0218,site2/train/video5frame133,EndoVis 2018,train,site2/train/video5,representative,q4.occlusion,no,no,no,no
HR0218,site2/train/video5frame133,EndoVis 2018,train,site2/train/video5,representative,q5,clear,clear,clear,clear
HR0218,site2/train/video5frame133,EndoVis 2018,train,site2/train/video5,representative,q6,no,no,no,no
HR0218,site2/train/video5frame133,EndoVis 2018,train,site2/train/video5,representative,q7,yes,yes,yes,yes
HR0218,site2/train/video5frame133,EndoVis 2018,train,site2/train/video5,representative,q9,none,none,none,none
HR0219,site2/train/video6frame000,EndoVis 2018,train,site2/train/video6,representative,q4.bleeding,no,no,no,no
HR0219,site2/train/video6frame000,EndoVis 2018,train,site2/train/video6,representative,q4.smoke,no,no,no,no
HR0219,site2/train/video6frame000,EndoVis 2018,train,site2/train/video6,representative,q4.occlusion,no,no,no,no
HR0219,site2/train/video6frame000,EndoVis 2018,train,site2/train/video6,representative,q5,clear,clear,clear,clear
HR0219,site2/train/video6frame000,EndoVis 2018,train,site2/train/video6,representative,q6,no,no,no,no
HR0219,site2/train/video6frame000,EndoVis 2018,train,site2/train/video6,representative,q7,yes,yes,yes,yes
HR0219,site2/train/video6frame000,EndoVis 2018,train,site2/train/video6,representative,q9,none,none,none,none
HR0220,site2/train/video6frame023,EndoVis 2018,train,site2/train/video6,representative,q4.bleeding,no,yes,no,yes
HR0220,site2/train/video6frame023,EndoVis 2018,train,site2/train/video6,representative,q4.smoke,no,no,no,no
HR0220,site2/train/video6frame023,EndoVis 2018,train,site2/train/video6,representative,q4.occlusion,no,no,no,no
HR0220,site2/train/video6frame023,EndoVis 2018,train,site2/train/video6,representative,q5,clear,clear,clear,clear
HR0220,site2/train/video6frame023,EndoVis 2018,train,site2/train/video6,representative,q6,no,no,no,no
HR0220,site2/train/video6frame023,EndoVis 2018,train,site2/train/video6,representative,q7,yes,yes,yes,yes
HR0220,site2/train/video6frame023,EndoVis 2018,train,site2/train/video6,representative,q9,none,none,none,none
HR0221,site2/train/video6frame044,EndoVis 2018,train,site2/train/video6,representative,q4.bleeding,no,no,no,no
HR0221,site2/train/video6frame044,EndoVis 2018,train,site2/train/video6,representative,q4.smoke,no,no,no,no
HR0221,site2/train/video6frame044,EndoVis 2018,train,site2/train/video6,representative,q4.occlusion,no,no,no,no
HR0221,site2/train/video6frame044,EndoVis 2018,train,site2/train/video6,representative,q5,clear,clear,clear,clear
HR0221,site2/train/video6frame044,EndoVis 2018,train,site2/train/video6,representative,q6,no,no,no,no
HR0221,site2/train/video6frame044,EndoVis 2018,train,site2/train/video6,representative,q7,yes,yes,yes,yes
HR0221,site2/train/video6frame044,EndoVis 2018,train,site2/train/video6,representative,q9,none,none,none,none
HR0222,site2/train/video6frame064,EndoVis 2018,train,site2/train/video6,representative,q4.bleeding,no,no,no,no
HR0222,site2/train/video6frame064,EndoVis 2018,train,site2/train/video6,representative,q4.smoke,no,no,no,no
HR0222,site2/train/video6frame064,EndoVis 2018,train,site2/train/video6,representative,q4.occlusion,no,no,no,no
HR0222,site2/train/video6frame064,EndoVis 2018,train,site2/train/video6,representative,q5,clear,clear,clear,clear
HR0222,site2/train/video6frame064,EndoVis 2018,train,site2/train/video6,representative,q6,no,no,no,no
HR0222,site2/train/video6frame064,EndoVis 2018,train,site2/train/video6,representative,q7,yes,yes,yes,yes
HR0222,site2/train/video6frame064,EndoVis 2018,train,site2/train/video6,representative,q9,none,none,none,none
HR0223,site2/train/video6frame086,EndoVis 2018,train,site2/train/video6,representative,q4.bleeding,no,no,no,no
HR0223,site2/train/video6frame086,EndoVis 2018,train,site2/train/video6,representative,q4.smoke,no,no,no,no
HR0223,site2/train/video6frame086,EndoVis 2018,train,site2/train/video6,representative,q4.occlusion,no,no,no,no
HR0223,site2/train/video6frame086,EndoVis 2018,train,site2/train/video6,representative,q5,clear,clear,clear,clear
HR0223,site2/train/video6frame086,EndoVis 2018,train,site2/train/video6,representative,q6,no,no,no,no
HR0223,site2/train/video6frame086,EndoVis 2018,train,site2/train/video6,representative,q7,yes,yes,yes,yes
HR0223,site2/train/video6frame086,EndoVis 2018,train,site2/train/video6,representative,q9,none,none,none,none
HR0224,site2/train/video6frame105,EndoVis 2018,train,site2/train/video6,representative,q4.bleeding,yes,yes,yes,yes
HR0224,site2/train/video6frame105,EndoVis 2018,train,site2/train/video6,representative,q4.smoke,no,no,no,no
HR0224,site2/train/video6frame105,EndoVis 2018,train,site2/train/video6,representative,q4.occlusion,no,no,no,no
HR0224,site2/train/video6frame105,EndoVis 2018,train,site2/train/video6,representative,q5,clear,clear,clear,clear
HR0224,site2/train/video6frame105,EndoVis 2018,train,site2/train/video6,representative,q6,no,no,no,no
HR0224,site2/train/video6frame105,EndoVis 2018,train,site2/train/video6,representative,q7,yes,yes,yes,yes
HR0224,site2/train/video6frame105,EndoVis 2018,train,site2/train/video6,representative,q9,none,none,none,none
HR0225,site2/train/video6frame127,EndoVis 2018,train,site2/train/video6,representative,q4.bleeding,no,yes,no,yes
HR0225,site2/train/video6frame127,EndoVis 2018,train,site2/train/video6,representative,q4.smoke,no,no,no,no
HR0225,site2/train/video6frame127,EndoVis 2018,train,site2/train/video6,representative,q4.occlusion,no,no,no,no
HR0225,site2/train/video6frame127,EndoVis 2018,train,site2/train/video6,representative,q5,clear,clear,clear,clear
HR0225,site2/train/video6frame127,EndoVis 2018,train,site2/train/video6,representative,q6,no,no,no,no
HR0225,site2/train/video6frame127,EndoVis 2018,train,site2/train/video6,representative,q7,yes,yes,yes,yes
HR0225,site2/train/video6frame127,EndoVis 2018,train,site2/train/video6,representative,q9,none,none,none,none
HR0226,site2/train/video6frame138,EndoVis 2018,train,site2/train/video6,representative,q4.bleeding,no,no,no,no
HR0226,site2/train/video6frame138,EndoVis 2018,train,site2/train/video6,representative,q4.smoke,no,no,no,no
HR0226,site2/train/video6frame138,EndoVis 2018,train,site2/train/video6,representative,q4.occlusion,no,no,no,no
HR0226,site2/train/video6frame138,EndoVis 2018,train,site2/train/video6,representative,q5,clear,clear,clear,clear
HR0226,site2/train/video6frame138,EndoVis 2018,train,site2/train/video6,representative,q6,no,no,no,no
HR0226,site2/train/video6frame138,EndoVis 2018,train,site2/train/video6,representative,q7,yes,yes,yes,yes
HR0226,site2/train/video6frame138,EndoVis 2018,train,site2/train/video6,representative,q9,none,none,none,none
HR0227,site2/train/video7frame000,EndoVis 2018,train,site2/train/video7,representative,q4.bleeding,yes,yes,yes,yes
HR0227,site2/train/video7frame000,EndoVis 2018,train,site2/train/video7,representative,q4.smoke,no,no,no,no
HR0227,site2/train/video7frame000,EndoVis 2018,train,site2/train/video7,representative,q4.occlusion,no,no,no,no
HR0227,site2/train/video7frame000,EndoVis 2018,train,site2/train/video7,representative,q5,clear,clear,clear,clear
HR0227,site2/train/video7frame000,EndoVis 2018,train,site2/train/video7,representative,q6,no,no,no,no
HR0227,site2/train/video7frame000,EndoVis 2018,train,site2/train/video7,representative,q7,yes,yes,yes,yes
HR0227,site2/train/video7frame000,EndoVis 2018,train,site2/train/video7,representative,q9,none,none,none,none
HR0228,site2/train/video7frame026,EndoVis 2018,train,site2/train/video7,representative,q4.bleeding,yes,yes,yes,yes
HR0228,site2/train/video7frame026,EndoVis 2018,train,site2/train/video7,representative,q4.smoke,no,no,no,no
HR0228,site2/train/video7frame026,EndoVis 2018,train,site2/train/video7,representative,q4.occlusion,no,yes,no,yes
HR0228,site2/train/video7frame026,EndoVis 2018,train,site2/train/video7,representative,q5,clear,blurry,clear,degraded
HR0228,site2/train/video7frame026,EndoVis 2018,train,site2/train/video7,representative,q6,no,no,no,no
HR0228,site2/train/video7frame026,EndoVis 2018,train,site2/train/video7,representative,q7,yes,no,yes,no
HR0228,site2/train/video7frame026,EndoVis 2018,train,site2/train/video7,representative,q9,none,none,none,none
HR0229,site2/train/video7frame031,EndoVis 2018,train,site2/train/video7,challenge,q4.bleeding,yes,yes,yes,yes
HR0229,site2/train/video7frame031,EndoVis 2018,train,site2/train/video7,challenge,q4.smoke,no,no,no,no
HR0229,site2/train/video7frame031,EndoVis 2018,train,site2/train/video7,challenge,q4.occlusion,no,yes,no,yes
HR0229,site2/train/video7frame031,EndoVis 2018,train,site2/train/video7,challenge,q5,clear,blurry,clear,degraded
HR0229,site2/train/video7frame031,EndoVis 2018,train,site2/train/video7,challenge,q6,no,no,no,no
HR0229,site2/train/video7frame031,EndoVis 2018,train,site2/train/video7,challenge,q7,yes,no,yes,no
HR0229,site2/train/video7frame031,EndoVis 2018,train,site2/train/video7,challenge,q9,none,none,none,none
HR0230,site2/train/video7frame041,EndoVis 2018,train,site2/train/video7,representative,q4.bleeding,yes,yes,yes,yes
HR0230,site2/train/video7frame041,EndoVis 2018,train,site2/train/video7,representative,q4.smoke,no,no,no,no
HR0230,site2/train/video7frame041,EndoVis 2018,train,site2/train/video7,representative,q4.occlusion,no,no,no,no
HR0230,site2/train/video7frame041,EndoVis 2018,train,site2/train/video7,representative,q5,clear,clear,clear,clear
HR0230,site2/train/video7frame041,EndoVis 2018,train,site2/train/video7,representative,q6,no,no,no,no
HR0230,site2/train/video7frame041,EndoVis 2018,train,site2/train/video7,representative,q7,yes,yes,yes,yes
HR0230,site2/train/video7frame041,EndoVis 2018,train,site2/train/video7,representative,q9,none,none,none,none
HR0231,site2/train/video7frame067,EndoVis 2018,train,site2/train/video7,representative,q4.bleeding,no,yes,no,yes
HR0231,site2/train/video7frame067,EndoVis 2018,train,site2/train/video7,representative,q4.smoke,no,no,no,no
HR0231,site2/train/video7frame067,EndoVis 2018,train,site2/train/video7,representative,q4.occlusion,no,yes,no,yes
HR0231,site2/train/video7frame067,EndoVis 2018,train,site2/train/video7,representative,q5,blurry,blurry,degraded,degraded
HR0231,site2/train/video7frame067,EndoVis 2018,train,site2/train/video7,representative,q6,no,no,no,no
HR0231,site2/train/video7frame067,EndoVis 2018,train,site2/train/video7,representative,q7,yes,no,yes,no
HR0231,site2/train/video7frame067,EndoVis 2018,train,site2/train/video7,representative,q9,none,none,none,none
HR0232,site2/train/video7frame076,EndoVis 2018,train,site2/train/video7,challenge,q4.bleeding,yes,yes,yes,yes
HR0232,site2/train/video7frame076,EndoVis 2018,train,site2/train/video7,challenge,q4.smoke,no,no,no,no
HR0232,site2/train/video7frame076,EndoVis 2018,train,site2/train/video7,challenge,q4.occlusion,no,yes,no,yes
HR0232,site2/train/video7frame076,EndoVis 2018,train,site2/train/video7,challenge,q5,clear,blurry,clear,degraded
HR0232,site2/train/video7frame076,EndoVis 2018,train,site2/train/video7,challenge,q6,no,no,no,no
HR0232,site2/train/video7frame076,EndoVis 2018,train,site2/train/video7,challenge,q7,yes,no,yes,no
HR0232,site2/train/video7frame076,EndoVis 2018,train,site2/train/video7,challenge,q9,none,none,none,none
HR0233,site2/train/video7frame077,EndoVis 2018,train,site2/train/video7,challenge,q4.bleeding,yes,yes,yes,yes
HR0233,site2/train/video7frame077,EndoVis 2018,train,site2/train/video7,challenge,q4.smoke,no,no,no,no
HR0233,site2/train/video7frame077,EndoVis 2018,train,site2/train/video7,challenge,q4.occlusion,no,yes,no,yes
HR0233,site2/train/video7frame077,EndoVis 2018,train,site2/train/video7,challenge,q5,clear,blurry,clear,degraded
HR0233,site2/train/video7frame077,EndoVis 2018,train,site2/train/video7,challenge,q6,no,no,no,no
HR0233,site2/train/video7frame077,EndoVis 2018,train,site2/train/video7,challenge,q7,yes,no,yes,no
HR0233,site2/train/video7frame077,EndoVis 2018,train,site2/train/video7,challenge,q9,none,none,none,none
HR0234,site2/train/video7frame081,EndoVis 2018,train,site2/train/video7,challenge,q4.bleeding,yes,yes,yes,yes
HR0234,site2/train/video7frame081,EndoVis 2018,train,site2/train/video7,challenge,q4.smoke,no,no,no,no
HR0234,site2/train/video7frame081,EndoVis 2018,train,site2/train/video7,challenge,q4.occlusion,no,yes,no,yes
HR0234,site2/train/video7frame081,EndoVis 2018,train,site2/train/video7,challenge,q5,clear,blurry,clear,degraded
HR0234,site2/train/video7frame081,EndoVis 2018,train,site2/train/video7,challenge,q6,no,no,no,no
HR0234,site2/train/video7frame081,EndoVis 2018,train,site2/train/video7,challenge,q7,yes,no,yes,no
HR0234,site2/train/video7frame081,EndoVis 2018,train,site2/train/video7,challenge,q9,none,none,none,none
HR0235,site2/train/video7frame087,EndoVis 2018,train,site2/train/video7,representative,q4.bleeding,yes,yes,yes,yes
HR0235,site2/train/video7frame087,EndoVis 2018,train,site2/train/video7,representative,q4.smoke,no,no,no,no
HR0235,site2/train/video7frame087,EndoVis 2018,train,site2/train/video7,representative,q4.occlusion,no,no,no,no
HR0235,site2/train/video7frame087,EndoVis 2018,train,site2/train/video7,representative,q5,clear,clear,clear,clear
HR0235,site2/train/video7frame087,EndoVis 2018,train,site2/train/video7,representative,q6,no,no,no,no
HR0235,site2/train/video7frame087,EndoVis 2018,train,site2/train/video7,representative,q7,yes,yes,yes,yes
HR0235,site2/train/video7frame087,EndoVis 2018,train,site2/train/video7,representative,q9,none,none,none,none
HR0236,site2/train/video7frame097,EndoVis 2018,train,site2/train/video7,challenge,q4.bleeding,yes,yes,yes,yes
HR0236,site2/train/video7frame097,EndoVis 2018,train,site2/train/video7,challenge,q4.smoke,no,no,no,no
HR0236,site2/train/video7frame097,EndoVis 2018,train,site2/train/video7,challenge,q4.occlusion,no,yes,no,yes
HR0236,site2/train/video7frame097,EndoVis 2018,train,site2/train/video7,challenge,q5,clear,blurry,clear,degraded
HR0236,site2/train/video7frame097,EndoVis 2018,train,site2/train/video7,challenge,q6,no,no,no,no
HR0236,site2/train/video7frame097,EndoVis 2018,train,site2/train/video7,challenge,q7,yes,no,yes,no
HR0236,site2/train/video7frame097,EndoVis 2018,train,site2/train/video7,challenge,q9,none,none,none,none
HR0237,site2/train/video7frame104,EndoVis 2018,train,site2/train/video7,representative,q4.bleeding,yes,yes,yes,yes
HR0237,site2/train/video7frame104,EndoVis 2018,train,site2/train/video7,representative,q4.smoke,no,no,no,no
HR0237,site2/train/video7frame104,EndoVis 2018,train,site2/train/video7,representative,q4.occlusion,no,no,no,no
HR0237,site2/train/video7frame104,EndoVis 2018,train,site2/train/video7,representative,q5,clear,blurry,clear,degraded
HR0237,site2/train/video7frame104,EndoVis 2018,train,site2/train/video7,representative,q6,no,no,no,no
HR0237,site2/train/video7frame104,EndoVis 2018,train,site2/train/video7,representative,q7,yes,no,yes,no
HR0237,site2/train/video7frame104,EndoVis 2018,train,site2/train/video7,representative,q9,none,none,none,none
HR0238,site2/train/video7frame129,EndoVis 2018,train,site2/train/video7,representative,q4.bleeding,no,yes,no,yes
HR0238,site2/train/video7frame129,EndoVis 2018,train,site2/train/video7,representative,q4.smoke,no,no,no,no
HR0238,site2/train/video7frame129,EndoVis 2018,train,site2/train/video7,representative,q4.occlusion,no,no,no,no
HR0238,site2/train/video7frame129,EndoVis 2018,train,site2/train/video7,representative,q5,clear,clear,clear,clear
HR0238,site2/train/video7frame129,EndoVis 2018,train,site2/train/video7,representative,q6,no,no,no,no
HR0238,site2/train/video7frame129,EndoVis 2018,train,site2/train/video7,representative,q7,yes,yes,yes,yes
HR0238,site2/train/video7frame129,EndoVis 2018,train,site2/train/video7,representative,q9,none,none,none,none
HR0239,site2/train/video7frame132,EndoVis 2018,train,site2/train/video7,representative,q4.bleeding,yes,yes,yes,yes
HR0239,site2/train/video7frame132,EndoVis 2018,train,site2/train/video7,representative,q4.smoke,no,no,no,no
HR0239,site2/train/video7frame132,EndoVis 2018,train,site2/train/video7,representative,q4.occlusion,no,no,no,no
HR0239,site2/train/video7frame132,EndoVis 2018,train,site2/train/video7,representative,q5,clear,clear,clear,clear
HR0239,site2/train/video7frame132,EndoVis 2018,train,site2/train/video7,representative,q6,no,no,no,no
HR0239,site2/train/video7frame132,EndoVis 2018,train,site2/train/video7,representative,q7,yes,yes,yes,yes
HR0239,site2/train/video7frame132,EndoVis 2018,train,site2/train/video7,representative,q9,none,none,none,none
HR0240,site2/train/video7frame146,EndoVis 2018,train,site2/train/video7,challenge,q4.bleeding,yes,yes,yes,yes
HR0240,site2/train/video7frame146,EndoVis 2018,train,site2/train/video7,challenge,q4.smoke,no,no,no,no
HR0240,site2/train/video7frame146,EndoVis 2018,train,site2/train/video7,challenge,q4.occlusion,no,yes,no,yes
HR0240,site2/train/video7frame146,EndoVis 2018,train,site2/train/video7,challenge,q5,clear,mixed,clear,degraded
HR0240,site2/train/video7frame146,EndoVis 2018,train,site2/train/video7,challenge,q6,no,no,no,no
HR0240,site2/train/video7frame146,EndoVis 2018,train,site2/train/video7,challenge,q7,yes,no,yes,no
HR0240,site2/train/video7frame146,EndoVis 2018,train,site2/train/video7,challenge,q9,none,none,none,none
HR0241,site2/train/video9frame012,EndoVis 2018,train,site2/train/video9,representative,q4.bleeding,no,no,no,no
HR0241,site2/train/video9frame012,EndoVis 2018,train,site2/train/video9,representative,q4.smoke,no,no,no,no
HR0241,site2/train/video9frame012,EndoVis 2018,train,site2/train/video9,representative,q4.occlusion,no,no,no,no
HR0241,site2/train/video9frame012,EndoVis 2018,train,site2/train/video9,representative,q5,clear,clear,clear,clear
HR0241,site2/train/video9frame012,EndoVis 2018,train,site2/train/video9,representative,q6,no,no,no,no
HR0241,site2/train/video9frame012,EndoVis 2018,train,site2/train/video9,representative,q7,yes,yes,yes,yes
HR0241,site2/train/video9frame012,EndoVis 2018,train,site2/train/video9,representative,q9,none,none,none,none
HR0242,site2/train/video9frame020,EndoVis 2018,train,site2/train/video9,representative,q4.bleeding,no,no,no,no
HR0242,site2/train/video9frame020,EndoVis 2018,train,site2/train/video9,representative,q4.smoke,no,no,no,no
HR0242,site2/train/video9frame020,EndoVis 2018,train,site2/train/video9,representative,q4.occlusion,no,no,no,no
HR0242,site2/train/video9frame020,EndoVis 2018,train,site2/train/video9,representative,q5,clear,clear,clear,clear
HR0242,site2/train/video9frame020,EndoVis 2018,train,site2/train/video9,representative,q6,yes,no,yes,no
HR0242,site2/train/video9frame020,EndoVis 2018,train,site2/train/video9,representative,q7,yes,yes,yes,yes
HR0242,site2/train/video9frame020,EndoVis 2018,train,site2/train/video9,representative,q9,none,none,none,none
HR0243,site2/train/video9frame055,EndoVis 2018,train,site2/train/video9,representative,q4.bleeding,no,yes,no,yes
HR0243,site2/train/video9frame055,EndoVis 2018,train,site2/train/video9,representative,q4.smoke,no,no,no,no
HR0243,site2/train/video9frame055,EndoVis 2018,train,site2/train/video9,representative,q4.occlusion,no,no,no,no
HR0243,site2/train/video9frame055,EndoVis 2018,train,site2/train/video9,representative,q5,clear,clear,clear,clear
HR0243,site2/train/video9frame055,EndoVis 2018,train,site2/train/video9,representative,q6,no,no,no,no
HR0243,site2/train/video9frame055,EndoVis 2018,train,site2/train/video9,representative,q7,yes,yes,yes,yes
HR0243,site2/train/video9frame055,EndoVis 2018,train,site2/train/video9,representative,q9,none,none,none,none
HR0244,site2/train/video9frame064,EndoVis 2018,train,site2/train/video9,representative,q4.bleeding,no,no,no,no
HR0244,site2/train/video9frame064,EndoVis 2018,train,site2/train/video9,representative,q4.smoke,no,no,no,no
HR0244,site2/train/video9frame064,EndoVis 2018,train,site2/train/video9,representative,q4.occlusion,no,no,no,no
HR0244,site2/train/video9frame064,EndoVis 2018,train,site2/train/video9,representative,q5,clear,clear,clear,clear
HR0244,site2/train/video9frame064,EndoVis 2018,train,site2/train/video9,representative,q6,yes,no,yes,no
HR0244,site2/train/video9frame064,EndoVis 2018,train,site2/train/video9,representative,q7,yes,yes,yes,yes
HR0244,site2/train/video9frame064,EndoVis 2018,train,site2/train/video9,representative,q9,none,none,none,none
HR0245,site2/train/video9frame078,EndoVis 2018,train,site2/train/video9,representative,q4.bleeding,no,no,no,no
HR0245,site2/train/video9frame078,EndoVis 2018,train,site2/train/video9,representative,q4.smoke,no,no,no,no
HR0245,site2/train/video9frame078,EndoVis 2018,train,site2/train/video9,representative,q4.occlusion,no,no,no,no
HR0245,site2/train/video9frame078,EndoVis 2018,train,site2/train/video9,representative,q5,clear,clear,clear,clear
HR0245,site2/train/video9frame078,EndoVis 2018,train,site2/train/video9,representative,q6,no,no,no,no
HR0245,site2/train/video9frame078,EndoVis 2018,train,site2/train/video9,representative,q7,yes,yes,yes,yes
HR0245,site2/train/video9frame078,EndoVis 2018,train,site2/train/video9,representative,q9,none,none,none,none
HR0246,site2/train/video9frame099,EndoVis 2018,train,site2/train/video9,representative,q4.bleeding,no,no,no,no
HR0246,site2/train/video9frame099,EndoVis 2018,train,site2/train/video9,representative,q4.smoke,no,no,no,no
HR0246,site2/train/video9frame099,EndoVis 2018,train,site2/train/video9,representative,q4.occlusion,no,no,no,no
HR0246,site2/train/video9frame099,EndoVis 2018,train,site2/train/video9,representative,q5,clear,clear,clear,clear
HR0246,site2/train/video9frame099,EndoVis 2018,train,site2/train/video9,representative,q6,no,no,no,no
HR0246,site2/train/video9frame099,EndoVis 2018,train,site2/train/video9,representative,q7,yes,yes,yes,yes
HR0246,site2/train/video9frame099,EndoVis 2018,train,site2/train/video9,representative,q9,none,none,none,none
HR0247,site2/train/video9frame116,EndoVis 2018,train,site2/train/video9,representative,q4.bleeding,no,no,no,no
HR0247,site2/train/video9frame116,EndoVis 2018,train,site2/train/video9,representative,q4.smoke,no,no,no,no
HR0247,site2/train/video9frame116,EndoVis 2018,train,site2/train/video9,representative,q4.occlusion,no,no,no,no
HR0247,site2/train/video9frame116,EndoVis 2018,train,site2/train/video9,representative,q5,clear,clear,clear,clear
HR0247,site2/train/video9frame116,EndoVis 2018,train,site2/train/video9,representative,q6,no,no,no,no
HR0247,site2/train/video9frame116,EndoVis 2018,train,site2/train/video9,representative,q7,yes,yes,yes,yes
HR0247,site2/train/video9frame116,EndoVis 2018,train,site2/train/video9,representative,q9,none,none,none,none
HR0248,site2/train/video9frame131,EndoVis 2018,train,site2/train/video9,representative,q4.bleeding,no,no,no,no
HR0248,site2/train/video9frame131,EndoVis 2018,train,site2/train/video9,representative,q4.smoke,no,no,no,no
HR0248,site2/train/video9frame131,EndoVis 2018,train,site2/train/video9,representative,q4.occlusion,no,no,no,no
HR0248,site2/train/video9frame131,EndoVis 2018,train,site2/train/video9,representative,q5,reflective,clear,degraded,clear
HR0248,site2/train/video9frame131,EndoVis 2018,train,site2/train/video9,representative,q6,yes,no,yes,no
HR0248,site2/train/video9frame131,EndoVis 2018,train,site2/train/video9,representative,q7,yes,yes,yes,yes
HR0248,site2/train/video9frame131,EndoVis 2018,train,site2/train/video9,representative,q9,none,none,none,none
HR0250,site2/train/video9frame138,EndoVis 2018,train,site2/train/video9,challenge,q4.bleeding,no,no,no,no
HR0250,site2/train/video9frame138,EndoVis 2018,train,site2/train/video9,challenge,q4.smoke,no,no,no,no
HR0250,site2/train/video9frame138,EndoVis 2018,train,site2/train/video9,challenge,q4.occlusion,no,no,no,no
HR0250,site2/train/video9frame138,EndoVis 2018,train,site2/train/video9,challenge,q5,mixed,blurry,degraded,degraded
HR0250,site2/train/video9frame138,EndoVis 2018,train,site2/train/video9,challenge,q6,yes,yes,yes,yes
HR0250,site2/train/video9frame138,EndoVis 2018,train,site2/train/video9,challenge,q7,yes,no,yes,no
HR0250,site2/train/video9frame138,EndoVis 2018,train,site2/train/video9,challenge,q9,none,none,none,none
