record_id,dataset,site,split,video_key,frame_index,target_name,central_region,central_instrument_fraction,positive_threshold,label
site1/train/video1frame000,EndoVis 2017,site1,train,site1/video1,0,q8_mask_center_5pct_v1,x=25%-75%; y=25%-75%,0.1918670684,>=0.05,yes
site1/train/video1frame001,EndoVis 2017,site1,train,site1/video1,1,q8_mask_center_5pct_v1,x=25%-75%; y=25%-75%,0.2110290527,>=0.05,yes
site1/train/video1frame002,EndoVis 2017,site1,train,site1/video1,2,q8_mask_center_5pct_v1,x=25%-75%; y=25%-75%,0.2074615508,>=0.05,yes
site1/train/video1frame003,EndoVis 2017,site1,train,site1/video1,3,q8_mask_center_5pct_v1,x=25%-75%; y=25%-75%,0.1903045624,>=0.05,yes
site1/train/video1frame004,EndoVis 2017,site1,train,site1/video1,4,q8_mask_center_5pct_v1,x=25%-75%; y=25%-75%,0.2097686827,>=0.05,yes
site1/train/video1frame005,EndoVis 2017,site1,train,site1/video1,5,q8_mask_center_5pct_v1,x=25%-75%; y=25%-75%,0.1929931641,>=0.05,yes
site1/train/video1frame006,EndoVis 2017,site1,train,site1/video1,6,q8_mask_center_5pct_v1,x=25%-75%; y=25%-75%,0.2688140869,>=0.05,yes
site1/train/video1frame007,EndoVis 2017,site1,train,site1/video1,7,q8_mask_center_5pct_v1,x=25%-75%; y=25%-75%,0.3495574892,>=0.05,yes
site1/train/video1frame008,EndoVis 2017,site1,train,site1/video1,8,q8_mask_center_5pct_v1,x=25%-75%; y=25%-75%,0.3225433230,>=0.05,yes
site1/train/video1frame009,EndoVis 2017,site1,train,site1/video1,9,q8_mask_center_5pct_v1,x=25%-75%; y=25%-75%,0.3308075070,>=0.05,yes
site1/train/video1frame010,EndoVis 2017,site1,train,site1/video1,10,q8_mask_center_5pct_v1,x=25%-75%; y=25%-75%,0.2460510284,>=0.05,yes
site1/train/video1frame011,EndoVis 2017,site1,train,site1/video1,11,q8_mask_center_5pct_v1,x=25%-75%; y=25%-75%,0.2023712099,>=0.05,yes
site1/train/video1frame012,EndoVis 2017,site1,train,site1/video1,12,q8_mask_center_5pct_v1,x=25%-75%; y=25%-75%,0.2593871951,>=0.05,yes
site1/train/video1frame013,EndoVis 2017,site1,train,site1/video1,13,q8_mask_center_5pct_v1,x=25%-75%; y=25%-75%,0.2068878114,>=0.05,yes
site1/train/video1frame014,EndoVis 2017,site1,train,site1/video1,14,q8_mask_center_5pct_v1,x=25%-75%; y=25%-75%,0.2386871278,>=0.05,yes
site1/train/video1frame015,EndoVis 2017,site1,train,site1/video1,15,q8_mask_center_5pct_v1,x=25%-75%; y=25%-75%,0.2891204953,>=0.05,yes
site1/train/video1frame016,EndoVis 2017,site1,train,site1/video1,16,q8_mask_center_5pct_v1,x=25%-75%; y=25%-75%,0.2950134277,>=0.05,yes
site1/train/video1frame017,EndoVis 2017,site1,train,site1/video1,17,q8_mask_center_5pct_v1,x=25%-75%; y=25%-75%,0.2427459657,>=0.05,yes
site1/train/video1frame018,EndoVis 2017,site1,train,site1/video1,18,q8_mask_center_5pct_v1,x=25%-75%; y=25%-75%,0.0372131355,>=0.05,no
site1/train/video1frame019,EndoVis 2017,site1,train,site1/video1,19,q8_mask_center_5pct_v1,x=25%-75%; y=25%-75%,0.1163635254,>=0.05,yes
site1/train/video1frame020,EndoVis 2017,site1,train,site1/video1,20,q8_mask_center_5pct_v1,x=25%-75%; y=25%-75%,0.3553131223,>=0.05,yes
site1/train/video1frame021,EndoVis 2017,site1,train,site1/video1,21,q8_mask_center_5pct_v1,x=25%-75%; y=25%-75%,0.3651092649,>=0.05,yes
site1/train/video1frame022,EndoVis 2017,site1,train,site1/video1,22,q8_mask_center_5pct_v1,x=25%-75%; y=25%-75%,0.4312072694,>=0.05,yes
site1/train/video1frame023,EndoVis 2017,site1,train,site1/video1,23,q8_mask_center_5pct_v1,x=25%-75%; y=25%-75%,0.4844604433,>=0.05,yes
site1/train/video1frame024,EndoVis 2017,site1,train,site1/video1,24,q8_mask_center_5pct_v1,x=25%-75%; y=25%-75%,0.4785217345,>=0.05,yes
site1/train/video1frame025,EndoVis 2017,site1,train,site1/video1,25,q8_mask_center_5pct_v1,x=25%-75%; y=25%-75%,0.4783569276,>=0.05,yes
site1/train/video1frame026,EndoVis 2017,site1,train,site1/video1,26,q8_mask_center_5pct_v1,x=25%-75%; y=25%-75%,0.4549652040,>=0.05,yes
site1/train/video1frame027,EndoVis 2017,site1,train,site1/video1,27,q8_mask_center_5pct_v1,x=25%-75%; y=25%-75%,0.4375762939,>=0.05,yes
site1/train/video1frame028,EndoVis 2017,site1,train,site1/video1,28,q8_mask_center_5pct_v1,x=25%-75%; y=25%-75%,0.4395965636,>=0.05,yes
site1/train/video1frame029,EndoVis 2017,site1,train,site1/video1,29,q8_mask_center_5pct_v1,x=25%-75%; y=25%-75%,0.4410217404,>=0.05,yes
site1/train/video1frame030,EndoVis 2017,site1,train,site1/video1,30,q8_mask_center_5pct_v1,x=25%-75%; y=25%-75%,0.3966857791,>=0.05,yes
site1/train/video1frame031,EndoVis 2017,site1,train,site1/video1,31,q8_mask_center_5pct_v1,x=25%-75%; y=25%-75%,0.4040832520,>=0.05,yes
site1/train/video1frame032,EndoVis 2017,site1,train,site1/video1,32,q8_mask_center_5pct_v1,x=25%-75%; y=25%-75%,0.4039794803,>=0.05,yes
site1/train/video1frame033,EndoVis 2017,site1,train,site1/video1,33,q8_mask_center_5pct_v1,x=25%-75%; y=25%-75%,0.4074829221,>=0.05,yes
site1/train/video1frame034,EndoVis 2017,site1,train,site1/video1,34,q8_mask_center_5pct_v1,x=25%-75%; y=25%-75%,0.4126953185,>=0.05,yes
site1/train/video1frame035,EndoVis 2017,site1,train,site1/video1,35,q8_mask_center_5pct_v1,x=25%-75%; y=25%-75%,0.4150482118,>=0.05,yes
site1/train/video1frame036,EndoVis 2017,site1,train,site1/video1,36,q8_mask_center_5pct_v1,x=25%-75%; y=25%-75%,0.4135833681,>=0.05,yes
site1/train/video1frame037,EndoVis 2017,site1,train,site1/video1,37,q8_mask_center_5pct_v1,x=25%-75%; y=25%-75%,0.4164153934,>=0.05,yes
site1/train/video1frame038,EndoVis 2017,site1,train,site1/video1,38,q8_mask_center_5pct_v1,x=25%-75%; y=25%-75%,0.4086090028,>=0.05,yes
site1/train/video1frame039,EndoVis 2017,site1,train,site1/video1,39,q8_mask_center_5pct_v1,x=25%-75%; y=25%-75%,0.4045074582,>=0.05,yes
site1/train/video1frame040,EndoVis 2017,site1,train,site1/video1,40,q8_mask_center_5pct_v1,x=25%-75%; y=25%-75%,0.4047485292,>=0.05,yes
site1/train/video1frame041,EndoVis 2017,site1,train,site1/video1,41,q8_mask_center_5pct_v1,x=25%-75%; y=25%-75%,0.4079956114,>=0.05,yes
site1/train/video1frame042,EndoVis 2017,site1,train,site1/video1,42,q8_mask_center_5pct_v1,x=25%-75%; y=25%-75%,0.4104095399,>=0.05,yes
site1/train/video1frame043,EndoVis 2017,site1,train,site1/video1,43,q8_mask_center_5pct_v1,x=25%-75%; y=25%-75%,0.4141632020,>=0.05,yes
site1/train/video1frame044,EndoVis 2017,site1,train,site1/video1,44,q8_mask_center_5pct_v1,x=25%-75%; y=25%-75%,0.4173309207,>=0.05,yes
site1/train/video1frame045,EndoVis 2017,site1,train,site1/video1,45,q8_mask_center_5pct_v1,x=25%-75%; y=25%-75%,0.4193634093,>=0.05,yes
site1/train/video1frame046,EndoVis 2017,site1,train,site1/video1,46,q8_mask_center_5pct_v1,x=25%-75%; y=25%-75%,0.2546874881,>=0.05,yes
site1/train/video1frame047,EndoVis 2017,site1,train,site1/video1,47,q8_mask_center_5pct_v1,x=25%-75%; y=25%-75%,0.1205932647,>=0.05,yes
site1/train/video1frame048,EndoVis 2017,site1,train,site1/video1,48,q8_mask_center_5pct_v1,x=25%-75%; y=25%-75%,0.1149322540,>=0.05,yes
site1/train/video1frame049,EndoVis 2017,site1,train,site1/video1,49,q8_mask_center_5pct_v1,x=25%-75%; y=25%-75%,0.0984893814,>=0.05,yes
site1/train/video1frame050,EndoVis 2017,site1,train,site1/video1,50,q8_mask_center_5pct_v1,x=25%-75%; y=25%-75%,0.0940826386,>=0.05,yes
site1/train/video1frame051,EndoVis 2017,site1,train,site1/video1,51,q8_mask_center_5pct_v1,x=25%-75%; y=25%-75%,0.0777618438,>=0.05,yes
site1/train/video1frame052,EndoVis 2017,site1,train,site1/video1,52,q8_mask_center_5pct_v1,x=25%-75%; y=25%-75%,0.0516723618,>=0.05,yes
site1/train/video1frame053,EndoVis 2017,site1,train,site1/video1,53,q8_mask_center_5pct_v1,x=25%-75%; y=25%-75%,0.0900543183,>=0.05,yes
site1/train/video1frame054,EndoVis 2017,site1,train,site1/video1,54,q8_mask_center_5pct_v1,x=25%-75%; y=25%-75%,0.0864898711,>=0.05,yes
site1/train/video1frame055,EndoVis 2017,site1,train,site1/video1,55,q8_mask_center_5pct_v1,x=25%-75%; y=25%-75%,0.0310760494,>=0.05,no
site1/train/video1frame056,EndoVis 2017,site1,train,site1/video1,56,q8_mask_center_5pct_v1,x=25%-75%; y=25%-75%,0.3361023068,>=0.05,yes
site1/train/video1frame057,EndoVis 2017,site1,train,site1/video1,57,q8_mask_center_5pct_v1,x=25%-75%; y=25%-75%,0.2636505067,>=0.05,yes
site1/train/video1frame058,EndoVis 2017,site1,train,site1/video1,58,q8_mask_center_5pct_v1,x=25%-75%; y=25%-75%,0.0728393570,>=0.05,yes
site1/train/video1frame059,EndoVis 2017,site1,train,site1/video1,59,q8_mask_center_5pct_v1,x=25%-75%; y=25%-75%,0.1376495361,>=0.05,yes
site1/train/video1frame060,EndoVis 2017,site1,train,site1/video1,60,q8_mask_center_5pct_v1,x=25%-75%; y=25%-75%,0.1215972900,>=0.05,yes
site1/train/video1frame061,EndoVis 2017,site1,train,site1/video1,61,q8_mask_center_5pct_v1,x=25%-75%; y=25%-75%,0.0642272979,>=0.05,yes
site1/train/video1frame062,EndoVis 2017,site1,train,site1/video1,62,q8_mask_center_5pct_v1,x=25%-75%; y=25%-75%,0.0882110596,>=0.05,yes
site1/train/video1frame063,EndoVis 2017,site1,train,site1/video1,63,q8_mask_center_5pct_v1,x=25%-75%; y=25%-75%,0.0712188706,>=0.05,yes
site1/train/video1frame064,EndoVis 2017,site1,train,site1/video1,64,q8_mask_center_5pct_v1,x=25%-75%; y=25%-75%,0.0780029297,>=0.05,yes
site1/train/video1frame065,EndoVis 2017,site1,train,site1/video1,65,q8_mask_center_5pct_v1,x=25%-75%; y=25%-75%,0.1256317198,>=0.05,yes
site1/train/video1frame066,EndoVis 2017,site1,train,site1/video1,66,q8_mask_center_5pct_v1,x=25%-75%; y=25%-75%,0.1202331558,>=0.05,yes
site1/train/video1frame067,EndoVis 2017,site1,train,site1/video1,67,q8_mask_center_5pct_v1,x=25%-75%; y=25%-75%,0.1419677734,>=0.05,yes
site1/train/video1frame068,EndoVis 2017,site1,train,site1/video1,68,q8_mask_center_5pct_v1,x=25%-75%; y=25%-75%,0.1203308105,>=0.05,yes
site1/train/video1frame069,EndoVis 2017,site1,train,site1/video1,69,q8_mask_center_5pct_v1,x=25%-75%; y=25%-75%,0.0794616714,>=0.05,yes
site1/train/video1frame070,EndoVis 2017,site1,train,site1/video1,70,q8_mask_center_5pct_v1,x=25%-75%; y=25%-75%,0.0568084717,>=0.05,yes
site1/train/video1frame071,EndoVis 2017,site1,train,site1/video1,71,q8_mask_center_5pct_v1,x=25%-75%; y=25%-75%,0.0771179199,>=0.05,yes
site1/train/video1frame072,EndoVis 2017,site1,train,site1/video1,72,q8_mask_center_5pct_v1,x=25%-75%; y=25%-75%,0.0677185059,>=0.05,yes
site1/train/video1frame073,EndoVis 2017,site1,train,site1/video1,73,q8_mask_center_5pct_v1,x=25%-75%; y=25%-75%,0.0116607668,>=0.05,no
site1/train/video1frame074,EndoVis 2017,site1,train,site1/video1,74,q8_mask_center_5pct_v1,x=25%-75%; y=25%-75%,0.0113464352,>=0.05,no
site1/train/video1frame075,EndoVis 2017,site1,train,site1/video1,75,q8_mask_center_5pct_v1,x=25%-75%; y=25%-75%,0.0005981445,>=0.05,no
site1/train/video1frame076,EndoVis 2017,site1,train,site1/video1,76,q8_mask_center_5pct_v1,x=25%-75%; y=25%-75%,0.0000000000,>=0.05,no
site1/train/video1frame077,EndoVis 2017,site1,train,site1/video1,77,q8_mask_center_5pct_v1,x=25%-75%; y=25%-75%,0.0000000000,>=0.05,no
site1/train/video1frame078,EndoVis 2017,site1,train,site1/video1,78,q8_mask_center_5pct_v1,x=25%-75%; y=25%-75%,0.0000000000,>=0.05,no
site1/train/video1frame079,EndoVis 2017,site1,train,site1/video1,79,q8_mask_center_5pct_v1,x=25%-75%; y=25%-75%,0.0862518325,>=0.05,yes
site1/train/video1frame080,EndoVis 2017,site1,train,site1/video1,80,q8_mask_center_5pct_v1,x=25%-75%; y=25%-75%,0.1471771300,>=0.05,yes
site1/train/video1frame081,EndoVis 2017,site1,train,site1/video1,81,q8_mask_center_5pct_v1,x=25%-75%; y=25%-75%,0.1305633485,>=0.05,yes
site1/train/video1frame082,EndoVis 2017,site1,train,site1/video1,82,q8_mask_center_5pct_v1,x=25%-75%; y=25%-75%,0.1248107925,>=0.05,yes
site1/train/video1frame083,EndoVis 2017,site1,train,site1/video1,83,q8_mask_center_5pct_v1,x=25%-75%; y=25%-75%,0.1307678223,>=0.05,yes
site1/train/video1frame084,EndoVis 2017,site1,train,site1/video1,84,q8_mask_center_5pct_v1,x=25%-75%; y=25%-75%,0.1718597412,>=0.05,yes
site1/train/video1frame085,EndoVis 2017,site1,train,site1/video1,85,q8_mask_center_5pct_v1,x=25%-75%; y=25%-75%,0.1915710419,>=0.05,yes
site1/train/video1frame086,EndoVis 2017,site1,train,site1/video1,86,q8_mask_center_5pct_v1,x=25%-75%; y=25%-75%,0.2086761445,>=0.05,yes
site1/train/video1frame087,EndoVis 2017,site1,train,site1/video1,87,q8_mask_center_5pct_v1,x=25%-75%; y=25%-75%,0.1822326630,>=0.05,yes
site1/train/video1frame088,EndoVis 2017,site1,train,site1/video1,88,q8_mask_center_5pct_v1,x=25%-75%; y=25%-75%,0.1639373749,>=0.05,yes
site1/train/video1frame089,EndoVis 2017,site1,train,site1/video1,89,q8_mask_center_5pct_v1,x=25%-75%; y=25%-75%,0.1620147675,>=0.05,yes
site1/train/video1frame090,EndoVis 2017,site1,train,site1/video1,90,q8_mask_center_5pct_v1,x=25%-75%; y=25%-75%,0.2249755859,>=0.05,yes
site1/train/video1frame091,EndoVis 2017,site1,train,site1/video1,91,q8_mask_center_5pct_v1,x=25%-75%; y=25%-75%,0.1967773438,>=0.05,yes
site1/train/video1frame092,EndoVis 2017,site1,train,site1/video1,92,q8_mask_center_5pct_v1,x=25%-75%; y=25%-75%,0.1785247773,>=0.05,yes
site1/train/video1frame093,EndoVis 2017,site1,train,site1/video1,93,q8_mask_center_5pct_v1,x=25%-75%; y=25%-75%,0.0208038334,>=0.05,no
site1/train/video1frame094,EndoVis 2017,site1,train,site1/video1,94,q8_mask_center_5pct_v1,x=25%-75%; y=25%-75%,0.0000000000,>=0.05,no
site1/train/video1frame095,EndoVis 2017,site1,train,site1/video1,95,q8_mask_center_5pct_v1,x=25%-75%; y=25%-75%,0.0007873535,>=0.05,no
site1/train/video1frame096,EndoVis 2017,site1,train,site1/video1,96,q8_mask_center_5pct_v1,x=25%-75%; y=25%-75%,0.0464019775,>=0.05,no
site1/train/video1frame097,EndoVis 2017,site1,train,site1/video1,97,q8_mask_center_5pct_v1,x=25%-75%; y=25%-75%,0.0923095718,>=0.05,yes
site1/train/video1frame098,EndoVis 2017,site1,train,site1/video1,98,q8_mask_center_5pct_v1,x=25%-75%; y=25%-75%,0.1055725068,>=0.05,yes
site1/train/video1frame099,EndoVis 2017,site1,train,site1/video1,99,q8_mask_center_5pct_v1,x=25%-75%; y=25%-75%,0.1724853516,>=0.05,yes
site1/train/video1frame100,EndoVis 2017,site1,train,site1/video1,100,q8_mask_center_5pct_v1,x=25%-75%; y=25%-75%,0.1666961610,>=0.05,yes
site1/train/video1frame101,EndoVis 2017,site1,train,site1/video1,101,q8_mask_center_5pct_v1,x=25%-75%; y=25%-75%,0.1598632783,>=0.05,yes
site1/train/video1frame102,EndoVis 2017,site1,train,site1/video1,102,q8_mask_center_5pct_v1,x=25%-75%; y=25%-75%,0.2001556456,>=0.05,yes
site1/train/video1frame103,EndoVis 2017,site1,train,site1/video1,103,q8_mask_center_5pct_v1,x=25%-75%; y=25%-75%,0.1951568574,>=0.05,yes
site1/train/video1frame104,EndoVis 2017,site1,train,site1/video1,104,q8_mask_center_5pct_v1,x=25%-75%; y=25%-75%,0.1987915039,>=0.05,yes
site1/train/video1frame105,EndoVis 2017,site1,train,site1/video1,105,q8_mask_center_5pct_v1,x=25%-75%; y=25%-75%,0.1478302032,>=0.05,yes
site1/train/video1frame106,EndoVis 2017,site1,train,site1/video1,106,q8_mask_center_5pct_v1,x=25%-75%; y=25%-75%,0.1443237364,>=0.05,yes
site1/train/video1frame107,EndoVis 2017,site1,train,site1/video1,107,q8_mask_center_5pct_v1,x=25%-75%; y=25%-75%,0.1410369873,>=0.05,yes
site1/train/video1frame108,EndoVis 2017,site1,train,site1/video1,108,q8_mask_center_5pct_v1,x=25%-75%; y=25%-75%,0.0569549575,>=0.05,yes
site1/train/video1frame109,EndoVis 2017,site1,train,site1/video1,109,q8_mask_center_5pct_v1,x=25%-75%; y=25%-75%,0.0048553469,>=0.05,no
site1/train/video1frame110,EndoVis 2017,site1,train,site1/video1,110,q8_mask_center_5pct_v1,x=25%-75%; y=25%-75%,0.0079620359,>=0.05,no
site1/train/video1frame111,EndoVis 2017,site1,train,site1/video1,111,q8_mask_center_5pct_v1,x=25%-75%; y=25%-75%,0.0058410643,>=0.05,no
site1/train/video1frame112,EndoVis 2017,site1,train,site1/video1,112,q8_mask_center_5pct_v1,x=25%-75%; y=25%-75%,0.0204406735,>=0.05,no
site1/train/video1frame113,EndoVis 2017,site1,train,site1/video1,113,q8_mask_center_5pct_v1,x=25%-75%; y=25%-75%,0.1000640839,>=0.05,yes
site1/train/video1frame114,EndoVis 2017,site1,train,site1/video1,114,q8_mask_center_5pct_v1,x=25%-75%; y=25%-75%,0.1123474091,>=0.05,yes
site1/train/video1frame115,EndoVis 2017,site1,train,site1/video1,115,q8_mask_center_5pct_v1,x=25%-75%; y=25%-75%,0.1176818833,>=0.05,yes
site1/train/video1frame116,EndoVis 2017,site1,train,site1/video1,116,q8_mask_center_5pct_v1,x=25%-75%; y=25%-75%,0.1285552979,>=0.05,yes
site1/train/video1frame117,EndoVis 2017,site1,train,site1/video1,117,q8_mask_center_5pct_v1,x=25%-75%; y=25%-75%,0.0897644013,>=0.05,yes
site1/train/video1frame118,EndoVis 2017,site1,train,site1/video1,118,q8_mask_center_5pct_v1,x=25%-75%; y=25%-75%,0.0629913360,>=0.05,yes
site1/train/video1frame119,EndoVis 2017,site1,train,site1/video1,119,q8_mask_center_5pct_v1,x=25%-75%; y=25%-75%,0.0468994156,>=0.05,no
site1/train/video1frame120,EndoVis 2017,site1,train,site1/video1,120,q8_mask_center_5pct_v1,x=25%-75%; y=25%-75%,0.0329376236,>=0.05,no
site1/train/video1frame121,EndoVis 2017,site1,train,site1/video1,121,q8_mask_center_5pct_v1,x=25%-75%; y=25%-75%,0.0635192841,>=0.05,yes
site1/train/video1frame122,EndoVis 2017,site1,train,site1/video1,122,q8_mask_center_5pct_v1,x=25%-75%; y=25%-75%,0.1471954286,>=0.05,yes
site1/train/video1frame123,EndoVis 2017,site1,train,site1/video1,123,q8_mask_center_5pct_v1,x=25%-75%; y=25%-75%,0.1581878662,>=0.05,yes
site1/train/video1frame124,EndoVis 2017,site1,train,site1/video1,124,q8_mask_center_5pct_v1,x=25%-75%; y=25%-75%,0.1580047607,>=0.05,yes
site1/train/video1frame125,EndoVis 2017,site1,train,site1/video1,125,q8_mask_center_5pct_v1,x=25%-75%; y=25%-75%,0.1932373047,>=0.05,yes
site1/train/video1frame126,EndoVis 2017,site1,train,site1/video1,126,q8_mask_center_5pct_v1,x=25%-75%; y=25%-75%,0.2586456239,>=0.05,yes
site1/train/video1frame127,EndoVis 2017,site1,train,site1/video1,127,q8_mask_center_5pct_v1,x=25%-75%; y=25%-75%,0.1614044160,>=0.05,yes
site1/train/video1frame128,EndoVis 2017,site1,train,site1/video1,128,q8_mask_center_5pct_v1,x=25%-75%; y=25%-75%,0.1027435288,>=0.05,yes
site1/train/video1frame129,EndoVis 2017,site1,train,site1/video1,129,q8_mask_center_5pct_v1,x=25%-75%; y=25%-75%,0.2164520323,>=0.05,yes
site1/train/video1frame130,EndoVis 2017,site1,train,site1/video1,130,q8_mask_center_5pct_v1,x=25%-75%; y=25%-75%,0.1201232895,>=0.05,yes
site1/train/video1frame131,EndoVis 2017,site1,train,site1/video1,131,q8_mask_center_5pct_v1,x=25%-75%; y=25%-75%,0.2160797119,>=0.05,yes
site1/train/video1frame132,EndoVis 2017,site1,train,site1/video1,132,q8_mask_center_5pct_v1,x=25%-75%; y=25%-75%,0.2602356076,>=0.05,yes
site1/train/video1frame133,EndoVis 2017,site1,train,site1/video1,133,q8_mask_center_5pct_v1,x=25%-75%; y=25%-75%,0.2279724181,>=0.05,yes
site1/train/video1frame134,EndoVis 2017,site1,train,site1/video1,134,q8_mask_center_5pct_v1,x=25%-75%; y=25%-75%,0.0746765137,>=0.05,yes
site1/train/video1frame135,EndoVis 2017,site1,train,site1/video1,135,q8_mask_center_5pct_v1,x=25%-75%; y=25%-75%,0.1849670410,>=0.05,yes
site1/train/video1frame136,EndoVis 2017,site1,train,site1/video1,136,q8_mask_center_5pct_v1,x=25%-75%; y=25%-75%,0.0989715606,>=0.05,yes
site1/train/video1frame137,EndoVis 2017,site1,train,site1/video1,137,q8_mask_center_5pct_v1,x=25%-75%; y=25%-75%,0.0466064438,>=0.05,no
site1/train/video1frame138,EndoVis 2017,site1,train,site1/video1,138,q8_mask_center_5pct_v1,x=25%-75%; y=25%-75%,0.4185455441,>=0.05,yes
site1/train/video1frame139,EndoVis 2017,site1,train,site1/video1,139,q8_mask_center_5pct_v1,x=25%-75%; y=25%-75%,0.2773223817,>=0.05,yes
site1/train/video1frame140,EndoVis 2017,site1,train,site1/video1,140,q8_mask_center_5pct_v1,x=25%-75%; y=25%-75%,0.2075714171,>=0.05,yes
site1/train/video1frame141,EndoVis 2017,site1,train,site1/video1,141,q8_mask_center_5pct_v1,x=25%-75%; y=25%-75%,0.3453338742,>=0.05,yes
site1/train/video1frame142,EndoVis 2017,site1,train,site1/video1,142,q8_mask_center_5pct_v1,x=25%-75%; y=25%-75%,0.3111968935,>=0.05,yes
site1/train/video1frame143,EndoVis 2017,site1,train,site1/video1,143,q8_mask_center_5pct_v1,x=25%-75%; y=25%-75%,0.3020721376,>=0.05,yes
site1/train/video1frame144,EndoVis 2017,site1,train,site1/video1,144,q8_mask_center_5pct_v1,x=25%-75%; y=25%-75%,0.2930206358,>=0.05,yes
site1/train/video1frame145,EndoVis 2017,site1,train,site1/video1,145,q8_mask_center_5pct_v1,x=25%-75%; y=25%-75%,0.1442230195,>=0.05,yes
site1/train/video1frame146,EndoVis 2017,site1,train,site1/video1,146,q8_mask_center_5pct_v1,x=25%-75%; y=25%-75%,0.0520355217,>=0.05,yes
site1/train/video1frame147,EndoVis 2017,site1,train,site1/video1,147,q8_mask_center_5pct_v1,x=25%-75%; y=25%-75%,0.0057159425,>=0.05,no
site1/train/video1frame148,EndoVis 2017,site1,train,site1/video1,148,q8_mask_center_5pct_v1,x=25%-75%; y=25%-75%,0.0100708008,>=0.05,no
site1/train/video1frame149,EndoVis 2017,site1,train,site1/video1,149,q8_mask_center_5pct_v1,x=25%-75%; y=25%-75%,0.0127746584,>=0.05,no
site1/train/video1frame150,EndoVis 2017,site1,train,site1/video1,150,q8_mask_center_5pct_v1,x=25%-75%; y=25%-75%,0.0308807380,>=0.05,no
site1/train/video1frame151,EndoVis 2017,site1,train,site1/video1,151,q8_mask_center_5pct_v1,x=25%-75%; y=25%-75%,0.0000000000,>=0.05,no
site1/train/video1frame152,EndoVis 2017,site1,train,site1/video1,152,q8_mask_center_5pct_v1,x=25%-75%; y=25%-75%,0.0043151854,>=0.05,no
site1/train/video1frame153,EndoVis 2017,site1,train,site1/video1,153,q8_mask_center_5pct_v1,x=25%-75%; y=25%-75%,0.1257171631,>=0.05,yes
site1/train/video1frame154,EndoVis 2017,site1,train,site1/video1,154,q8_mask_center_5pct_v1,x=25%-75%; y=25%-75%,0.3573211730,>=0.05,yes
site1/train/video1frame155,EndoVis 2017,site1,train,site1/video1,155,q8_mask_center_5pct_v1,x=25%-75%; y=25%-75%,0.1680633575,>=0.05,yes
site1/train/video1frame156,EndoVis 2017,site1,train,site1/video1,156,q8_mask_center_5pct_v1,x=25%-75%; y=25%-75%,0.0987304673,>=0.05,yes
site1/train/video1frame157,EndoVis 2017,site1,train,site1/video1,157,q8_mask_center_5pct_v1,x=25%-75%; y=25%-75%,0.0963897705,>=0.05,yes
site1/train/video1frame158,EndoVis 2017,site1,train,site1/video1,158,q8_mask_center_5pct_v1,x=25%-75%; y=25%-75%,0.0532104485,>=0.05,yes
site1/train/video1frame159,EndoVis 2017,site1,train,site1/video1,159,q8_mask_center_5pct_v1,x=25%-75%; y=25%-75%,0.0396972671,>=0.05,no
site1/train/video1frame160,EndoVis 2017,site1,train,site1/video1,160,q8_mask_center_5pct_v1,x=25%-75%; y=25%-75%,0.0886657685,>=0.05,yes
site1/train/video1frame161,EndoVis 2017,site1,train,site1/video1,161,q8_mask_center_5pct_v1,x=25%-75%; y=25%-75%,0.0354370102,>=0.05,no
site1/train/video1frame162,EndoVis 2017,site1,train,site1/video1,162,q8_mask_center_5pct_v1,x=25%-75%; y=25%-75%,0.0056304932,>=0.05,no
site1/train/video1frame163,EndoVis 2017,site1,train,site1/video1,163,q8_mask_center_5pct_v1,x=25%-75%; y=25%-75%,0.1846771240,>=0.05,yes
site1/train/video1frame164,EndoVis 2017,site1,train,site1/video1,164,q8_mask_center_5pct_v1,x=25%-75%; y=25%-75%,0.3547790647,>=0.05,yes
site1/train/video1frame165,EndoVis 2017,site1,train,site1/video1,165,q8_mask_center_5pct_v1,x=25%-75%; y=25%-75%,0.1526367217,>=0.05,yes
site1/train/video1frame166,EndoVis 2017,site1,train,site1/video1,166,q8_mask_center_5pct_v1,x=25%-75%; y=25%-75%,0.2572967410,>=0.05,yes
site1/train/video1frame167,EndoVis 2017,site1,train,site1/video1,167,q8_mask_center_5pct_v1,x=25%-75%; y=25%-75%,0.0783721954,>=0.05,yes
site1/train/video1frame168,EndoVis 2017,site1,train,site1/video1,168,q8_mask_center_5pct_v1,x=25%-75%; y=25%-75%,0.1361785829,>=0.05,yes
site1/train/video1frame169,EndoVis 2017,site1,train,site1/video1,169,q8_mask_center_5pct_v1,x=25%-75%; y=25%-75%,0.1757202148,>=0.05,yes
site1/train/video1frame170,EndoVis 2017,site1,train,site1/video1,170,q8_mask_center_5pct_v1,x=25%-75%; y=25%-75%,0.1879455596,>=0.05,yes
site1/train/video1frame171,EndoVis 2017,site1,train,site1/video1,171,q8_mask_center_5pct_v1,x=25%-75%; y=25%-75%,0.1058746353,>=0.05,yes
site1/train/video1frame172,EndoVis 2017,site1,train,site1/video1,172,q8_mask_center_5pct_v1,x=25%-75%; y=25%-75%,0.2285614014,>=0.05,yes
site1/train/video1frame173,EndoVis 2017,site1,train,site1/video1,173,q8_mask_center_5pct_v1,x=25%-75%; y=25%-75%,0.1465728730,>=0.05,yes
site1/train/video1frame174,EndoVis 2017,site1,train,site1/video1,174,q8_mask_center_5pct_v1,x=25%-75%; y=25%-75%,0.1258300841,>=0.05,yes
site1/train/video1frame175,EndoVis 2017,site1,train,site1/video1,175,q8_mask_center_5pct_v1,x=25%-75%; y=25%-75%,0.1465576142,>=0.05,yes
site1/train/video1frame176,EndoVis 2017,site1,train,site1/video1,176,q8_mask_center_5pct_v1,x=25%-75%; y=25%-75%,0.0000366211,>=0.05,no
site1/train/video1frame177,EndoVis 2017,site1,train,site1/video1,177,q8_mask_center_5pct_v1,x=25%-75%; y=25%-75%,0.0124603268,>=0.05,no
site1/train/video1frame178,EndoVis 2017,site1,train,site1/video1,178,q8_mask_center_5pct_v1,x=25%-75%; y=25%-75%,0.0762878433,>=0.05,yes
site1/train/video1frame179,EndoVis 2017,site1,train,site1/video1,179,q8_mask_center_5pct_v1,x=25%-75%; y=25%-75%,0.0726745576,>=0.05,yes
site1/train/video1frame180,EndoVis 2017,site1,train,site1/video1,180,q8_mask_center_5pct_v1,x=25%-75%; y=25%-75%,0.1392944306,>=0.05,yes
site1/train/video1frame181,EndoVis 2017,site1,train,site1/video1,181,q8_mask_center_5pct_v1,x=25%-75%; y=25%-75%,0.0149017330,>=0.05,no
site1/train/video1frame182,EndoVis 2017,site1,train,site1/video1,182,q8_mask_center_5pct_v1,x=25%-75%; y=25%-75%,0.1476959288,>=0.05,yes
site1/train/video1frame183,EndoVis 2017,site1,train,site1/video1,183,q8_mask_center_5pct_v1,x=25%-75%; y=25%-75%,0.1807495058,>=0.05,yes
site1/train/video1frame184,EndoVis 2017,site1,train,site1/video1,184,q8_mask_center_5pct_v1,x=25%-75%; y=25%-75%,0.1774444580,>=0.05,yes
site1/train/video1frame185,EndoVis 2017,site1,train,site1/video1,185,q8_mask_center_5pct_v1,x=25%-75%; y=25%-75%,0.1819152832,>=0.05,yes
site1/train/video1frame186,EndoVis 2017,site1,train,site1/video1,186,q8_mask_center_5pct_v1,x=25%-75%; y=25%-75%,0.1653381288,>=0.05,yes
site1/train/video1frame187,EndoVis 2017,site1,train,site1/video1,187,q8_mask_center_5pct_v1,x=25%-75%; y=25%-75%,0.1604949981,>=0.05,yes
site1/train/video1frame188,EndoVis 2017,site1,train,site1/video1,188,q8_mask_center_5pct_v1,x=25%-75%; y=25%-75%,0.1460205019,>=0.05,yes
site1/train/video1frame189,EndoVis 2017,site1,train,site1/video1,189,q8_mask_center_5pct_v1,x=25%-75%; y=25%-75%,0.1711029112,>=0.05,yes
site1/train/video1frame190,EndoVis 2017,site1,train,site1/video1,190,q8_mask_center_5pct_v1,x=25%-75%; y=25%-75%,0.2039215118,>=0.05,yes
site1/train/video1frame191,EndoVis 2017,site1,train,site1/video1,191,q8_mask_center_5pct_v1,x=25%-75%; y=25%-75%,0.1885131896,>=0.05,yes
site1/train/video1frame192,EndoVis 2017,site1,train,site1/video1,192,q8_mask_center_5pct_v1,x=25%-75%; y=25%-75%,0.1330718994,>=0.05,yes
site1/train/video1frame193,EndoVis 2017,site1,train,site1/video1,193,q8_mask_center_5pct_v1,x=25%-75%; y=25%-75%,0.1171722412,>=0.05,yes
site1/train/video1frame194,EndoVis 2017,site1,train,site1/video1,194,q8_mask_center_5pct_v1,x=25%-75%; y=25%-75%,0.1217010468,>=0.05,yes
site1/train/video1frame195,EndoVis 2017,site1,train,site1/video1,195,q8_mask_center_5pct_v1,x=25%-75%; y=25%-75%,0.1227661148,>=0.05,yes
site1/train/video1frame196,EndoVis 2017,site1,train,site1/video1,196,q8_mask_center_5pct_v1,x=25%-75%; y=25%-75%,0.1128631607,>=0.05,yes
site1/train/video1frame197,EndoVis 2017,site1,train,site1/video1,197,q8_mask_center_5pct_v1,x=25%-75%; y=25%-75%,0.0477355942,>=0.05,no
site1/train/video1frame198,EndoVis 2017,site1,train,site1/video1,198,q8_mask_center_5pct_v1,x=25%-75%; y=25%-75%,0.0293945316,>=0.05,no
site1/train/video1frame199,EndoVis 2017,site1,train,site1/video1,199,q8_mask_center_5pct_v1,x=25%-75%; y=25%-75%,0.0608795173,>=0.05,yes
site1/train/video1frame200,EndoVis 2017,site1,train,site1/video1,200,q8_mask_center_5pct_v1,x=25%-75%; y=25%-75%,0.0811340362,>=0.05,yes
site1/train/video1frame201,EndoVis 2017,site1,train,site1/video1,201,q8_mask_center_5pct_v1,x=25%-75%; y=25%-75%,0.0938720703,>=0.05,yes
site1/train/video1frame202,EndoVis 2017,site1,train,site1/video1,202,q8_mask_center_5pct_v1,x=25%-75%; y=25%-75%,0.0637420639,>=0.05,yes
site1/train/video1frame203,EndoVis 2017,site1,train,site1/video1,203,q8_mask_center_5pct_v1,x=25%-75%; y=25%-75%,0.0442626961,>=0.05,no
site1/train/video1frame204,EndoVis 2017,site1,train,site1/video1,204,q8_mask_center_5pct_v1,x=25%-75%; y=25%-75%,0.0546264648,>=0.05,yes
site1/train/video1frame205,EndoVis 2017,site1,train,site1/video1,205,q8_mask_center_5pct_v1,x=25%-75%; y=25%-75%,0.0419921875,>=0.05,no
site1/train/video1frame206,EndoVis 2017,site1,train,site1/video1,206,q8_mask_center_5pct_v1,x=25%-75%; y=25%-75%,0.0340148918,>=0.05,no
site1/train/video1frame207,EndoVis 2017,site1,train,site1/video1,207,q8_mask_center_5pct_v1,x=25%-75%; y=25%-75%,0.0183319096,>=0.05,no
site1/train/video1frame208,EndoVis 2017,site1,train,site1/video1,208,q8_mask_center_5pct_v1,x=25%-75%; y=25%-75%,0.0163543709,>=0.05,no
site1/train/video1frame209,EndoVis 2017,site1,train,site1/video1,209,q8_mask_center_5pct_v1,x=25%-75%; y=25%-75%,0.0188720711,>=0.05,no
site1/train/video1frame210,EndoVis 2017,site1,train,site1/video1,210,q8_mask_center_5pct_v1,x=25%-75%; y=25%-75%,0.0696350113,>=0.05,yes
site1/train/video1frame211,EndoVis 2017,site1,train,site1/video1,211,q8_mask_center_5pct_v1,x=25%-75%; y=25%-75%,0.0919097885,>=0.05,yes
site1/train/video1frame212,EndoVis 2017,site1,train,site1/video1,212,q8_mask_center_5pct_v1,x=25%-75%; y=25%-75%,0.1237579361,>=0.05,yes
site1/train/video1frame213,EndoVis 2017,site1,train,site1/video1,213,q8_mask_center_5pct_v1,x=25%-75%; y=25%-75%,0.1359283477,>=0.05,yes
site1/train/video1frame214,EndoVis 2017,site1,train,site1/video1,214,q8_mask_center_5pct_v1,x=25%-75%; y=25%-75%,0.1893768311,>=0.05,yes
site1/train/video1frame215,EndoVis 2017,site1,train,site1/video1,215,q8_mask_center_5pct_v1,x=25%-75%; y=25%-75%,0.1942199767,>=0.05,yes
site1/train/video1frame216,EndoVis 2017,site1,train,site1/video1,216,q8_mask_center_5pct_v1,x=25%-75%; y=25%-75%,0.0185363777,>=0.05,no
site1/train/video1frame217,EndoVis 2017,site1,train,site1/video1,217,q8_mask_center_5pct_v1,x=25%-75%; y=25%-75%,0.0179351810,>=0.05,no
site1/train/video1frame218,EndoVis 2017,site1,train,site1/video1,218,q8_mask_center_5pct_v1,x=25%-75%; y=25%-75%,0.0388031006,>=0.05,no
site1/train/video1frame219,EndoVis 2017,site1,train,site1/video1,219,q8_mask_center_5pct_v1,x=25%-75%; y=25%-75%,0.0274169929,>=0.05,no
site1/train/video1frame220,EndoVis 2017,site1,train,site1/video1,220,q8_mask_center_5pct_v1,x=25%-75%; y=25%-75%,0.0391326919,>=0.05,no
site1/train/video1frame221,EndoVis 2017,site1,train,site1/video1,221,q8_mask_center_5pct_v1,x=25%-75%; y=25%-75%,0.0359069817,>=0.05,no
site1/train/video1frame222,EndoVis 2017,site1,train,site1/video1,222,q8_mask_center_5pct_v1,x=25%-75%; y=25%-75%,0.0315490738,>=0.05,no
site1/train/video1frame223,EndoVis 2017,site1,train,site1/video1,223,q8_mask_center_5pct_v1,x=25%-75%; y=25%-75%,0.0233886726,>=0.05,no
site1/train/video1frame224,EndoVis 2017,site1,train,site1/video1,224,q8_mask_center_5pct_v1,x=25%-75%; y=25%-75%,0.0681426972,>=0.05,yes
site1/train/video2frame000,EndoVis 2017,site1,train,site1/video2,0,q8_mask_center_5pct_v1,x=25%-75%; y=25%-75%,0.0593841560,>=0.05,yes
site1/train/video2frame001,EndoVis 2017,site1,train,site1/video2,1,q8_mask_center_5pct_v1,x=25%-75%; y=25%-75%,0.0547668450,>=0.05,yes
site1/train/video2frame002,EndoVis 2017,site1,train,site1/video2,2,q8_mask_center_5pct_v1,x=25%-75%; y=25%-75%,0.0525054932,>=0.05,yes
site1/train/video2frame003,EndoVis 2017,site1,train,site1/video2,3,q8_mask_center_5pct_v1,x=25%-75%; y=25%-75%,0.0486999527,>=0.05,no
site1/train/video2frame004,EndoVis 2017,site1,train,site1/video2,4,q8_mask_center_5pct_v1,x=25%-75%; y=25%-75%,0.0475433357,>=0.05,no
site1/train/video2frame005,EndoVis 2017,site1,train,site1/video2,5,q8_mask_center_5pct_v1,x=25%-75%; y=25%-75%,0.0469482429,>=0.05,no
site1/train/video2frame006,EndoVis 2017,site1,train,site1/video2,6,q8_mask_center_5pct_v1,x=25%-75%; y=25%-75%,0.0245330818,>=0.05,no
site1/train/video2frame007,EndoVis 2017,site1,train,site1/video2,7,q8_mask_center_5pct_v1,x=25%-75%; y=25%-75%,0.0074554444,>=0.05,no
site1/train/video2frame008,EndoVis 2017,site1,train,site1/video2,8,q8_mask_center_5pct_v1,x=25%-75%; y=25%-75%,0.0437866226,>=0.05,no
site1/train/video2frame009,EndoVis 2017,site1,train,site1/video2,9,q8_mask_center_5pct_v1,x=25%-75%; y=25%-75%,0.0714141876,>=0.05,yes
site1/train/video2frame010,EndoVis 2017,site1,train,site1/video2,10,q8_mask_center_5pct_v1,x=25%-75%; y=25%-75%,0.0758178681,>=0.05,yes
site1/train/video2frame011,EndoVis 2017,site1,train,site1/video2,11,q8_mask_center_5pct_v1,x=25%-75%; y=25%-75%,0.0491912849,>=0.05,no
site1/train/video2frame012,EndoVis 2017,site1,train,site1/video2,12,q8_mask_center_5pct_v1,x=25%-75%; y=25%-75%,0.0339019783,>=0.05,no
site1/train/video2frame013,EndoVis 2017,site1,train,site1/video2,13,q8_mask_center_5pct_v1,x=25%-75%; y=25%-75%,0.0613525398,>=0.05,yes
site1/train/video2frame014,EndoVis 2017,site1,train,site1/video2,14,q8_mask_center_5pct_v1,x=25%-75%; y=25%-75%,0.0204803459,>=0.05,no
site1/train/video2frame015,EndoVis 2017,site1,train,site1/video2,15,q8_mask_center_5pct_v1,x=25%-75%; y=25%-75%,0.0087036137,>=0.05,no
site1/train/video2frame016,EndoVis 2017,site1,train,site1/video2,16,q8_mask_center_5pct_v1,x=25%-75%; y=25%-75%,0.0164672844,>=0.05,no
site1/train/video2frame017,EndoVis 2017,site1,train,site1/video2,17,q8_mask_center_5pct_v1,x=25%-75%; y=25%-75%,0.0261657722,>=0.05,no
site1/train/video2frame018,EndoVis 2017,site1,train,site1/video2,18,q8_mask_center_5pct_v1,x=25%-75%; y=25%-75%,0.0239837654,>=0.05,no
site1/train/video2frame019,EndoVis 2017,site1,train,site1/video2,19,q8_mask_center_5pct_v1,x=25%-75%; y=25%-75%,0.0377410874,>=0.05,no
site1/train/video2frame020,EndoVis 2017,site1,train,site1/video2,20,q8_mask_center_5pct_v1,x=25%-75%; y=25%-75%,0.0338043198,>=0.05,no
site1/train/video2frame021,EndoVis 2017,site1,train,site1/video2,21,q8_mask_center_5pct_v1,x=25%-75%; y=25%-75%,0.0346801765,>=0.05,no
site1/train/video2frame022,EndoVis 2017,site1,train,site1/video2,22,q8_mask_center_5pct_v1,x=25%-75%; y=25%-75%,0.0134674069,>=0.05,no
site1/train/video2frame023,EndoVis 2017,site1,train,site1/video2,23,q8_mask_center_5pct_v1,x=25%-75%; y=25%-75%,0.0056365966,>=0.05,no
site1/train/video2frame024,EndoVis 2017,site1,train,site1/video2,24,q8_mask_center_5pct_v1,x=25%-75%; y=25%-75%,0.0041168211,>=0.05,no
site1/train/video2frame025,EndoVis 2017,site1,train,site1/video2,25,q8_mask_center_5pct_v1,x=25%-75%; y=25%-75%,0.0240112301,>=0.05,no
site1/train/video2frame026,EndoVis 2017,site1,train,site1/video2,26,q8_mask_center_5pct_v1,x=25%-75%; y=25%-75%,0.0681884736,>=0.05,yes
site1/train/video2frame027,EndoVis 2017,site1,train,site1/video2,27,q8_mask_center_5pct_v1,x=25%-75%; y=25%-75%,0.0974670425,>=0.05,yes
site1/train/video2frame028,EndoVis 2017,site1,train,site1/video2,28,q8_mask_center_5pct_v1,x=25%-75%; y=25%-75%,0.0698333755,>=0.05,yes
site1/train/video2frame029,EndoVis 2017,site1,train,site1/video2,29,q8_mask_center_5pct_v1,x=25%-75%; y=25%-75%,0.0650268570,>=0.05,yes
site1/train/video2frame030,EndoVis 2017,site1,train,site1/video2,30,q8_mask_center_5pct_v1,x=25%-75%; y=25%-75%,0.0753662139,>=0.05,yes
site1/train/video2frame031,EndoVis 2017,site1,train,site1/video2,31,q8_mask_center_5pct_v1,x=25%-75%; y=25%-75%,0.0447753891,>=0.05,no
site1/train/video2frame032,EndoVis 2017,site1,train,site1/video2,32,q8_mask_center_5pct_v1,x=25%-75%; y=25%-75%,0.0520935059,>=0.05,yes
site1/train/video2frame033,EndoVis 2017,site1,train,site1/video2,33,q8_mask_center_5pct_v1,x=25%-75%; y=25%-75%,0.0696075410,>=0.05,yes
site1/train/video2frame034,EndoVis 2017,site1,train,site1/video2,34,q8_mask_center_5pct_v1,x=25%-75%; y=25%-75%,0.0717803985,>=0.05,yes
site1/train/video2frame035,EndoVis 2017,site1,train,site1/video2,35,q8_mask_center_5pct_v1,x=25%-75%; y=25%-75%,0.0745178238,>=0.05,yes
site1/train/video2frame036,EndoVis 2017,site1,train,site1/video2,36,q8_mask_center_5pct_v1,x=25%-75%; y=25%-75%,0.0736236572,>=0.05,yes
site1/train/video2frame037,EndoVis 2017,site1,train,site1/video2,37,q8_mask_center_5pct_v1,x=25%-75%; y=25%-75%,0.0426177979,>=0.05,no
site1/train/video2frame038,EndoVis 2017,site1,train,site1/video2,38,q8_mask_center_5pct_v1,x=25%-75%; y=25%-75%,0.0174377449,>=0.05,no
site1/train/video2frame039,EndoVis 2017,site1,train,site1/video2,39,q8_mask_center_5pct_v1,x=25%-75%; y=25%-75%,0.0149444584,>=0.05,no
site1/train/video2frame040,EndoVis 2017,site1,train,site1/video2,40,q8_mask_center_5pct_v1,x=25%-75%; y=25%-75%,0.0315307602,>=0.05,no
site1/train/video2frame041,EndoVis 2017,site1,train,site1/video2,41,q8_mask_center_5pct_v1,x=25%-75%; y=25%-75%,0.0408843979,>=0.05,no
site1/train/video2frame042,EndoVis 2017,site1,train,site1/video2,42,q8_mask_center_5pct_v1,x=25%-75%; y=25%-75%,0.0636535659,>=0.05,yes
site1/train/video2frame043,EndoVis 2017,site1,train,site1/video2,43,q8_mask_center_5pct_v1,x=25%-75%; y=25%-75%,0.0844604522,>=0.05,yes
site1/train/video2frame044,EndoVis 2017,site1,train,site1/video2,44,q8_mask_center_5pct_v1,x=25%-75%; y=25%-75%,0.0823577866,>=0.05,yes
site1/train/video2frame045,EndoVis 2017,site1,train,site1/video2,45,q8_mask_center_5pct_v1,x=25%-75%; y=25%-75%,0.0743896514,>=0.05,yes
site1/train/video2frame046,EndoVis 2017,site1,train,site1/video2,46,q8_mask_center_5pct_v1,x=25%-75%; y=25%-75%,0.0685974136,>=0.05,yes
site1/train/video2frame047,EndoVis 2017,site1,train,site1/video2,47,q8_mask_center_5pct_v1,x=25%-75%; y=25%-75%,0.0666259751,>=0.05,yes
site1/train/video2frame048,EndoVis 2017,site1,train,site1/video2,48,q8_mask_center_5pct_v1,x=25%-75%; y=25%-75%,0.0517486557,>=0.05,yes
site1/train/video2frame049,EndoVis 2017,site1,train,site1/video2,49,q8_mask_center_5pct_v1,x=25%-75%; y=25%-75%,0.0258758552,>=0.05,no
site1/train/video2frame050,EndoVis 2017,site1,train,site1/video2,50,q8_mask_center_5pct_v1,x=25%-75%; y=25%-75%,0.0187713616,>=0.05,no
site1/train/video2frame051,EndoVis 2017,site1,train,site1/video2,51,q8_mask_center_5pct_v1,x=25%-75%; y=25%-75%,0.0353912339,>=0.05,no
site1/train/video2frame052,EndoVis 2017,site1,train,site1/video2,52,q8_mask_center_5pct_v1,x=25%-75%; y=25%-75%,0.0682220459,>=0.05,yes
site1/train/video2frame053,EndoVis 2017,site1,train,site1/video2,53,q8_mask_center_5pct_v1,x=25%-75%; y=25%-75%,0.1002441421,>=0.05,yes
site1/train/video2frame054,EndoVis 2017,site1,train,site1/video2,54,q8_mask_center_5pct_v1,x=25%-75%; y=25%-75%,0.0951171890,>=0.05,yes
site1/train/video2frame055,EndoVis 2017,site1,train,site1/video2,55,q8_mask_center_5pct_v1,x=25%-75%; y=25%-75%,0.0675964355,>=0.05,yes
site1/train/video2frame056,EndoVis 2017,site1,train,site1/video2,56,q8_mask_center_5pct_v1,x=25%-75%; y=25%-75%,0.0341247544,>=0.05,no
site1/train/video2frame057,EndoVis 2017,site1,train,site1/video2,57,q8_mask_center_5pct_v1,x=25%-75%; y=25%-75%,0.0440246575,>=0.05,no
site1/train/video2frame058,EndoVis 2017,site1,train,site1/video2,58,q8_mask_center_5pct_v1,x=25%-75%; y=25%-75%,0.0442047119,>=0.05,no
site1/train/video2frame059,EndoVis 2017,site1,train,site1/video2,59,q8_mask_center_5pct_v1,x=25%-75%; y=25%-75%,0.1368347108,>=0.05,yes
site1/train/video2frame060,EndoVis 2017,site1,train,site1/video2,60,q8_mask_center_5pct_v1,x=25%-75%; y=25%-75%,0.1931121796,>=0.05,yes
site1/train/video2frame061,EndoVis 2017,site1,train,site1/video2,61,q8_mask_center_5pct_v1,x=25%-75%; y=25%-75%,0.1802978516,>=0.05,yes
site1/train/video2frame062,EndoVis 2017,site1,train,site1/video2,62,q8_mask_center_5pct_v1,x=25%-75%; y=25%-75%,0.1625732481,>=0.05,yes
site1/train/video2frame063,EndoVis 2017,site1,train,site1/video2,63,q8_mask_center_5pct_v1,x=25%-75%; y=25%-75%,0.1358703673,>=0.05,yes
site1/train/video2frame064,EndoVis 2017,site1,train,site1/video2,64,q8_mask_center_5pct_v1,x=25%-75%; y=25%-75%,0.0903350860,>=0.05,yes
site1/train/video2frame065,EndoVis 2017,site1,train,site1/video2,65,q8_mask_center_5pct_v1,x=25%-75%; y=25%-75%,0.1245666519,>=0.05,yes
site1/train/video2frame066,EndoVis 2017,site1,train,site1/video2,66,q8_mask_center_5pct_v1,x=25%-75%; y=25%-75%,0.1438201964,>=0.05,yes
site1/train/video2frame067,EndoVis 2017,site1,train,site1/video2,67,q8_mask_center_5pct_v1,x=25%-75%; y=25%-75%,0.1341857910,>=0.05,yes
site1/train/video2frame068,EndoVis 2017,site1,train,site1/video2,68,q8_mask_center_5pct_v1,x=25%-75%; y=25%-75%,0.1217803955,>=0.05,yes
site1/train/video2frame069,EndoVis 2017,site1,train,site1/video2,69,q8_mask_center_5pct_v1,x=25%-75%; y=25%-75%,0.1150390655,>=0.05,yes
site1/train/video2frame070,EndoVis 2017,site1,train,site1/video2,70,q8_mask_center_5pct_v1,x=25%-75%; y=25%-75%,0.1043090820,>=0.05,yes
site1/train/video2frame071,EndoVis 2017,site1,train,site1/video2,71,q8_mask_center_5pct_v1,x=25%-75%; y=25%-75%,0.0643005371,>=0.05,yes
site1/train/video2frame072,EndoVis 2017,site1,train,site1/video2,72,q8_mask_center_5pct_v1,x=25%-75%; y=25%-75%,0.0610504150,>=0.05,yes
site1/train/video2frame073,EndoVis 2017,site1,train,site1/video2,73,q8_mask_center_5pct_v1,x=25%-75%; y=25%-75%,0.0577941909,>=0.05,yes
site1/train/video2frame074,EndoVis 2017,site1,train,site1/video2,74,q8_mask_center_5pct_v1,x=25%-75%; y=25%-75%,0.0532653816,>=0.05,yes
site1/train/video2frame075,EndoVis 2017,site1,train,site1/video2,75,q8_mask_center_5pct_v1,x=25%-75%; y=25%-75%,0.0543945320,>=0.05,yes
site1/train/video2frame076,EndoVis 2017,site1,train,site1/video2,76,q8_mask_center_5pct_v1,x=25%-75%; y=25%-75%,0.0634460449,>=0.05,yes
site1/train/video2frame077,EndoVis 2017,site1,train,site1/video2,77,q8_mask_center_5pct_v1,x=25%-75%; y=25%-75%,0.0632385239,>=0.05,yes
site1/train/video2frame078,EndoVis 2017,site1,train,site1/video2,78,q8_mask_center_5pct_v1,x=25%-75%; y=25%-75%,0.0701599121,>=0.05,yes
site1/train/video2frame079,EndoVis 2017,site1,train,site1/video2,79,q8_mask_center_5pct_v1,x=25%-75%; y=25%-75%,0.0935058594,>=0.05,yes
site1/train/video2frame080,EndoVis 2017,site1,train,site1/video2,80,q8_mask_center_5pct_v1,x=25%-75%; y=25%-75%,0.1077758819,>=0.05,yes
site1/train/video2frame081,EndoVis 2017,site1,train,site1/video2,81,q8_mask_center_5pct_v1,x=25%-75%; y=25%-75%,0.1165100113,>=0.05,yes
site1/train/video2frame082,EndoVis 2017,site1,train,site1/video2,82,q8_mask_center_5pct_v1,x=25%-75%; y=25%-75%,0.0982940644,>=0.05,yes
site1/train/video2frame083,EndoVis 2017,site1,train,site1/video2,83,q8_mask_center_5pct_v1,x=25%-75%; y=25%-75%,0.0682800263,>=0.05,yes
site1/train/video2frame084,EndoVis 2017,site1,train,site1/video2,84,q8_mask_center_5pct_v1,x=25%-75%; y=25%-75%,0.0495971665,>=0.05,no
site1/train/video2frame085,EndoVis 2017,site1,train,site1/video2,85,q8_mask_center_5pct_v1,x=25%-75%; y=25%-75%,0.0643341094,>=0.05,yes
site1/train/video2frame086,EndoVis 2017,site1,train,site1/video2,86,q8_mask_center_5pct_v1,x=25%-75%; y=25%-75%,0.0803924575,>=0.05,yes
site1/train/video2frame087,EndoVis 2017,site1,train,site1/video2,87,q8_mask_center_5pct_v1,x=25%-75%; y=25%-75%,0.0403198227,>=0.05,no
site1/train/video2frame088,EndoVis 2017,site1,train,site1/video2,88,q8_mask_center_5pct_v1,x=25%-75%; y=25%-75%,0.0405120850,>=0.05,no
site1/train/video2frame089,EndoVis 2017,site1,train,site1/video2,89,q8_mask_center_5pct_v1,x=25%-75%; y=25%-75%,0.0390380844,>=0.05,no
site1/train/video2frame090,EndoVis 2017,site1,train,site1/video2,90,q8_mask_center_5pct_v1,x=25%-75%; y=25%-75%,0.0383728035,>=0.05,no
site1/train/video2frame091,EndoVis 2017,site1,train,site1/video2,91,q8_mask_center_5pct_v1,x=25%-75%; y=25%-75%,0.0389648452,>=0.05,no
site1/train/video2frame092,EndoVis 2017,site1,train,site1/video2,92,q8_mask_center_5pct_v1,x=25%-75%; y=25%-75%,0.0392883308,>=0.05,no
site1/train/video2frame093,EndoVis 2017,site1,train,site1/video2,93,q8_mask_center_5pct_v1,x=25%-75%; y=25%-75%,0.0383209214,>=0.05,no
site1/train/video2frame094,EndoVis 2017,site1,train,site1/video2,94,q8_mask_center_5pct_v1,x=25%-75%; y=25%-75%,0.0363098159,>=0.05,no
site1/train/video2frame095,EndoVis 2017,site1,train,site1/video2,95,q8_mask_center_5pct_v1,x=25%-75%; y=25%-75%,0.0368988030,>=0.05,no
site1/train/video2frame096,EndoVis 2017,site1,train,site1/video2,96,q8_mask_center_5pct_v1,x=25%-75%; y=25%-75%,0.0379730240,>=0.05,no
site1/train/video2frame097,EndoVis 2017,site1,train,site1/video2,97,q8_mask_center_5pct_v1,x=25%-75%; y=25%-75%,0.0403198227,>=0.05,no
site1/train/video2frame098,EndoVis 2017,site1,train,site1/video2,98,q8_mask_center_5pct_v1,x=25%-75%; y=25%-75%,0.0412719734,>=0.05,no
site1/train/video2frame099,EndoVis 2017,site1,train,site1/video2,99,q8_mask_center_5pct_v1,x=25%-75%; y=25%-75%,0.0418853760,>=0.05,no
site1/train/video2frame100,EndoVis 2017,site1,train,site1/video2,100,q8_mask_center_5pct_v1,x=25%-75%; y=25%-75%,0.0394042954,>=0.05,no
site1/train/video2frame101,EndoVis 2017,site1,train,site1/video2,101,q8_mask_center_5pct_v1,x=25%-75%; y=25%-75%,0.0398101807,>=0.05,no
site1/train/video2frame102,EndoVis 2017,site1,train,site1/video2,102,q8_mask_center_5pct_v1,x=25%-75%; y=25%-75%,0.0396148674,>=0.05,no
site1/train/video2frame103,EndoVis 2017,site1,train,site1/video2,103,q8_mask_center_5pct_v1,x=25%-75%; y=25%-75%,0.0405822769,>=0.05,no
site1/train/video2frame104,EndoVis 2017,site1,train,site1/video2,104,q8_mask_center_5pct_v1,x=25%-75%; y=25%-75%,0.0465087891,>=0.05,no
site1/train/video2frame105,EndoVis 2017,site1,train,site1/video2,105,q8_mask_center_5pct_v1,x=25%-75%; y=25%-75%,0.0865417495,>=0.05,yes
site1/train/video2frame106,EndoVis 2017,site1,train,site1/video2,106,q8_mask_center_5pct_v1,x=25%-75%; y=25%-75%,0.1271453798,>=0.05,yes
site1/train/video2frame107,EndoVis 2017,site1,train,site1/video2,107,q8_mask_center_5pct_v1,x=25%-75%; y=25%-75%,0.1257232726,>=0.05,yes
site1/train/video2frame108,EndoVis 2017,site1,train,site1/video2,108,q8_mask_center_5pct_v1,x=25%-75%; y=25%-75%,0.1298095733,>=0.05,yes
site1/train/video2frame109,EndoVis 2017,site1,train,site1/video2,109,q8_mask_center_5pct_v1,x=25%-75%; y=25%-75%,0.1277130097,>=0.05,yes
site1/train/video2frame110,EndoVis 2017,site1,train,site1/video2,110,q8_mask_center_5pct_v1,x=25%-75%; y=25%-75%,0.1205718964,>=0.05,yes
site1/train/video2frame111,EndoVis 2017,site1,train,site1/video2,111,q8_mask_center_5pct_v1,x=25%-75%; y=25%-75%,0.1150268540,>=0.05,yes
site1/train/video2frame112,EndoVis 2017,site1,train,site1/video2,112,q8_mask_center_5pct_v1,x=25%-75%; y=25%-75%,0.1138885468,>=0.05,yes
site1/train/video2frame113,EndoVis 2017,site1,train,site1/video2,113,q8_mask_center_5pct_v1,x=25%-75%; y=25%-75%,0.1122131348,>=0.05,yes
site1/train/video2frame114,EndoVis 2017,site1,train,site1/video2,114,q8_mask_center_5pct_v1,x=25%-75%; y=25%-75%,0.1154907197,>=0.05,yes
site1/train/video2frame115,EndoVis 2017,site1,train,site1/video2,115,q8_mask_center_5pct_v1,x=25%-75%; y=25%-75%,0.1153533906,>=0.05,yes
site1/train/video2frame116,EndoVis 2017,site1,train,site1/video2,116,q8_mask_center_5pct_v1,x=25%-75%; y=25%-75%,0.1178039536,>=0.05,yes
site1/train/video2frame117,EndoVis 2017,site1,train,site1/video2,117,q8_mask_center_5pct_v1,x=25%-75%; y=25%-75%,0.1124816909,>=0.05,yes
site1/train/video2frame118,EndoVis 2017,site1,train,site1/video2,118,q8_mask_center_5pct_v1,x=25%-75%; y=25%-75%,0.1134613007,>=0.05,yes
site1/train/video2frame119,EndoVis 2017,site1,train,site1/video2,119,q8_mask_center_5pct_v1,x=25%-75%; y=25%-75%,0.1103607193,>=0.05,yes
site1/train/video2frame120,EndoVis 2017,site1,train,site1/video2,120,q8_mask_center_5pct_v1,x=25%-75%; y=25%-75%,0.1190093979,>=0.05,yes
site1/train/video2frame121,EndoVis 2017,site1,train,site1/video2,121,q8_mask_center_5pct_v1,x=25%-75%; y=25%-75%,0.1171295196,>=0.05,yes
site1/train/video2frame122,EndoVis 2017,site1,train,site1/video2,122,q8_mask_center_5pct_v1,x=25%-75%; y=25%-75%,0.1146362275,>=0.05,yes
site1/train/video2frame123,EndoVis 2017,site1,train,site1/video2,123,q8_mask_center_5pct_v1,x=25%-75%; y=25%-75%,0.0822509751,>=0.05,yes
site1/train/video2frame124,EndoVis 2017,site1,train,site1/video2,124,q8_mask_center_5pct_v1,x=25%-75%; y=25%-75%,0.1033416763,>=0.05,yes
site1/train/video2frame125,EndoVis 2017,site1,train,site1/video2,125,q8_mask_center_5pct_v1,x=25%-75%; y=25%-75%,0.1447113007,>=0.05,yes
site1/train/video2frame126,EndoVis 2017,site1,train,site1/video2,126,q8_mask_center_5pct_v1,x=25%-75%; y=25%-75%,0.0988769531,>=0.05,yes
site1/train/video2frame127,EndoVis 2017,site1,train,site1/video2,127,q8_mask_center_5pct_v1,x=25%-75%; y=25%-75%,0.0971313491,>=0.05,yes
site1/train/video2frame128,EndoVis 2017,site1,train,site1/video2,128,q8_mask_center_5pct_v1,x=25%-75%; y=25%-75%,0.0942657441,>=0.05,yes
site1/train/video2frame129,EndoVis 2017,site1,train,site1/video2,129,q8_mask_center_5pct_v1,x=25%-75%; y=25%-75%,0.0892150849,>=0.05,yes
site1/train/video2frame130,EndoVis 2017,site1,train,site1/video2,130,q8_mask_center_5pct_v1,x=25%-75%; y=25%-75%,0.0882019028,>=0.05,yes
site1/train/video2frame131,EndoVis 2017,site1,train,site1/video2,131,q8_mask_center_5pct_v1,x=25%-75%; y=25%-75%,0.0893035904,>=0.05,yes
site1/train/video2frame132,EndoVis 2017,site1,train,site1/video2,132,q8_mask_center_5pct_v1,x=25%-75%; y=25%-75%,0.0867919922,>=0.05,yes
site1/train/video2frame133,EndoVis 2017,site1,train,site1/video2,133,q8_mask_center_5pct_v1,x=25%-75%; y=25%-75%,0.0892242417,>=0.05,yes
site1/train/video2frame134,EndoVis 2017,site1,train,site1/video2,134,q8_mask_center_5pct_v1,x=25%-75%; y=25%-75%,0.0755554214,>=0.05,yes
site1/train/video2frame135,EndoVis 2017,site1,train,site1/video2,135,q8_mask_center_5pct_v1,x=25%-75%; y=25%-75%,0.0554504395,>=0.05,yes
site1/train/video2frame136,EndoVis 2017,site1,train,site1/video2,136,q8_mask_center_5pct_v1,x=25%-75%; y=25%-75%,0.0623413101,>=0.05,yes
site1/train/video2frame137,EndoVis 2017,site1,train,site1/video2,137,q8_mask_center_5pct_v1,x=25%-75%; y=25%-75%,0.0915924087,>=0.05,yes
site1/train/video2frame138,EndoVis 2017,site1,train,site1/video2,138,q8_mask_center_5pct_v1,x=25%-75%; y=25%-75%,0.0950653106,>=0.05,yes
site1/train/video2frame139,EndoVis 2017,site1,train,site1/video2,139,q8_mask_center_5pct_v1,x=25%-75%; y=25%-75%,0.0997955352,>=0.05,yes
site1/train/video2frame140,EndoVis 2017,site1,train,site1/video2,140,q8_mask_center_5pct_v1,x=25%-75%; y=25%-75%,0.0959289521,>=0.05,yes
site1/train/video2frame141,EndoVis 2017,site1,train,site1/video2,141,q8_mask_center_5pct_v1,x=25%-75%; y=25%-75%,0.0948974639,>=0.05,yes
site1/train/video2frame142,EndoVis 2017,site1,train,site1/video2,142,q8_mask_center_5pct_v1,x=25%-75%; y=25%-75%,0.0932678208,>=0.05,yes
site1/train/video2frame143,EndoVis 2017,site1,train,site1/video2,143,q8_mask_center_5pct_v1,x=25%-75%; y=25%-75%,0.0948638916,>=0.05,yes
site1/train/video2frame144,EndoVis 2017,site1,train,site1/video2,144,q8_mask_center_5pct_v1,x=25%-75%; y=25%-75%,0.0911254883,>=0.05,yes
site1/train/video2frame145,EndoVis 2017,site1,train,site1/video2,145,q8_mask_center_5pct_v1,x=25%-75%; y=25%-75%,0.0872222930,>=0.05,yes
site1/train/video2frame146,EndoVis 2017,site1,train,site1/video2,146,q8_mask_center_5pct_v1,x=25%-75%; y=25%-75%,0.0877868682,>=0.05,yes
site1/train/video2frame147,EndoVis 2017,site1,train,site1/video2,147,q8_mask_center_5pct_v1,x=25%-75%; y=25%-75%,0.0892242417,>=0.05,yes
site1/train/video2frame148,EndoVis 2017,site1,train,site1/video2,148,q8_mask_center_5pct_v1,x=25%-75%; y=25%-75%,0.0893920884,>=0.05,yes
site1/train/video2frame149,EndoVis 2017,site1,train,site1/video2,149,q8_mask_center_5pct_v1,x=25%-75%; y=25%-75%,0.0936279297,>=0.05,yes
site1/train/video2frame150,EndoVis 2017,site1,train,site1/video2,150,q8_mask_center_5pct_v1,x=25%-75%; y=25%-75%,0.1074066162,>=0.05,yes
site1/train/video2frame151,EndoVis 2017,site1,train,site1/video2,151,q8_mask_center_5pct_v1,x=25%-75%; y=25%-75%,0.1100830063,>=0.05,yes
site1/train/video2frame152,EndoVis 2017,site1,train,site1/video2,152,q8_mask_center_5pct_v1,x=25%-75%; y=25%-75%,0.0807342529,>=0.05,yes
site1/train/video2frame153,EndoVis 2017,site1,train,site1/video2,153,q8_mask_center_5pct_v1,x=25%-75%; y=25%-75%,0.1703979522,>=0.05,yes
site1/train/video2frame154,EndoVis 2017,site1,train,site1/video2,154,q8_mask_center_5pct_v1,x=25%-75%; y=25%-75%,0.2108154297,>=0.05,yes
site1/train/video2frame155,EndoVis 2017,site1,train,site1/video2,155,q8_mask_center_5pct_v1,x=25%-75%; y=25%-75%,0.2164764404,>=0.05,yes
site1/train/video2frame156,EndoVis 2017,site1,train,site1/video2,156,q8_mask_center_5pct_v1,x=25%-75%; y=25%-75%,0.2059631348,>=0.05,yes
site1/train/video2frame157,EndoVis 2017,site1,train,site1/video2,157,q8_mask_center_5pct_v1,x=25%-75%; y=25%-75%,0.2739929259,>=0.05,yes
site1/train/video2frame158,EndoVis 2017,site1,train,site1/video2,158,q8_mask_center_5pct_v1,x=25%-75%; y=25%-75%,0.3398162723,>=0.05,yes
site1/train/video2frame159,EndoVis 2017,site1,train,site1/video2,159,q8_mask_center_5pct_v1,x=25%-75%; y=25%-75%,0.2583465576,>=0.05,yes
site1/train/video2frame160,EndoVis 2017,site1,train,site1/video2,160,q8_mask_center_5pct_v1,x=25%-75%; y=25%-75%,0.1886047423,>=0.05,yes
site1/train/video2frame161,EndoVis 2017,site1,train,site1/video2,161,q8_mask_center_5pct_v1,x=25%-75%; y=25%-75%,0.1433654726,>=0.05,yes
site1/train/video2frame162,EndoVis 2017,site1,train,site1/video2,162,q8_mask_center_5pct_v1,x=25%-75%; y=25%-75%,0.1227752715,>=0.05,yes
site1/train/video2frame163,EndoVis 2017,site1,train,site1/video2,163,q8_mask_center_5pct_v1,x=25%-75%; y=25%-75%,0.1641723663,>=0.05,yes
site1/train/video2frame164,EndoVis 2017,site1,train,site1/video2,164,q8_mask_center_5pct_v1,x=25%-75%; y=25%-75%,0.2649627626,>=0.05,yes
site1/train/video2frame165,EndoVis 2017,site1,train,site1/video2,165,q8_mask_center_5pct_v1,x=25%-75%; y=25%-75%,0.2909789979,>=0.05,yes
site1/train/video2frame166,EndoVis 2017,site1,train,site1/video2,166,q8_mask_center_5pct_v1,x=25%-75%; y=25%-75%,0.2703308165,>=0.05,yes
site1/train/video2frame167,EndoVis 2017,site1,train,site1/video2,167,q8_mask_center_5pct_v1,x=25%-75%; y=25%-75%,0.2587951720,>=0.05,yes
site1/train/video2frame168,EndoVis 2017,site1,train,site1/video2,168,q8_mask_center_5pct_v1,x=25%-75%; y=25%-75%,0.2240875214,>=0.05,yes
site1/train/video2frame169,EndoVis 2017,site1,train,site1/video2,169,q8_mask_center_5pct_v1,x=25%-75%; y=25%-75%,0.1848876923,>=0.05,yes
site1/train/video2frame170,EndoVis 2017,site1,train,site1/video2,170,q8_mask_center_5pct_v1,x=25%-75%; y=25%-75%,0.0490539558,>=0.05,no
site1/train/video2frame171,EndoVis 2017,site1,train,site1/video2,171,q8_mask_center_5pct_v1,x=25%-75%; y=25%-75%,0.0383666977,>=0.05,no
site1/train/video2frame172,EndoVis 2017,site1,train,site1/video2,172,q8_mask_center_5pct_v1,x=25%-75%; y=25%-75%,0.1721343994,>=0.05,yes
site1/train/video2frame173,EndoVis 2017,site1,train,site1/video2,173,q8_mask_center_5pct_v1,x=25%-75%; y=25%-75%,0.2598480284,>=0.05,yes
site1/train/video2frame174,EndoVis 2017,site1,train,site1/video2,174,q8_mask_center_5pct_v1,x=25%-75%; y=25%-75%,0.2713623047,>=0.05,yes
site1/train/video2frame175,EndoVis 2017,site1,train,site1/video2,175,q8_mask_center_5pct_v1,x=25%-75%; y=25%-75%,0.0701599121,>=0.05,yes
site1/train/video2frame176,EndoVis 2017,site1,train,site1/video2,176,q8_mask_center_5pct_v1,x=25%-75%; y=25%-75%,0.1375732422,>=0.05,yes
site1/train/video2frame177,EndoVis 2017,site1,train,site1/video2,177,q8_mask_center_5pct_v1,x=25%-75%; y=25%-75%,0.1214416474,>=0.05,yes
site1/train/video2frame178,EndoVis 2017,site1,train,site1/video2,178,q8_mask_center_5pct_v1,x=25%-75%; y=25%-75%,0.2453552186,>=0.05,yes
site1/train/video2frame179,EndoVis 2017,site1,train,site1/video2,179,q8_mask_center_5pct_v1,x=25%-75%; y=25%-75%,0.1982910186,>=0.05,yes
site1/train/video2frame180,EndoVis 2017,site1,train,site1/video2,180,q8_mask_center_5pct_v1,x=25%-75%; y=25%-75%,0.0000000000,>=0.05,no
site1/train/video2frame181,EndoVis 2017,site1,train,site1/video2,181,q8_mask_center_5pct_v1,x=25%-75%; y=25%-75%,0.0000000000,>=0.05,no
site1/train/video2frame182,EndoVis 2017,site1,train,site1/video2,182,q8_mask_center_5pct_v1,x=25%-75%; y=25%-75%,0.0133361816,>=0.05,no
site1/train/video2frame183,EndoVis 2017,site1,train,site1/video2,183,q8_mask_center_5pct_v1,x=25%-75%; y=25%-75%,0.1993041933,>=0.05,yes
site1/train/video2frame184,EndoVis 2017,site1,train,site1/video2,184,q8_mask_center_5pct_v1,x=25%-75%; y=25%-75%,0.2006988525,>=0.05,yes
site1/train/video2frame185,EndoVis 2017,site1,train,site1/video2,185,q8_mask_center_5pct_v1,x=25%-75%; y=25%-75%,0.2041290253,>=0.05,yes
site1/train/video2frame186,EndoVis 2017,site1,train,site1/video2,186,q8_mask_center_5pct_v1,x=25%-75%; y=25%-75%,0.2047607452,>=0.05,yes
site1/train/video2frame187,EndoVis 2017,site1,train,site1/video2,187,q8_mask_center_5pct_v1,x=25%-75%; y=25%-75%,0.1761138886,>=0.05,yes
site1/train/video2frame188,EndoVis 2017,site1,train,site1/video2,188,q8_mask_center_5pct_v1,x=25%-75%; y=25%-75%,0.1479705870,>=0.05,yes
site1/train/video2frame189,EndoVis 2017,site1,train,site1/video2,189,q8_mask_center_5pct_v1,x=25%-75%; y=25%-75%,0.1799072325,>=0.05,yes
site1/train/video2frame190,EndoVis 2017,site1,train,site1/video2,190,q8_mask_center_5pct_v1,x=25%-75%; y=25%-75%,0.1788696349,>=0.05,yes
site1/train/video2frame191,EndoVis 2017,site1,train,site1/video2,191,q8_mask_center_5pct_v1,x=25%-75%; y=25%-75%,0.1839538515,>=0.05,yes
site1/train/video2frame192,EndoVis 2017,site1,train,site1/video2,192,q8_mask_center_5pct_v1,x=25%-75%; y=25%-75%,0.1764129698,>=0.05,yes
site1/train/video2frame193,EndoVis 2017,site1,train,site1/video2,193,q8_mask_center_5pct_v1,x=25%-75%; y=25%-75%,0.1546539366,>=0.05,yes
site1/train/video2frame194,EndoVis 2017,site1,train,site1/video2,194,q8_mask_center_5pct_v1,x=25%-75%; y=25%-75%,0.0682434067,>=0.05,yes
site1/train/video2frame195,EndoVis 2017,site1,train,site1/video2,195,q8_mask_center_5pct_v1,x=25%-75%; y=25%-75%,0.0754028335,>=0.05,yes
site1/train/video2frame196,EndoVis 2017,site1,train,site1/video2,196,q8_mask_center_5pct_v1,x=25%-75%; y=25%-75%,0.0606842041,>=0.05,yes
site1/train/video2frame197,EndoVis 2017,site1,train,site1/video2,197,q8_mask_center_5pct_v1,x=25%-75%; y=25%-75%,0.1437408477,>=0.05,yes
site1/train/video2frame198,EndoVis 2017,site1,train,site1/video2,198,q8_mask_center_5pct_v1,x=25%-75%; y=25%-75%,0.1167999282,>=0.05,yes
site1/train/video2frame199,EndoVis 2017,site1,train,site1/video2,199,q8_mask_center_5pct_v1,x=25%-75%; y=25%-75%,0.2223114073,>=0.05,yes
site1/train/video2frame200,EndoVis 2017,site1,train,site1/video2,200,q8_mask_center_5pct_v1,x=25%-75%; y=25%-75%,0.2158752382,>=0.05,yes
site1/train/video2frame201,EndoVis 2017,site1,train,site1/video2,201,q8_mask_center_5pct_v1,x=25%-75%; y=25%-75%,0.1516967714,>=0.05,yes
site1/train/video2frame202,EndoVis 2017,site1,train,site1/video2,202,q8_mask_center_5pct_v1,x=25%-75%; y=25%-75%,0.1426300108,>=0.05,yes
site1/train/video2frame203,EndoVis 2017,site1,train,site1/video2,203,q8_mask_center_5pct_v1,x=25%-75%; y=25%-75%,0.0970764160,>=0.05,yes
site1/train/video2frame204,EndoVis 2017,site1,train,site1/video2,204,q8_mask_center_5pct_v1,x=25%-75%; y=25%-75%,0.0037689209,>=0.05,no
site1/train/video2frame205,EndoVis 2017,site1,train,site1/video2,205,q8_mask_center_5pct_v1,x=25%-75%; y=25%-75%,0.0341186523,>=0.05,no
site1/train/video2frame206,EndoVis 2017,site1,train,site1/video2,206,q8_mask_center_5pct_v1,x=25%-75%; y=25%-75%,0.1176483184,>=0.05,yes
site1/train/video2frame207,EndoVis 2017,site1,train,site1/video2,207,q8_mask_center_5pct_v1,x=25%-75%; y=25%-75%,0.1146453843,>=0.05,yes
site1/train/video2frame208,EndoVis 2017,site1,train,site1/video2,208,q8_mask_center_5pct_v1,x=25%-75%; y=25%-75%,0.1158447266,>=0.05,yes
site1/train/video2frame209,EndoVis 2017,site1,train,site1/video2,209,q8_mask_center_5pct_v1,x=25%-75%; y=25%-75%,0.1252929717,>=0.05,yes
site1/train/video2frame210,EndoVis 2017,site1,train,site1/video2,210,q8_mask_center_5pct_v1,x=25%-75%; y=25%-75%,0.1108612046,>=0.05,yes
site1/train/video2frame211,EndoVis 2017,site1,train,site1/video2,211,q8_mask_center_5pct_v1,x=25%-75%; y=25%-75%,0.0418609604,>=0.05,no
site1/train/video2frame212,EndoVis 2017,site1,train,site1/video2,212,q8_mask_center_5pct_v1,x=25%-75%; y=25%-75%,0.0071533201,>=0.05,no
site1/train/video2frame213,EndoVis 2017,site1,train,site1/video2,213,q8_mask_center_5pct_v1,x=25%-75%; y=25%-75%,0.0417541489,>=0.05,no
site1/train/video2frame214,EndoVis 2017,site1,train,site1/video2,214,q8_mask_center_5pct_v1,x=25%-75%; y=25%-75%,0.1302032471,>=0.05,yes
site1/train/video2frame215,EndoVis 2017,site1,train,site1/video2,215,q8_mask_center_5pct_v1,x=25%-75%; y=25%-75%,0.1213684082,>=0.05,yes
site1/train/video2frame216,EndoVis 2017,site1,train,site1/video2,216,q8_mask_center_5pct_v1,x=25%-75%; y=25%-75%,0.1030517593,>=0.05,yes
site1/train/video2frame217,EndoVis 2017,site1,train,site1/video2,217,q8_mask_center_5pct_v1,x=25%-75%; y=25%-75%,0.0817596465,>=0.05,yes
site1/train/video2frame218,EndoVis 2017,site1,train,site1/video2,218,q8_mask_center_5pct_v1,x=25%-75%; y=25%-75%,0.0716155991,>=0.05,yes
site1/train/video2frame219,EndoVis 2017,site1,train,site1/video2,219,q8_mask_center_5pct_v1,x=25%-75%; y=25%-75%,0.0558898933,>=0.05,yes
site1/train/video2frame220,EndoVis 2017,site1,train,site1/video2,220,q8_mask_center_5pct_v1,x=25%-75%; y=25%-75%,0.0056030275,>=0.05,no
site1/train/video2frame221,EndoVis 2017,site1,train,site1/video2,221,q8_mask_center_5pct_v1,x=25%-75%; y=25%-75%,0.0000000000,>=0.05,no
site1/train/video2frame222,EndoVis 2017,site1,train,site1/video2,222,q8_mask_center_5pct_v1,x=25%-75%; y=25%-75%,0.0139434813,>=0.05,no
site1/train/video2frame223,EndoVis 2017,site1,train,site1/video2,223,q8_mask_center_5pct_v1,x=25%-75%; y=25%-75%,0.0866973847,>=0.05,yes
site1/train/video2frame224,EndoVis 2017,site1,train,site1/video2,224,q8_mask_center_5pct_v1,x=25%-75%; y=25%-75%,0.1239074692,>=0.05,yes
site1/train/video3frame000,EndoVis 2017,site1,train,site1/video3,0,q8_mask_center_5pct_v1,x=25%-75%; y=25%-75%,0.1843383759,>=0.05,yes
site1/train/video3frame001,EndoVis 2017,site1,train,site1/video3,1,q8_mask_center_5pct_v1,x=25%-75%; y=25%-75%,0.3057586551,>=0.05,yes
site1/train/video3frame002,EndoVis 2017,site1,train,site1/video3,2,q8_mask_center_5pct_v1,x=25%-75%; y=25%-75%,0.4018127322,>=0.05,yes
site1/train/video3frame003,EndoVis 2017,site1,train,site1/video3,3,q8_mask_center_5pct_v1,x=25%-75%; y=25%-75%,0.4056274295,>=0.05,yes
site1/train/video3frame004,EndoVis 2017,site1,train,site1/video3,4,q8_mask_center_5pct_v1,x=25%-75%; y=25%-75%,0.1231811494,>=0.05,yes
site1/train/video3frame005,EndoVis 2017,site1,train,site1/video3,5,q8_mask_center_5pct_v1,x=25%-75%; y=25%-75%,0.2169097960,>=0.05,yes
site1/train/video3frame006,EndoVis 2017,site1,train,site1/video3,6,q8_mask_center_5pct_v1,x=25%-75%; y=25%-75%,0.3101776242,>=0.05,yes
site1/train/video3frame007,EndoVis 2017,site1,train,site1/video3,7,q8_mask_center_5pct_v1,x=25%-75%; y=25%-75%,0.1260131896,>=0.05,yes
site1/train/video3frame008,EndoVis 2017,site1,train,site1/video3,8,q8_mask_center_5pct_v1,x=25%-75%; y=25%-75%,0.0118255615,>=0.05,no
site1/train/video3frame009,EndoVis 2017,site1,train,site1/video3,9,q8_mask_center_5pct_v1,x=25%-75%; y=25%-75%,0.0067993165,>=0.05,no
site1/train/video3frame010,EndoVis 2017,site1,train,site1/video3,10,q8_mask_center_5pct_v1,x=25%-75%; y=25%-75%,0.1329345703,>=0.05,yes
site1/train/video3frame011,EndoVis 2017,site1,train,site1/video3,11,q8_mask_center_5pct_v1,x=25%-75%; y=25%-75%,0.0235961918,>=0.05,no
site1/train/video3frame012,EndoVis 2017,site1,train,site1/video3,12,q8_mask_center_5pct_v1,x=25%-75%; y=25%-75%,0.0609863289,>=0.05,yes
site1/train/video3frame013,EndoVis 2017,site1,train,site1/video3,13,q8_mask_center_5pct_v1,x=25%-75%; y=25%-75%,0.0283630379,>=0.05,no
site1/train/video3frame014,EndoVis 2017,site1,train,site1/video3,14,q8_mask_center_5pct_v1,x=25%-75%; y=25%-75%,0.1179260239,>=0.05,yes
site1/train/video3frame015,EndoVis 2017,site1,train,site1/video3,15,q8_mask_center_5pct_v1,x=25%-75%; y=25%-75%,0.4103149474,>=0.05,yes
site1/train/video3frame016,EndoVis 2017,site1,train,site1/video3,16,q8_mask_center_5pct_v1,x=25%-75%; y=25%-75%,0.0835144073,>=0.05,yes
site1/train/video3frame017,EndoVis 2017,site1,train,site1/video3,17,q8_mask_center_5pct_v1,x=25%-75%; y=25%-75%,0.0612091050,>=0.05,yes
site1/train/video3frame018,EndoVis 2017,site1,train,site1/video3,18,q8_mask_center_5pct_v1,x=25%-75%; y=25%-75%,0.2352569550,>=0.05,yes
site1/train/video3frame019,EndoVis 2017,site1,train,site1/video3,19,q8_mask_center_5pct_v1,x=25%-75%; y=25%-75%,0.2188812196,>=0.05,yes
site1/train/video3frame020,EndoVis 2017,site1,train,site1/video3,20,q8_mask_center_5pct_v1,x=25%-75%; y=25%-75%,0.1580932587,>=0.05,yes
site1/train/video3frame021,EndoVis 2017,site1,train,site1/video3,21,q8_mask_center_5pct_v1,x=25%-75%; y=25%-75%,0.0790496841,>=0.05,yes
site1/train/video3frame022,EndoVis 2017,site1,train,site1/video3,22,q8_mask_center_5pct_v1,x=25%-75%; y=25%-75%,0.0490112305,>=0.05,no
site1/train/video3frame023,EndoVis 2017,site1,train,site1/video3,23,q8_mask_center_5pct_v1,x=25%-75%; y=25%-75%,0.1283142120,>=0.05,yes
site1/train/video3frame024,EndoVis 2017,site1,train,site1/video3,24,q8_mask_center_5pct_v1,x=25%-75%; y=25%-75%,0.1782226562,>=0.05,yes
site1/train/video3frame025,EndoVis 2017,site1,train,site1/video3,25,q8_mask_center_5pct_v1,x=25%-75%; y=25%-75%,0.2324890196,>=0.05,yes
site1/train/video3frame026,EndoVis 2017,site1,train,site1/video3,26,q8_mask_center_5pct_v1,x=25%-75%; y=25%-75%,0.2337371856,>=0.05,yes
site1/train/video3frame027,EndoVis 2017,site1,train,site1/video3,27,q8_mask_center_5pct_v1,x=25%-75%; y=25%-75%,0.2099121064,>=0.05,yes
site1/train/video3frame028,EndoVis 2017,site1,train,site1/video3,28,q8_mask_center_5pct_v1,x=25%-75%; y=25%-75%,0.2236144990,>=0.05,yes
site1/train/video3frame029,EndoVis 2017,site1,train,site1/video3,29,q8_mask_center_5pct_v1,x=25%-75%; y=25%-75%,0.2225311249,>=0.05,yes
site1/train/video3frame030,EndoVis 2017,site1,train,site1/video3,30,q8_mask_center_5pct_v1,x=25%-75%; y=25%-75%,0.2741058469,>=0.05,yes
site1/train/video3frame031,EndoVis 2017,site1,train,site1/video3,31,q8_mask_center_5pct_v1,x=25%-75%; y=25%-75%,0.2869354188,>=0.05,yes
site1/train/video3frame032,EndoVis 2017,site1,train,site1/video3,32,q8_mask_center_5pct_v1,x=25%-75%; y=25%-75%,0.0403411873,>=0.05,no
site1/train/video3frame033,EndoVis 2017,site1,train,site1/video3,33,q8_mask_center_5pct_v1,x=25%-75%; y=25%-75%,0.2019287050,>=0.05,yes
site1/train/video3frame034,EndoVis 2017,site1,train,site1/video3,34,q8_mask_center_5pct_v1,x=25%-75%; y=25%-75%,0.1997161806,>=0.05,yes
site1/train/video3frame035,EndoVis 2017,site1,train,site1/video3,35,q8_mask_center_5pct_v1,x=25%-75%; y=25%-75%,0.3455230594,>=0.05,yes
site1/train/video3frame036,EndoVis 2017,site1,train,site1/video3,36,q8_mask_center_5pct_v1,x=25%-75%; y=25%-75%,0.2430725098,>=0.05,yes
site1/train/video3frame037,EndoVis 2017,site1,train,site1/video3,37,q8_mask_center_5pct_v1,x=25%-75%; y=25%-75%,0.2265350372,>=0.05,yes
site1/train/video3frame038,EndoVis 2017,site1,train,site1/video3,38,q8_mask_center_5pct_v1,x=25%-75%; y=25%-75%,0.2380065918,>=0.05,yes
site1/train/video3frame039,EndoVis 2017,site1,train,site1/video3,39,q8_mask_center_5pct_v1,x=25%-75%; y=25%-75%,0.1837615967,>=0.05,yes
site1/train/video3frame040,EndoVis 2017,site1,train,site1/video3,40,q8_mask_center_5pct_v1,x=25%-75%; y=25%-75%,0.1663330048,>=0.05,yes
site1/train/video3frame041,EndoVis 2017,site1,train,site1/video3,41,q8_mask_center_5pct_v1,x=25%-75%; y=25%-75%,0.1901458800,>=0.05,yes
site1/train/video3frame042,EndoVis 2017,site1,train,site1/video3,42,q8_mask_center_5pct_v1,x=25%-75%; y=25%-75%,0.1597656310,>=0.05,yes
site1/train/video3frame043,EndoVis 2017,site1,train,site1/video3,43,q8_mask_center_5pct_v1,x=25%-75%; y=25%-75%,0.2175781280,>=0.05,yes
site1/train/video3frame044,EndoVis 2017,site1,train,site1/video3,44,q8_mask_center_5pct_v1,x=25%-75%; y=25%-75%,0.0848022476,>=0.05,yes
site1/train/video3frame045,EndoVis 2017,site1,train,site1/video3,45,q8_mask_center_5pct_v1,x=25%-75%; y=25%-75%,0.0250335690,>=0.05,no
site1/train/video3frame046,EndoVis 2017,site1,train,site1/video3,46,q8_mask_center_5pct_v1,x=25%-75%; y=25%-75%,0.1346771270,>=0.05,yes
site1/train/video3frame047,EndoVis 2017,site1,train,site1/video3,47,q8_mask_center_5pct_v1,x=25%-75%; y=25%-75%,0.1417327821,>=0.05,yes
site1/train/video3frame048,EndoVis 2017,site1,train,site1/video3,48,q8_mask_center_5pct_v1,x=25%-75%; y=25%-75%,0.2338745147,>=0.05,yes
site1/train/video3frame049,EndoVis 2017,site1,train,site1/video3,49,q8_mask_center_5pct_v1,x=25%-75%; y=25%-75%,0.1671630889,>=0.05,yes
site1/train/video3frame050,EndoVis 2017,site1,train,site1/video3,50,q8_mask_center_5pct_v1,x=25%-75%; y=25%-75%,0.1127105728,>=0.05,yes
site1/train/video3frame051,EndoVis 2017,site1,train,site1/video3,51,q8_mask_center_5pct_v1,x=25%-75%; y=25%-75%,0.0391662605,>=0.05,no
site1/train/video3frame052,EndoVis 2017,site1,train,site1/video3,52,q8_mask_center_5pct_v1,x=25%-75%; y=25%-75%,0.0000000000,>=0.05,no
site1/train/video3frame053,EndoVis 2017,site1,train,site1/video3,53,q8_mask_center_5pct_v1,x=25%-75%; y=25%-75%,0.4322876036,>=0.05,yes
site1/train/video3frame054,EndoVis 2017,site1,train,site1/video3,54,q8_mask_center_5pct_v1,x=25%-75%; y=25%-75%,0.2202056944,>=0.05,yes
site1/train/video3frame055,EndoVis 2017,site1,train,site1/video3,55,q8_mask_center_5pct_v1,x=25%-75%; y=25%-75%,0.1647430360,>=0.05,yes
site1/train/video3frame056,EndoVis 2017,site1,train,site1/video3,56,q8_mask_center_5pct_v1,x=25%-75%; y=25%-75%,0.2024200410,>=0.05,yes
site1/train/video3frame057,EndoVis 2017,site1,train,site1/video3,57,q8_mask_center_5pct_v1,x=25%-75%; y=25%-75%,0.1222137436,>=0.05,yes
site1/train/video3frame058,EndoVis 2017,site1,train,site1/video3,58,q8_mask_center_5pct_v1,x=25%-75%; y=25%-75%,0.2118286192,>=0.05,yes
site1/train/video3frame059,EndoVis 2017,site1,train,site1/video3,59,q8_mask_center_5pct_v1,x=25%-75%; y=25%-75%,0.1236022934,>=0.05,yes
site1/train/video3frame060,EndoVis 2017,site1,train,site1/video3,60,q8_mask_center_5pct_v1,x=25%-75%; y=25%-75%,0.2450500429,>=0.05,yes
site1/train/video3frame061,EndoVis 2017,site1,train,site1/video3,61,q8_mask_center_5pct_v1,x=25%-75%; y=25%-75%,0.2359436005,>=0.05,yes
site1/train/video3frame062,EndoVis 2017,site1,train,site1/video3,62,q8_mask_center_5pct_v1,x=25%-75%; y=25%-75%,0.1754058897,>=0.05,yes
site1/train/video3frame063,EndoVis 2017,site1,train,site1/video3,63,q8_mask_center_5pct_v1,x=25%-75%; y=25%-75%,0.1712127626,>=0.05,yes
site1/train/video3frame064,EndoVis 2017,site1,train,site1/video3,64,q8_mask_center_5pct_v1,x=25%-75%; y=25%-75%,0.1383239776,>=0.05,yes
site1/train/video3frame065,EndoVis 2017,site1,train,site1/video3,65,q8_mask_center_5pct_v1,x=25%-75%; y=25%-75%,0.1331878603,>=0.05,yes
site1/train/video3frame066,EndoVis 2017,site1,train,site1/video3,66,q8_mask_center_5pct_v1,x=25%-75%; y=25%-75%,0.1879119873,>=0.05,yes
site1/train/video3frame067,EndoVis 2017,site1,train,site1/video3,67,q8_mask_center_5pct_v1,x=25%-75%; y=25%-75%,0.1338104308,>=0.05,yes
site1/train/video3frame068,EndoVis 2017,site1,train,site1/video3,68,q8_mask_center_5pct_v1,x=25%-75%; y=25%-75%,0.0219970699,>=0.05,no
site1/train/video3frame069,EndoVis 2017,site1,train,site1/video3,69,q8_mask_center_5pct_v1,x=25%-75%; y=25%-75%,0.0103515629,>=0.05,no
site1/train/video3frame070,EndoVis 2017,site1,train,site1/video3,70,q8_mask_center_5pct_v1,x=25%-75%; y=25%-75%,0.0364685059,>=0.05,no
site1/train/video3frame071,EndoVis 2017,site1,train,site1/video3,71,q8_mask_center_5pct_v1,x=25%-75%; y=25%-75%,0.0381164551,>=0.05,no
site1/train/video3frame072,EndoVis 2017,site1,train,site1/video3,72,q8_mask_center_5pct_v1,x=25%-75%; y=25%-75%,0.0121124266,>=0.05,no
site1/train/video3frame073,EndoVis 2017,site1,train,site1/video3,73,q8_mask_center_5pct_v1,x=25%-75%; y=25%-75%,0.1280792207,>=0.05,yes
site1/train/video3frame074,EndoVis 2017,site1,train,site1/video3,74,q8_mask_center_5pct_v1,x=25%-75%; y=25%-75%,0.0112274168,>=0.05,no
site1/train/video3frame075,EndoVis 2017,site1,train,site1/video3,75,q8_mask_center_5pct_v1,x=25%-75%; y=25%-75%,0.2031524628,>=0.05,yes
site1/train/video3frame076,EndoVis 2017,site1,train,site1/video3,76,q8_mask_center_5pct_v1,x=25%-75%; y=25%-75%,0.1997772157,>=0.05,yes
site1/train/video3frame077,EndoVis 2017,site1,train,site1/video3,77,q8_mask_center_5pct_v1,x=25%-75%; y=25%-75%,0.2305755615,>=0.05,yes
site1/train/video3frame078,EndoVis 2017,site1,train,site1/video3,78,q8_mask_center_5pct_v1,x=25%-75%; y=25%-75%,0.2410217226,>=0.05,yes
site1/train/video3frame079,EndoVis 2017,site1,train,site1/video3,79,q8_mask_center_5pct_v1,x=25%-75%; y=25%-75%,0.2754058838,>=0.05,yes
site1/train/video3frame080,EndoVis 2017,site1,train,site1/video3,80,q8_mask_center_5pct_v1,x=25%-75%; y=25%-75%,0.2765808105,>=0.05,yes
site1/train/video3frame081,EndoVis 2017,site1,train,site1/video3,81,q8_mask_center_5pct_v1,x=25%-75%; y=25%-75%,0.2878997922,>=0.05,yes
site1/train/video3frame082,EndoVis 2017,site1,train,site1/video3,82,q8_mask_center_5pct_v1,x=25%-75%; y=25%-75%,0.3279083371,>=0.05,yes
site1/train/video3frame083,EndoVis 2017,site1,train,site1/video3,83,q8_mask_center_5pct_v1,x=25%-75%; y=25%-75%,0.3186309934,>=0.05,yes
site1/train/video3frame084,EndoVis 2017,site1,train,site1/video3,84,q8_mask_center_5pct_v1,x=25%-75%; y=25%-75%,0.2344757020,>=0.05,yes
site1/train/video3frame085,EndoVis 2017,site1,train,site1/video3,85,q8_mask_center_5pct_v1,x=25%-75%; y=25%-75%,0.1815612763,>=0.05,yes
site1/train/video3frame086,EndoVis 2017,site1,train,site1/video3,86,q8_mask_center_5pct_v1,x=25%-75%; y=25%-75%,0.2010498047,>=0.05,yes
site1/train/video3frame087,EndoVis 2017,site1,train,site1/video3,87,q8_mask_center_5pct_v1,x=25%-75%; y=25%-75%,0.1967376769,>=0.05,yes
site1/train/video3frame088,EndoVis 2017,site1,train,site1/video3,88,q8_mask_center_5pct_v1,x=25%-75%; y=25%-75%,0.2032501251,>=0.05,yes
site1/train/video3frame089,EndoVis 2017,site1,train,site1/video3,89,q8_mask_center_5pct_v1,x=25%-75%; y=25%-75%,0.1640441865,>=0.05,yes
site1/train/video3frame090,EndoVis 2017,site1,train,site1/video3,90,q8_mask_center_5pct_v1,x=25%-75%; y=25%-75%,0.1612335145,>=0.05,yes
site1/train/video3frame091,EndoVis 2017,site1,train,site1/video3,91,q8_mask_center_5pct_v1,x=25%-75%; y=25%-75%,0.1074584946,>=0.05,yes
site1/train/video3frame092,EndoVis 2017,site1,train,site1/video3,92,q8_mask_center_5pct_v1,x=25%-75%; y=25%-75%,0.0707336441,>=0.05,yes
site1/train/video3frame093,EndoVis 2017,site1,train,site1/video3,93,q8_mask_center_5pct_v1,x=25%-75%; y=25%-75%,0.0650512725,>=0.05,yes
site1/train/video3frame094,EndoVis 2017,site1,train,site1/video3,94,q8_mask_center_5pct_v1,x=25%-75%; y=25%-75%,0.0625701919,>=0.05,yes
site1/train/video3frame095,EndoVis 2017,site1,train,site1/video3,95,q8_mask_center_5pct_v1,x=25%-75%; y=25%-75%,0.1389892548,>=0.05,yes
site1/train/video3frame096,EndoVis 2017,site1,train,site1/video3,96,q8_mask_center_5pct_v1,x=25%-75%; y=25%-75%,0.1509582549,>=0.05,yes
site1/train/video3frame097,EndoVis 2017,site1,train,site1/video3,97,q8_mask_center_5pct_v1,x=25%-75%; y=25%-75%,0.1324706972,>=0.05,yes
site1/train/video3frame098,EndoVis 2017,site1,train,site1/video3,98,q8_mask_center_5pct_v1,x=25%-75%; y=25%-75%,0.1380371153,>=0.05,yes
site1/train/video3frame099,EndoVis 2017,site1,train,site1/video3,99,q8_mask_center_5pct_v1,x=25%-75%; y=25%-75%,0.1633239686,>=0.05,yes
site1/train/video3frame100,EndoVis 2017,site1,train,site1/video3,100,q8_mask_center_5pct_v1,x=25%-75%; y=25%-75%,0.0727142319,>=0.05,yes
site1/train/video3frame101,EndoVis 2017,site1,train,site1/video3,101,q8_mask_center_5pct_v1,x=25%-75%; y=25%-75%,0.0636688247,>=0.05,yes
site1/train/video3frame102,EndoVis 2017,site1,train,site1/video3,102,q8_mask_center_5pct_v1,x=25%-75%; y=25%-75%,0.2340698242,>=0.05,yes
site1/train/video3frame103,EndoVis 2017,site1,train,site1/video3,103,q8_mask_center_5pct_v1,x=25%-75%; y=25%-75%,0.2752502561,>=0.05,yes
site1/train/video3frame104,EndoVis 2017,site1,train,site1/video3,104,q8_mask_center_5pct_v1,x=25%-75%; y=25%-75%,0.2550079226,>=0.05,yes
site1/train/video3frame105,EndoVis 2017,site1,train,site1/video3,105,q8_mask_center_5pct_v1,x=25%-75%; y=25%-75%,0.2001800537,>=0.05,yes
site1/train/video3frame106,EndoVis 2017,site1,train,site1/video3,106,q8_mask_center_5pct_v1,x=25%-75%; y=25%-75%,0.2236755341,>=0.05,yes
site1/train/video3frame107,EndoVis 2017,site1,train,site1/video3,107,q8_mask_center_5pct_v1,x=25%-75%; y=25%-75%,0.1641571075,>=0.05,yes
site1/train/video3frame108,EndoVis 2017,site1,train,site1/video3,108,q8_mask_center_5pct_v1,x=25%-75%; y=25%-75%,0.2359130830,>=0.05,yes
site1/train/video3frame109,EndoVis 2017,site1,train,site1/video3,109,q8_mask_center_5pct_v1,x=25%-75%; y=25%-75%,0.1506378204,>=0.05,yes
site1/train/video3frame110,EndoVis 2017,site1,train,site1/video3,110,q8_mask_center_5pct_v1,x=25%-75%; y=25%-75%,0.1506164521,>=0.05,yes
site1/train/video3frame111,EndoVis 2017,site1,train,site1/video3,111,q8_mask_center_5pct_v1,x=25%-75%; y=25%-75%,0.1563140899,>=0.05,yes
site1/train/video3frame112,EndoVis 2017,site1,train,site1/video3,112,q8_mask_center_5pct_v1,x=25%-75%; y=25%-75%,0.1810424775,>=0.05,yes
site1/train/video3frame113,EndoVis 2017,site1,train,site1/video3,113,q8_mask_center_5pct_v1,x=25%-75%; y=25%-75%,0.1788726747,>=0.05,yes
site1/train/video3frame114,EndoVis 2017,site1,train,site1/video3,114,q8_mask_center_5pct_v1,x=25%-75%; y=25%-75%,0.1007934585,>=0.05,yes
site1/train/video3frame115,EndoVis 2017,site1,train,site1/video3,115,q8_mask_center_5pct_v1,x=25%-75%; y=25%-75%,0.1651275605,>=0.05,yes
site1/train/video3frame116,EndoVis 2017,site1,train,site1/video3,116,q8_mask_center_5pct_v1,x=25%-75%; y=25%-75%,0.2150054872,>=0.05,yes
site1/train/video3frame117,EndoVis 2017,site1,train,site1/video3,117,q8_mask_center_5pct_v1,x=25%-75%; y=25%-75%,0.2428588867,>=0.05,yes
site1/train/video3frame118,EndoVis 2017,site1,train,site1/video3,118,q8_mask_center_5pct_v1,x=25%-75%; y=25%-75%,0.1998718232,>=0.05,yes
site1/train/video3frame119,EndoVis 2017,site1,train,site1/video3,119,q8_mask_center_5pct_v1,x=25%-75%; y=25%-75%,0.1391662657,>=0.05,yes
site1/train/video3frame120,EndoVis 2017,site1,train,site1/video3,120,q8_mask_center_5pct_v1,x=25%-75%; y=25%-75%,0.1214386001,>=0.05,yes
site1/train/video3frame121,EndoVis 2017,site1,train,site1/video3,121,q8_mask_center_5pct_v1,x=25%-75%; y=25%-75%,0.1063903794,>=0.05,yes
site1/train/video3frame122,EndoVis 2017,site1,train,site1/video3,122,q8_mask_center_5pct_v1,x=25%-75%; y=25%-75%,0.1056091338,>=0.05,yes
site1/train/video3frame123,EndoVis 2017,site1,train,site1/video3,123,q8_mask_center_5pct_v1,x=25%-75%; y=25%-75%,0.0865051299,>=0.05,yes
site1/train/video3frame124,EndoVis 2017,site1,train,site1/video3,124,q8_mask_center_5pct_v1,x=25%-75%; y=25%-75%,0.0277008060,>=0.05,no
site1/train/video3frame125,EndoVis 2017,site1,train,site1/video3,125,q8_mask_center_5pct_v1,x=25%-75%; y=25%-75%,0.0942840576,>=0.05,yes
site1/train/video3frame126,EndoVis 2017,site1,train,site1/video3,126,q8_mask_center_5pct_v1,x=25%-75%; y=25%-75%,0.0949584991,>=0.05,yes
site1/train/video3frame127,EndoVis 2017,site1,train,site1/video3,127,q8_mask_center_5pct_v1,x=25%-75%; y=25%-75%,0.0028228760,>=0.05,no
site1/train/video3frame128,EndoVis 2017,site1,train,site1/video3,128,q8_mask_center_5pct_v1,x=25%-75%; y=25%-75%,0.0077026365,>=0.05,no
site1/train/video3frame129,EndoVis 2017,site1,train,site1/video3,129,q8_mask_center_5pct_v1,x=25%-75%; y=25%-75%,0.1380157471,>=0.05,yes
site1/train/video3frame130,EndoVis 2017,site1,train,site1/video3,130,q8_mask_center_5pct_v1,x=25%-75%; y=25%-75%,0.0635345429,>=0.05,yes
site1/train/video3frame131,EndoVis 2017,site1,train,site1/video3,131,q8_mask_center_5pct_v1,x=25%-75%; y=25%-75%,0.0647216812,>=0.05,yes
site1/train/video3frame132,EndoVis 2017,site1,train,site1/video3,132,q8_mask_center_5pct_v1,x=25%-75%; y=25%-75%,0.0643920898,>=0.05,yes
site1/train/video3frame133,EndoVis 2017,site1,train,site1/video3,133,q8_mask_center_5pct_v1,x=25%-75%; y=25%-75%,0.0217193607,>=0.05,no
site1/train/video3frame134,EndoVis 2017,site1,train,site1/video3,134,q8_mask_center_5pct_v1,x=25%-75%; y=25%-75%,0.1205657944,>=0.05,yes
site1/train/video3frame135,EndoVis 2017,site1,train,site1/video3,135,q8_mask_center_5pct_v1,x=25%-75%; y=25%-75%,0.2995147705,>=0.05,yes
site1/train/video3frame136,EndoVis 2017,site1,train,site1/video3,136,q8_mask_center_5pct_v1,x=25%-75%; y=25%-75%,0.2122650146,>=0.05,yes
site1/train/video3frame137,EndoVis 2017,site1,train,site1/video3,137,q8_mask_center_5pct_v1,x=25%-75%; y=25%-75%,0.0428253189,>=0.05,no
site1/train/video3frame138,EndoVis 2017,site1,train,site1/video3,138,q8_mask_center_5pct_v1,x=25%-75%; y=25%-75%,0.0087249754,>=0.05,no
site1/train/video3frame139,EndoVis 2017,site1,train,site1/video3,139,q8_mask_center_5pct_v1,x=25%-75%; y=25%-75%,0.0125640873,>=0.05,no
site1/train/video3frame140,EndoVis 2017,site1,train,site1/video3,140,q8_mask_center_5pct_v1,x=25%-75%; y=25%-75%,0.0448913574,>=0.05,no
site1/train/video3frame141,EndoVis 2017,site1,train,site1/video3,141,q8_mask_center_5pct_v1,x=25%-75%; y=25%-75%,0.0693847686,>=0.05,yes
site1/train/video3frame142,EndoVis 2017,site1,train,site1/video3,142,q8_mask_center_5pct_v1,x=25%-75%; y=25%-75%,0.0390380844,>=0.05,no
site1/train/video3frame143,EndoVis 2017,site1,train,site1/video3,143,q8_mask_center_5pct_v1,x=25%-75%; y=25%-75%,0.1881927550,>=0.05,yes
site1/train/video3frame144,EndoVis 2017,site1,train,site1/video3,144,q8_mask_center_5pct_v1,x=25%-75%; y=25%-75%,0.1846130341,>=0.05,yes
site1/train/video3frame145,EndoVis 2017,site1,train,site1/video3,145,q8_mask_center_5pct_v1,x=25%-75%; y=25%-75%,0.2731079161,>=0.05,yes
site1/train/video3frame146,EndoVis 2017,site1,train,site1/video3,146,q8_mask_center_5pct_v1,x=25%-75%; y=25%-75%,0.2381378114,>=0.05,yes
site1/train/video3frame147,EndoVis 2017,site1,train,site1/video3,147,q8_mask_center_5pct_v1,x=25%-75%; y=25%-75%,0.2802673280,>=0.05,yes
site1/train/video3frame148,EndoVis 2017,site1,train,site1/video3,148,q8_mask_center_5pct_v1,x=25%-75%; y=25%-75%,0.1238037124,>=0.05,yes
site1/train/video3frame149,EndoVis 2017,site1,train,site1/video3,149,q8_mask_center_5pct_v1,x=25%-75%; y=25%-75%,0.1004486084,>=0.05,yes
site1/train/video3frame150,EndoVis 2017,site1,train,site1/video3,150,q8_mask_center_5pct_v1,x=25%-75%; y=25%-75%,0.2795501649,>=0.05,yes
site1/train/video3frame151,EndoVis 2017,site1,train,site1/video3,151,q8_mask_center_5pct_v1,x=25%-75%; y=25%-75%,0.2164855897,>=0.05,yes
site1/train/video3frame152,EndoVis 2017,site1,train,site1/video3,152,q8_mask_center_5pct_v1,x=25%-75%; y=25%-75%,0.1098541245,>=0.05,yes
site1/train/video3frame153,EndoVis 2017,site1,train,site1/video3,153,q8_mask_center_5pct_v1,x=25%-75%; y=25%-75%,0.0054718019,>=0.05,no
site1/train/video3frame154,EndoVis 2017,site1,train,site1/video3,154,q8_mask_center_5pct_v1,x=25%-75%; y=25%-75%,0.0000000000,>=0.05,no
site1/train/video3frame155,EndoVis 2017,site1,train,site1/video3,155,q8_mask_center_5pct_v1,x=25%-75%; y=25%-75%,0.0000000000,>=0.05,no
site1/train/video3frame156,EndoVis 2017,site1,train,site1/video3,156,q8_mask_center_5pct_v1,x=25%-75%; y=25%-75%,0.0000000000,>=0.05,no
site1/train/video3frame157,EndoVis 2017,site1,train,site1/video3,157,q8_mask_center_5pct_v1,x=25%-75%; y=25%-75%,0.0378478989,>=0.05,no
site1/train/video3frame158,EndoVis 2017,site1,train,site1/video3,158,q8_mask_center_5pct_v1,x=25%-75%; y=25%-75%,0.0000000000,>=0.05,no
site1/train/video3frame159,EndoVis 2017,site1,train,site1/video3,159,q8_mask_center_5pct_v1,x=25%-75%; y=25%-75%,0.0000000000,>=0.05,no
site1/train/video3frame160,EndoVis 2017,site1,train,site1/video3,160,q8_mask_center_5pct_v1,x=25%-75%; y=25%-75%,0.0000000000,>=0.05,no
site1/train/video3frame161,EndoVis 2017,site1,train,site1/video3,161,q8_mask_center_5pct_v1,x=25%-75%; y=25%-75%,0.0035644532,>=0.05,no
site1/train/video3frame162,EndoVis 2017,site1,train,site1/video3,162,q8_mask_center_5pct_v1,x=25%-75%; y=25%-75%,0.0188446045,>=0.05,no
site1/train/video3frame163,EndoVis 2017,site1,train,site1/video3,163,q8_mask_center_5pct_v1,x=25%-75%; y=25%-75%,0.0053680418,>=0.05,no
site1/train/video3frame164,EndoVis 2017,site1,train,site1/video3,164,q8_mask_center_5pct_v1,x=25%-75%; y=25%-75%,0.0887145996,>=0.05,yes
site1/train/video3frame165,EndoVis 2017,site1,train,site1/video3,165,q8_mask_center_5pct_v1,x=25%-75%; y=25%-75%,0.0324646011,>=0.05,no
site1/train/video3frame166,EndoVis 2017,site1,train,site1/video3,166,q8_mask_center_5pct_v1,x=25%-75%; y=25%-75%,0.1776001006,>=0.05,yes
site1/train/video3frame167,EndoVis 2017,site1,train,site1/video3,167,q8_mask_center_5pct_v1,x=25%-75%; y=25%-75%,0.2844146788,>=0.05,yes
site1/train/video3frame168,EndoVis 2017,site1,train,site1/video3,168,q8_mask_center_5pct_v1,x=25%-75%; y=25%-75%,0.3785858154,>=0.05,yes
site1/train/video3frame169,EndoVis 2017,site1,train,site1/video3,169,q8_mask_center_5pct_v1,x=25%-75%; y=25%-75%,0.1915283203,>=0.05,yes
site1/train/video3frame170,EndoVis 2017,site1,train,site1/video3,170,q8_mask_center_5pct_v1,x=25%-75%; y=25%-75%,0.0197692867,>=0.05,no
site1/train/video3frame171,EndoVis 2017,site1,train,site1/video3,171,q8_mask_center_5pct_v1,x=25%-75%; y=25%-75%,0.1486236602,>=0.05,yes
site1/train/video3frame172,EndoVis 2017,site1,train,site1/video3,172,q8_mask_center_5pct_v1,x=25%-75%; y=25%-75%,0.1846923828,>=0.05,yes
site1/train/video3frame173,EndoVis 2017,site1,train,site1/video3,173,q8_mask_center_5pct_v1,x=25%-75%; y=25%-75%,0.1360168457,>=0.05,yes
site1/train/video3frame174,EndoVis 2017,site1,train,site1/video3,174,q8_mask_center_5pct_v1,x=25%-75%; y=25%-75%,0.5187713504,>=0.05,yes
site1/train/video3frame175,EndoVis 2017,site1,train,site1/video3,175,q8_mask_center_5pct_v1,x=25%-75%; y=25%-75%,0.1604492217,>=0.05,yes
site1/train/video3frame176,EndoVis 2017,site1,train,site1/video3,176,q8_mask_center_5pct_v1,x=25%-75%; y=25%-75%,0.2522186339,>=0.05,yes
site1/train/video3frame177,EndoVis 2017,site1,train,site1/video3,177,q8_mask_center_5pct_v1,x=25%-75%; y=25%-75%,0.2416717559,>=0.05,yes
site1/train/video3frame178,EndoVis 2017,site1,train,site1/video3,178,q8_mask_center_5pct_v1,x=25%-75%; y=25%-75%,0.0213439949,>=0.05,no
site1/train/video3frame179,EndoVis 2017,site1,train,site1/video3,179,q8_mask_center_5pct_v1,x=25%-75%; y=25%-75%,0.0582885742,>=0.05,yes
site1/train/video3frame180,EndoVis 2017,site1,train,site1/video3,180,q8_mask_center_5pct_v1,x=25%-75%; y=25%-75%,0.1403076202,>=0.05,yes
site1/train/video3frame181,EndoVis 2017,site1,train,site1/video3,181,q8_mask_center_5pct_v1,x=25%-75%; y=25%-75%,0.2588165402,>=0.05,yes
site1/train/video3frame182,EndoVis 2017,site1,train,site1/video3,182,q8_mask_center_5pct_v1,x=25%-75%; y=25%-75%,0.2341980040,>=0.05,yes
site1/train/video3frame183,EndoVis 2017,site1,train,site1/video3,183,q8_mask_center_5pct_v1,x=25%-75%; y=25%-75%,0.1561859101,>=0.05,yes
site1/train/video3frame184,EndoVis 2017,site1,train,site1/video3,184,q8_mask_center_5pct_v1,x=25%-75%; y=25%-75%,0.3206146359,>=0.05,yes
site1/train/video3frame185,EndoVis 2017,site1,train,site1/video3,185,q8_mask_center_5pct_v1,x=25%-75%; y=25%-75%,0.2302093506,>=0.05,yes
site1/train/video3frame186,EndoVis 2017,site1,train,site1/video3,186,q8_mask_center_5pct_v1,x=25%-75%; y=25%-75%,0.2439270020,>=0.05,yes
site1/train/video3frame187,EndoVis 2017,site1,train,site1/video3,187,q8_mask_center_5pct_v1,x=25%-75%; y=25%-75%,0.2160308808,>=0.05,yes
site1/train/video3frame188,EndoVis 2017,site1,train,site1/video3,188,q8_mask_center_5pct_v1,x=25%-75%; y=25%-75%,0.1111480743,>=0.05,yes
site1/train/video3frame189,EndoVis 2017,site1,train,site1/video3,189,q8_mask_center_5pct_v1,x=25%-75%; y=25%-75%,0.1041198745,>=0.05,yes
site1/train/video3frame190,EndoVis 2017,site1,train,site1/video3,190,q8_mask_center_5pct_v1,x=25%-75%; y=25%-75%,0.1033599824,>=0.05,yes
site1/train/video3frame191,EndoVis 2017,site1,train,site1/video3,191,q8_mask_center_5pct_v1,x=25%-75%; y=25%-75%,0.1937774718,>=0.05,yes
site1/train/video3frame192,EndoVis 2017,site1,train,site1/video3,192,q8_mask_center_5pct_v1,x=25%-75%; y=25%-75%,0.2208251953,>=0.05,yes
site1/train/video3frame193,EndoVis 2017,site1,train,site1/video3,193,q8_mask_center_5pct_v1,x=25%-75%; y=25%-75%,0.2233154327,>=0.05,yes
site1/train/video3frame194,EndoVis 2017,site1,train,site1/video3,194,q8_mask_center_5pct_v1,x=25%-75%; y=25%-75%,0.1579681337,>=0.05,yes
site1/train/video3frame195,EndoVis 2017,site1,train,site1/video3,195,q8_mask_center_5pct_v1,x=25%-75%; y=25%-75%,0.2148071229,>=0.05,yes
site1/train/video3frame196,EndoVis 2017,site1,train,site1/video3,196,q8_mask_center_5pct_v1,x=25%-75%; y=25%-75%,0.1889770478,>=0.05,yes
site1/train/video3frame197,EndoVis 2017,site1,train,site1/video3,197,q8_mask_center_5pct_v1,x=25%-75%; y=25%-75%,0.1769775450,>=0.05,yes
site1/train/video3frame198,EndoVis 2017,site1,train,site1/video3,198,q8_mask_center_5pct_v1,x=25%-75%; y=25%-75%,0.0595306382,>=0.05,yes
site1/train/video3frame199,EndoVis 2017,site1,train,site1/video3,199,q8_mask_center_5pct_v1,x=25%-75%; y=25%-75%,0.0561096184,>=0.05,yes
site1/train/video3frame200,EndoVis 2017,site1,train,site1/video3,200,q8_mask_center_5pct_v1,x=25%-75%; y=25%-75%,0.2604980469,>=0.05,yes
site1/train/video3frame201,EndoVis 2017,site1,train,site1/video3,201,q8_mask_center_5pct_v1,x=25%-75%; y=25%-75%,0.2076507509,>=0.05,yes
site1/train/video3frame202,EndoVis 2017,site1,train,site1/video3,202,q8_mask_center_5pct_v1,x=25%-75%; y=25%-75%,0.1845611632,>=0.05,yes
site1/train/video3frame203,EndoVis 2017,site1,train,site1/video3,203,q8_mask_center_5pct_v1,x=25%-75%; y=25%-75%,0.1371917725,>=0.05,yes
site1/train/video3frame204,EndoVis 2017,site1,train,site1/video3,204,q8_mask_center_5pct_v1,x=25%-75%; y=25%-75%,0.1574981660,>=0.05,yes
site1/train/video3frame205,EndoVis 2017,site1,train,site1/video3,205,q8_mask_center_5pct_v1,x=25%-75%; y=25%-75%,0.2158996612,>=0.05,yes
site1/train/video3frame206,EndoVis 2017,site1,train,site1/video3,206,q8_mask_center_5pct_v1,x=25%-75%; y=25%-75%,0.2530822754,>=0.05,yes
site1/train/video3frame207,EndoVis 2017,site1,train,site1/video3,207,q8_mask_center_5pct_v1,x=25%-75%; y=25%-75%,0.2538971007,>=0.05,yes
site1/train/video3frame208,EndoVis 2017,site1,train,site1/video3,208,q8_mask_center_5pct_v1,x=25%-75%; y=25%-75%,0.1750305146,>=0.05,yes
site1/train/video3frame209,EndoVis 2017,site1,train,site1/video3,209,q8_mask_center_5pct_v1,x=25%-75%; y=25%-75%,0.0703338608,>=0.05,yes
site1/train/video3frame210,EndoVis 2017,site1,train,site1/video3,210,q8_mask_center_5pct_v1,x=25%-75%; y=25%-75%,0.0720123276,>=0.05,yes
site1/train/video3frame211,EndoVis 2017,site1,train,site1/video3,211,q8_mask_center_5pct_v1,x=25%-75%; y=25%-75%,0.0739501938,>=0.05,yes
site1/train/video3frame212,EndoVis 2017,site1,train,site1/video3,212,q8_mask_center_5pct_v1,x=25%-75%; y=25%-75%,0.0883667022,>=0.05,yes
site1/train/video3frame213,EndoVis 2017,site1,train,site1/video3,213,q8_mask_center_5pct_v1,x=25%-75%; y=25%-75%,0.2211761475,>=0.05,yes
site1/train/video3frame214,EndoVis 2017,site1,train,site1/video3,214,q8_mask_center_5pct_v1,x=25%-75%; y=25%-75%,0.1169708222,>=0.05,yes
site1/train/video3frame215,EndoVis 2017,site1,train,site1/video3,215,q8_mask_center_5pct_v1,x=25%-75%; y=25%-75%,0.0297302250,>=0.05,no
site1/train/video3frame216,EndoVis 2017,site1,train,site1/video3,216,q8_mask_center_5pct_v1,x=25%-75%; y=25%-75%,0.2063201964,>=0.05,yes
site1/train/video3frame217,EndoVis 2017,site1,train,site1/video3,217,q8_mask_center_5pct_v1,x=25%-75%; y=25%-75%,0.1383056641,>=0.05,yes
site1/train/video3frame218,EndoVis 2017,site1,train,site1/video3,218,q8_mask_center_5pct_v1,x=25%-75%; y=25%-75%,0.1453582793,>=0.05,yes
site1/train/video3frame219,EndoVis 2017,site1,train,site1/video3,219,q8_mask_center_5pct_v1,x=25%-75%; y=25%-75%,0.2053192109,>=0.05,yes
site1/train/video3frame220,EndoVis 2017,site1,train,site1/video3,220,q8_mask_center_5pct_v1,x=25%-75%; y=25%-75%,0.1010192856,>=0.05,yes
site1/train/video3frame221,EndoVis 2017,site1,train,site1/video3,221,q8_mask_center_5pct_v1,x=25%-75%; y=25%-75%,0.1238220185,>=0.05,yes
site1/train/video3frame222,EndoVis 2017,site1,train,site1/video3,222,q8_mask_center_5pct_v1,x=25%-75%; y=25%-75%,0.1413299590,>=0.05,yes
site1/train/video3frame223,EndoVis 2017,site1,train,site1/video3,223,q8_mask_center_5pct_v1,x=25%-75%; y=25%-75%,0.0763458237,>=0.05,yes
site1/train/video3frame224,EndoVis 2017,site1,train,site1/video3,224,q8_mask_center_5pct_v1,x=25%-75%; y=25%-75%,0.0539794937,>=0.05,yes
site1/train/video4frame000,EndoVis 2017,site1,train,site1/video4,0,q8_mask_center_5pct_v1,x=25%-75%; y=25%-75%,0.1660919189,>=0.05,yes
site1/train/video4frame001,EndoVis 2017,site1,train,site1/video4,1,q8_mask_center_5pct_v1,x=25%-75%; y=25%-75%,0.1675384492,>=0.05,yes
site1/train/video4frame002,EndoVis 2017,site1,train,site1/video4,2,q8_mask_center_5pct_v1,x=25%-75%; y=25%-75%,0.2006103545,>=0.05,yes
site1/train/video4frame003,EndoVis 2017,site1,train,site1/video4,3,q8_mask_center_5pct_v1,x=25%-75%; y=25%-75%,0.1691009551,>=0.05,yes
site1/train/video4frame004,EndoVis 2017,site1,train,site1/video4,4,q8_mask_center_5pct_v1,x=25%-75%; y=25%-75%,0.0008483886,>=0.05,no
site1/train/video4frame005,EndoVis 2017,site1,train,site1/video4,5,q8_mask_center_5pct_v1,x=25%-75%; y=25%-75%,0.1122863740,>=0.05,yes
site1/train/video4frame006,EndoVis 2017,site1,train,site1/video4,6,q8_mask_center_5pct_v1,x=25%-75%; y=25%-75%,0.0943969712,>=0.05,yes
site1/train/video4frame007,EndoVis 2017,site1,train,site1/video4,7,q8_mask_center_5pct_v1,x=25%-75%; y=25%-75%,0.1771270782,>=0.05,yes
site1/train/video4frame008,EndoVis 2017,site1,train,site1/video4,8,q8_mask_center_5pct_v1,x=25%-75%; y=25%-75%,0.1090606675,>=0.05,yes
site1/train/video4frame009,EndoVis 2017,site1,train,site1/video4,9,q8_mask_center_5pct_v1,x=25%-75%; y=25%-75%,0.0097747799,>=0.05,no
site1/train/video4frame010,EndoVis 2017,site1,train,site1/video4,10,q8_mask_center_5pct_v1,x=25%-75%; y=25%-75%,0.0164428707,>=0.05,no
site1/train/video4frame011,EndoVis 2017,site1,train,site1/video4,11,q8_mask_center_5pct_v1,x=25%-75%; y=25%-75%,0.0011718750,>=0.05,no
site1/train/video4frame012,EndoVis 2017,site1,train,site1/video4,12,q8_mask_center_5pct_v1,x=25%-75%; y=25%-75%,0.0314361565,>=0.05,no
site1/train/video4frame013,EndoVis 2017,site1,train,site1/video4,13,q8_mask_center_5pct_v1,x=25%-75%; y=25%-75%,0.0038909912,>=0.05,no
site1/train/video4frame014,EndoVis 2017,site1,train,site1/video4,14,q8_mask_center_5pct_v1,x=25%-75%; y=25%-75%,0.0029388429,>=0.05,no
site1/train/video4frame015,EndoVis 2017,site1,train,site1/video4,15,q8_mask_center_5pct_v1,x=25%-75%; y=25%-75%,0.1283264160,>=0.05,yes
site1/train/video4frame016,EndoVis 2017,site1,train,site1/video4,16,q8_mask_center_5pct_v1,x=25%-75%; y=25%-75%,0.0661987290,>=0.05,yes
site1/train/video4frame017,EndoVis 2017,site1,train,site1/video4,17,q8_mask_center_5pct_v1,x=25%-75%; y=25%-75%,0.0659790039,>=0.05,yes
site1/train/video4frame018,EndoVis 2017,site1,train,site1/video4,18,q8_mask_center_5pct_v1,x=25%-75%; y=25%-75%,0.1431243867,>=0.05,yes
site1/train/video4frame019,EndoVis 2017,site1,train,site1/video4,19,q8_mask_center_5pct_v1,x=25%-75%; y=25%-75%,0.1142059341,>=0.05,yes
site1/train/video4frame020,EndoVis 2017,site1,train,site1/video4,20,q8_mask_center_5pct_v1,x=25%-75%; y=25%-75%,0.2499175966,>=0.05,yes
site1/train/video4frame021,EndoVis 2017,site1,train,site1/video4,21,q8_mask_center_5pct_v1,x=25%-75%; y=25%-75%,0.1410095245,>=0.05,yes
site1/train/video4frame022,EndoVis 2017,site1,train,site1/video4,22,q8_mask_center_5pct_v1,x=25%-75%; y=25%-75%,0.1369690001,>=0.05,yes
site1/train/video4frame023,EndoVis 2017,site1,train,site1/video4,23,q8_mask_center_5pct_v1,x=25%-75%; y=25%-75%,0.1352813691,>=0.05,yes
site1/train/video4frame024,EndoVis 2017,site1,train,site1/video4,24,q8_mask_center_5pct_v1,x=25%-75%; y=25%-75%,0.1359710693,>=0.05,yes
site1/train/video4frame025,EndoVis 2017,site1,train,site1/video4,25,q8_mask_center_5pct_v1,x=25%-75%; y=25%-75%,0.1371704042,>=0.05,yes
site1/train/video4frame026,EndoVis 2017,site1,train,site1/video4,26,q8_mask_center_5pct_v1,x=25%-75%; y=25%-75%,0.1365966797,>=0.05,yes
site1/train/video4frame027,EndoVis 2017,site1,train,site1/video4,27,q8_mask_center_5pct_v1,x=25%-75%; y=25%-75%,0.1375640929,>=0.05,yes
site1/train/video4frame028,EndoVis 2017,site1,train,site1/video4,28,q8_mask_center_5pct_v1,x=25%-75%; y=25%-75%,0.1369384825,>=0.05,yes
site1/train/video4frame029,EndoVis 2017,site1,train,site1/video4,29,q8_mask_center_5pct_v1,x=25%-75%; y=25%-75%,0.1361480653,>=0.05,yes
site1/train/video4frame030,EndoVis 2017,site1,train,site1/video4,30,q8_mask_center_5pct_v1,x=25%-75%; y=25%-75%,0.1367004365,>=0.05,yes
site1/train/video4frame031,EndoVis 2017,site1,train,site1/video4,31,q8_mask_center_5pct_v1,x=25%-75%; y=25%-75%,0.1228790283,>=0.05,yes
site1/train/video4frame032,EndoVis 2017,site1,train,site1/video4,32,q8_mask_center_5pct_v1,x=25%-75%; y=25%-75%,0.1274475157,>=0.05,yes
site1/train/video4frame033,EndoVis 2017,site1,train,site1/video4,33,q8_mask_center_5pct_v1,x=25%-75%; y=25%-75%,0.1516540498,>=0.05,yes
site1/train/video4frame034,EndoVis 2017,site1,train,site1/video4,34,q8_mask_center_5pct_v1,x=25%-75%; y=25%-75%,0.2091583312,>=0.05,yes
site1/train/video4frame035,EndoVis 2017,site1,train,site1/video4,35,q8_mask_center_5pct_v1,x=25%-75%; y=25%-75%,0.2485961914,>=0.05,yes
site1/train/video4frame036,EndoVis 2017,site1,train,site1/video4,36,q8_mask_center_5pct_v1,x=25%-75%; y=25%-75%,0.2244689912,>=0.05,yes
site1/train/video4frame037,EndoVis 2017,site1,train,site1/video4,37,q8_mask_center_5pct_v1,x=25%-75%; y=25%-75%,0.2456603944,>=0.05,yes
site1/train/video4frame038,EndoVis 2017,site1,train,site1/video4,38,q8_mask_center_5pct_v1,x=25%-75%; y=25%-75%,0.1745910645,>=0.05,yes
site1/train/video4frame039,EndoVis 2017,site1,train,site1/video4,39,q8_mask_center_5pct_v1,x=25%-75%; y=25%-75%,0.1845336854,>=0.05,yes
site1/train/video4frame040,EndoVis 2017,site1,train,site1/video4,40,q8_mask_center_5pct_v1,x=25%-75%; y=25%-75%,0.1838989258,>=0.05,yes
site1/train/video4frame041,EndoVis 2017,site1,train,site1/video4,41,q8_mask_center_5pct_v1,x=25%-75%; y=25%-75%,0.2525390685,>=0.05,yes
site1/train/video4frame042,EndoVis 2017,site1,train,site1/video4,42,q8_mask_center_5pct_v1,x=25%-75%; y=25%-75%,0.1479431093,>=0.05,yes
site1/train/video4frame043,EndoVis 2017,site1,train,site1/video4,43,q8_mask_center_5pct_v1,x=25%-75%; y=25%-75%,0.1184417754,>=0.05,yes
site1/train/video4frame044,EndoVis 2017,site1,train,site1/video4,44,q8_mask_center_5pct_v1,x=25%-75%; y=25%-75%,0.1220825166,>=0.05,yes
site1/train/video4frame045,EndoVis 2017,site1,train,site1/video4,45,q8_mask_center_5pct_v1,x=25%-75%; y=25%-75%,0.0579681396,>=0.05,yes
site1/train/video4frame046,EndoVis 2017,site1,train,site1/video4,46,q8_mask_center_5pct_v1,x=25%-75%; y=25%-75%,0.0386077873,>=0.05,no
site1/train/video4frame047,EndoVis 2017,site1,train,site1/video4,47,q8_mask_center_5pct_v1,x=25%-75%; y=25%-75%,0.0306457523,>=0.05,no
site1/train/video4frame048,EndoVis 2017,site1,train,site1/video4,48,q8_mask_center_5pct_v1,x=25%-75%; y=25%-75%,0.0160095207,>=0.05,no
site1/train/video4frame049,EndoVis 2017,site1,train,site1/video4,49,q8_mask_center_5pct_v1,x=25%-75%; y=25%-75%,0.0415710434,>=0.05,no
site1/train/video4frame050,EndoVis 2017,site1,train,site1/video4,50,q8_mask_center_5pct_v1,x=25%-75%; y=25%-75%,0.0116882324,>=0.05,no
site1/train/video4frame051,EndoVis 2017,site1,train,site1/video4,51,q8_mask_center_5pct_v1,x=25%-75%; y=25%-75%,0.0550476089,>=0.05,yes
site1/train/video4frame052,EndoVis 2017,site1,train,site1/video4,52,q8_mask_center_5pct_v1,x=25%-75%; y=25%-75%,0.0722442642,>=0.05,yes
site1/train/video4frame053,EndoVis 2017,site1,train,site1/video4,53,q8_mask_center_5pct_v1,x=25%-75%; y=25%-75%,0.1870208681,>=0.05,yes
site1/train/video4frame054,EndoVis 2017,site1,train,site1/video4,54,q8_mask_center_5pct_v1,x=25%-75%; y=25%-75%,0.1555450410,>=0.05,yes
site1/train/video4frame055,EndoVis 2017,site1,train,site1/video4,55,q8_mask_center_5pct_v1,x=25%-75%; y=25%-75%,0.1125915498,>=0.05,yes
site1/train/video4frame056,EndoVis 2017,site1,train,site1/video4,56,q8_mask_center_5pct_v1,x=25%-75%; y=25%-75%,0.0906524658,>=0.05,yes
site1/train/video4frame057,EndoVis 2017,site1,train,site1/video4,57,q8_mask_center_5pct_v1,x=25%-75%; y=25%-75%,0.0746551529,>=0.05,yes
site1/train/video4frame058,EndoVis 2017,site1,train,site1/video4,58,q8_mask_center_5pct_v1,x=25%-75%; y=25%-75%,0.0760284439,>=0.05,yes
site1/train/video4frame059,EndoVis 2017,site1,train,site1/video4,59,q8_mask_center_5pct_v1,x=25%-75%; y=25%-75%,0.0565826409,>=0.05,yes
site1/train/video4frame060,EndoVis 2017,site1,train,site1/video4,60,q8_mask_center_5pct_v1,x=25%-75%; y=25%-75%,0.0585906990,>=0.05,yes
site1/train/video4frame061,EndoVis 2017,site1,train,site1/video4,61,q8_mask_center_5pct_v1,x=25%-75%; y=25%-75%,0.0774810761,>=0.05,yes
site1/train/video4frame062,EndoVis 2017,site1,train,site1/video4,62,q8_mask_center_5pct_v1,x=25%-75%; y=25%-75%,0.0527069084,>=0.05,yes
site1/train/video4frame063,EndoVis 2017,site1,train,site1/video4,63,q8_mask_center_5pct_v1,x=25%-75%; y=25%-75%,0.0059967041,>=0.05,no
site1/train/video4frame064,EndoVis 2017,site1,train,site1/video4,64,q8_mask_center_5pct_v1,x=25%-75%; y=25%-75%,0.0097167967,>=0.05,no
site1/train/video4frame065,EndoVis 2017,site1,train,site1/video4,65,q8_mask_center_5pct_v1,x=25%-75%; y=25%-75%,0.1842315644,>=0.05,yes
site1/train/video4frame066,EndoVis 2017,site1,train,site1/video4,66,q8_mask_center_5pct_v1,x=25%-75%; y=25%-75%,0.1165313721,>=0.05,yes
site1/train/video4frame067,EndoVis 2017,site1,train,site1/video4,67,q8_mask_center_5pct_v1,x=25%-75%; y=25%-75%,0.0786560029,>=0.05,yes
site1/train/video4frame068,EndoVis 2017,site1,train,site1/video4,68,q8_mask_center_5pct_v1,x=25%-75%; y=25%-75%,0.1746795624,>=0.05,yes
site1/train/video4frame069,EndoVis 2017,site1,train,site1/video4,69,q8_mask_center_5pct_v1,x=25%-75%; y=25%-75%,0.1118591279,>=0.05,yes
site1/train/video4frame070,EndoVis 2017,site1,train,site1/video4,70,q8_mask_center_5pct_v1,x=25%-75%; y=25%-75%,0.0592254624,>=0.05,yes
site1/train/video4frame071,EndoVis 2017,site1,train,site1/video4,71,q8_mask_center_5pct_v1,x=25%-75%; y=25%-75%,0.0536193848,>=0.05,yes
site1/train/video4frame072,EndoVis 2017,site1,train,site1/video4,72,q8_mask_center_5pct_v1,x=25%-75%; y=25%-75%,0.1195159927,>=0.05,yes
site1/train/video4frame073,EndoVis 2017,site1,train,site1/video4,73,q8_mask_center_5pct_v1,x=25%-75%; y=25%-75%,0.1389160156,>=0.05,yes
site1/train/video4frame074,EndoVis 2017,site1,train,site1/video4,74,q8_mask_center_5pct_v1,x=25%-75%; y=25%-75%,0.0694915801,>=0.05,yes
site1/train/video4frame075,EndoVis 2017,site1,train,site1/video4,75,q8_mask_center_5pct_v1,x=25%-75%; y=25%-75%,0.0329193100,>=0.05,no
site1/train/video4frame076,EndoVis 2017,site1,train,site1/video4,76,q8_mask_center_5pct_v1,x=25%-75%; y=25%-75%,0.2968383729,>=0.05,yes
site1/train/video4frame077,EndoVis 2017,site1,train,site1/video4,77,q8_mask_center_5pct_v1,x=25%-75%; y=25%-75%,0.1769683808,>=0.05,yes
site1/train/video4frame078,EndoVis 2017,site1,train,site1/video4,78,q8_mask_center_5pct_v1,x=25%-75%; y=25%-75%,0.1436126679,>=0.05,yes
site1/train/video4frame079,EndoVis 2017,site1,train,site1/video4,79,q8_mask_center_5pct_v1,x=25%-75%; y=25%-75%,0.2285644561,>=0.05,yes
site1/train/video4frame080,EndoVis 2017,site1,train,site1/video4,80,q8_mask_center_5pct_v1,x=25%-75%; y=25%-75%,0.1410705596,>=0.05,yes
site1/train/video4frame081,EndoVis 2017,site1,train,site1/video4,81,q8_mask_center_5pct_v1,x=25%-75%; y=25%-75%,0.0875610337,>=0.05,yes
site1/train/video4frame082,EndoVis 2017,site1,train,site1/video4,82,q8_mask_center_5pct_v1,x=25%-75%; y=25%-75%,0.1291839629,>=0.05,yes
site1/train/video4frame083,EndoVis 2017,site1,train,site1/video4,83,q8_mask_center_5pct_v1,x=25%-75%; y=25%-75%,0.2788635194,>=0.05,yes
site1/train/video4frame084,EndoVis 2017,site1,train,site1/video4,84,q8_mask_center_5pct_v1,x=25%-75%; y=25%-75%,0.1306274384,>=0.05,yes
site1/train/video4frame085,EndoVis 2017,site1,train,site1/video4,85,q8_mask_center_5pct_v1,x=25%-75%; y=25%-75%,0.1026092544,>=0.05,yes
site1/train/video4frame086,EndoVis 2017,site1,train,site1/video4,86,q8_mask_center_5pct_v1,x=25%-75%; y=25%-75%,0.1185272187,>=0.05,yes
site1/train/video4frame087,EndoVis 2017,site1,train,site1/video4,87,q8_mask_center_5pct_v1,x=25%-75%; y=25%-75%,0.1050415039,>=0.05,yes
site1/train/video4frame088,EndoVis 2017,site1,train,site1/video4,88,q8_mask_center_5pct_v1,x=25%-75%; y=25%-75%,0.1935028136,>=0.05,yes
site1/train/video4frame089,EndoVis 2017,site1,train,site1/video4,89,q8_mask_center_5pct_v1,x=25%-75%; y=25%-75%,0.0948455781,>=0.05,yes
site1/train/video4frame090,EndoVis 2017,site1,train,site1/video4,90,q8_mask_center_5pct_v1,x=25%-75%; y=25%-75%,0.1017761230,>=0.05,yes
site1/train/video4frame091,EndoVis 2017,site1,train,site1/video4,91,q8_mask_center_5pct_v1,x=25%-75%; y=25%-75%,0.0870178193,>=0.05,yes
site1/train/video4frame092,EndoVis 2017,site1,train,site1/video4,92,q8_mask_center_5pct_v1,x=25%-75%; y=25%-75%,0.0986877456,>=0.05,yes
site1/train/video4frame093,EndoVis 2017,site1,train,site1/video4,93,q8_mask_center_5pct_v1,x=25%-75%; y=25%-75%,0.0837371796,>=0.05,yes
site1/train/video4frame094,EndoVis 2017,site1,train,site1/video4,94,q8_mask_center_5pct_v1,x=25%-75%; y=25%-75%,0.0831695572,>=0.05,yes
site1/train/video4frame095,EndoVis 2017,site1,train,site1/video4,95,q8_mask_center_5pct_v1,x=25%-75%; y=25%-75%,0.0826812759,>=0.05,yes
site1/train/video4frame096,EndoVis 2017,site1,train,site1/video4,96,q8_mask_center_5pct_v1,x=25%-75%; y=25%-75%,0.0190826412,>=0.05,no
site1/train/video4frame097,EndoVis 2017,site1,train,site1/video4,97,q8_mask_center_5pct_v1,x=25%-75%; y=25%-75%,0.0063781738,>=0.05,no
site1/train/video4frame098,EndoVis 2017,site1,train,site1/video4,98,q8_mask_center_5pct_v1,x=25%-75%; y=25%-75%,0.0030059814,>=0.05,no
site1/train/video4frame099,EndoVis 2017,site1,train,site1/video4,99,q8_mask_center_5pct_v1,x=25%-75%; y=25%-75%,0.0039459229,>=0.05,no
site1/train/video4frame100,EndoVis 2017,site1,train,site1/video4,100,q8_mask_center_5pct_v1,x=25%-75%; y=25%-75%,0.0167083740,>=0.05,no
site1/train/video4frame101,EndoVis 2017,site1,train,site1/video4,101,q8_mask_center_5pct_v1,x=25%-75%; y=25%-75%,0.0044921874,>=0.05,no
site1/train/video4frame102,EndoVis 2017,site1,train,site1/video4,102,q8_mask_center_5pct_v1,x=25%-75%; y=25%-75%,0.0083007812,>=0.05,no
site1/train/video4frame103,EndoVis 2017,site1,train,site1/video4,103,q8_mask_center_5pct_v1,x=25%-75%; y=25%-75%,0.0073150634,>=0.05,no
site1/train/video4frame104,EndoVis 2017,site1,train,site1/video4,104,q8_mask_center_5pct_v1,x=25%-75%; y=25%-75%,0.0118652340,>=0.05,no
site1/train/video4frame105,EndoVis 2017,site1,train,site1/video4,105,q8_mask_center_5pct_v1,x=25%-75%; y=25%-75%,0.1767120361,>=0.05,yes
site1/train/video4frame106,EndoVis 2017,site1,train,site1/video4,106,q8_mask_center_5pct_v1,x=25%-75%; y=25%-75%,0.2577636838,>=0.05,yes
site1/train/video4frame107,EndoVis 2017,site1,train,site1/video4,107,q8_mask_center_5pct_v1,x=25%-75%; y=25%-75%,0.2700195312,>=0.05,yes
site1/train/video4frame108,EndoVis 2017,site1,train,site1/video4,108,q8_mask_center_5pct_v1,x=25%-75%; y=25%-75%,0.0203338619,>=0.05,no
site1/train/video4frame109,EndoVis 2017,site1,train,site1/video4,109,q8_mask_center_5pct_v1,x=25%-75%; y=25%-75%,0.2289886475,>=0.05,yes
site1/train/video4frame110,EndoVis 2017,site1,train,site1/video4,110,q8_mask_center_5pct_v1,x=25%-75%; y=25%-75%,0.1691772491,>=0.05,yes
site1/train/video4frame111,EndoVis 2017,site1,train,site1/video4,111,q8_mask_center_5pct_v1,x=25%-75%; y=25%-75%,0.1112884507,>=0.05,yes
site1/train/video4frame112,EndoVis 2017,site1,train,site1/video4,112,q8_mask_center_5pct_v1,x=25%-75%; y=25%-75%,0.0307403561,>=0.05,no
site1/train/video4frame113,EndoVis 2017,site1,train,site1/video4,113,q8_mask_center_5pct_v1,x=25%-75%; y=25%-75%,0.0357635505,>=0.05,no
site1/train/video4frame114,EndoVis 2017,site1,train,site1/video4,114,q8_mask_center_5pct_v1,x=25%-75%; y=25%-75%,0.0527343750,>=0.05,yes
site1/train/video4frame115,EndoVis 2017,site1,train,site1/video4,115,q8_mask_center_5pct_v1,x=25%-75%; y=25%-75%,0.0609710701,>=0.05,yes
site1/train/video4frame116,EndoVis 2017,site1,train,site1/video4,116,q8_mask_center_5pct_v1,x=25%-75%; y=25%-75%,0.0151031492,>=0.05,no
site1/train/video4frame117,EndoVis 2017,site1,train,site1/video4,117,q8_mask_center_5pct_v1,x=25%-75%; y=25%-75%,0.1821258515,>=0.05,yes
site1/train/video4frame118,EndoVis 2017,site1,train,site1/video4,118,q8_mask_center_5pct_v1,x=25%-75%; y=25%-75%,0.1655548066,>=0.05,yes
site1/train/video4frame119,EndoVis 2017,site1,train,site1/video4,119,q8_mask_center_5pct_v1,x=25%-75%; y=25%-75%,0.0917053223,>=0.05,yes
site1/train/video4frame120,EndoVis 2017,site1,train,site1/video4,120,q8_mask_center_5pct_v1,x=25%-75%; y=25%-75%,0.1964904815,>=0.05,yes
site1/train/video4frame121,EndoVis 2017,site1,train,site1/video4,121,q8_mask_center_5pct_v1,x=25%-75%; y=25%-75%,0.1941497773,>=0.05,yes
site1/train/video4frame122,EndoVis 2017,site1,train,site1/video4,122,q8_mask_center_5pct_v1,x=25%-75%; y=25%-75%,0.2238830626,>=0.05,yes
site1/train/video4frame123,EndoVis 2017,site1,train,site1/video4,123,q8_mask_center_5pct_v1,x=25%-75%; y=25%-75%,0.2143890411,>=0.05,yes
site1/train/video4frame124,EndoVis 2017,site1,train,site1/video4,124,q8_mask_center_5pct_v1,x=25%-75%; y=25%-75%,0.1049804688,>=0.05,yes
site1/train/video4frame125,EndoVis 2017,site1,train,site1/video4,125,q8_mask_center_5pct_v1,x=25%-75%; y=25%-75%,0.0492462143,>=0.05,no
site1/train/video4frame126,EndoVis 2017,site1,train,site1/video4,126,q8_mask_center_5pct_v1,x=25%-75%; y=25%-75%,0.0370727554,>=0.05,no
site1/train/video4frame127,EndoVis 2017,site1,train,site1/video4,127,q8_mask_center_5pct_v1,x=25%-75%; y=25%-75%,0.1309448183,>=0.05,yes
site1/train/video4frame128,EndoVis 2017,site1,train,site1/video4,128,q8_mask_center_5pct_v1,x=25%-75%; y=25%-75%,0.1265899688,>=0.05,yes
site1/train/video4frame129,EndoVis 2017,site1,train,site1/video4,129,q8_mask_center_5pct_v1,x=25%-75%; y=25%-75%,0.1639770567,>=0.05,yes
site1/train/video4frame130,EndoVis 2017,site1,train,site1/video4,130,q8_mask_center_5pct_v1,x=25%-75%; y=25%-75%,0.2017700225,>=0.05,yes
site1/train/video4frame131,EndoVis 2017,site1,train,site1/video4,131,q8_mask_center_5pct_v1,x=25%-75%; y=25%-75%,0.2226440459,>=0.05,yes
site1/train/video4frame132,EndoVis 2017,site1,train,site1/video4,132,q8_mask_center_5pct_v1,x=25%-75%; y=25%-75%,0.2492126524,>=0.05,yes
site1/train/video4frame133,EndoVis 2017,site1,train,site1/video4,133,q8_mask_center_5pct_v1,x=25%-75%; y=25%-75%,0.2328826934,>=0.05,yes
site1/train/video4frame134,EndoVis 2017,site1,train,site1/video4,134,q8_mask_center_5pct_v1,x=25%-75%; y=25%-75%,0.1790252626,>=0.05,yes
site1/train/video4frame135,EndoVis 2017,site1,train,site1/video4,135,q8_mask_center_5pct_v1,x=25%-75%; y=25%-75%,0.1263763458,>=0.05,yes
site1/train/video4frame136,EndoVis 2017,site1,train,site1/video4,136,q8_mask_center_5pct_v1,x=25%-75%; y=25%-75%,0.3239532411,>=0.05,yes
site1/train/video4frame137,EndoVis 2017,site1,train,site1/video4,137,q8_mask_center_5pct_v1,x=25%-75%; y=25%-75%,0.3087158203,>=0.05,yes
site1/train/video4frame138,EndoVis 2017,site1,train,site1/video4,138,q8_mask_center_5pct_v1,x=25%-75%; y=25%-75%,0.2260314971,>=0.05,yes
site1/train/video4frame139,EndoVis 2017,site1,train,site1/video4,139,q8_mask_center_5pct_v1,x=25%-75%; y=25%-75%,0.1527923644,>=0.05,yes
site1/train/video4frame140,EndoVis 2017,site1,train,site1/video4,140,q8_mask_center_5pct_v1,x=25%-75%; y=25%-75%,0.3121826053,>=0.05,yes
site1/train/video4frame141,EndoVis 2017,site1,train,site1/video4,141,q8_mask_center_5pct_v1,x=25%-75%; y=25%-75%,0.3088714480,>=0.05,yes
site1/train/video4frame142,EndoVis 2017,site1,train,site1/video4,142,q8_mask_center_5pct_v1,x=25%-75%; y=25%-75%,0.1677276641,>=0.05,yes
site1/train/video4frame143,EndoVis 2017,site1,train,site1/video4,143,q8_mask_center_5pct_v1,x=25%-75%; y=25%-75%,0.2313995361,>=0.05,yes
site1/train/video4frame144,EndoVis 2017,site1,train,site1/video4,144,q8_mask_center_5pct_v1,x=25%-75%; y=25%-75%,0.0741088837,>=0.05,yes
site1/train/video4frame145,EndoVis 2017,site1,train,site1/video4,145,q8_mask_center_5pct_v1,x=25%-75%; y=25%-75%,0.1374175996,>=0.05,yes
site1/train/video4frame146,EndoVis 2017,site1,train,site1/video4,146,q8_mask_center_5pct_v1,x=25%-75%; y=25%-75%,0.1648498476,>=0.05,yes
site1/train/video4frame147,EndoVis 2017,site1,train,site1/video4,147,q8_mask_center_5pct_v1,x=25%-75%; y=25%-75%,0.1671905518,>=0.05,yes
site1/train/video4frame148,EndoVis 2017,site1,train,site1/video4,148,q8_mask_center_5pct_v1,x=25%-75%; y=25%-75%,0.1633422822,>=0.05,yes
site1/train/video4frame149,EndoVis 2017,site1,train,site1/video4,149,q8_mask_center_5pct_v1,x=25%-75%; y=25%-75%,0.1644988954,>=0.05,yes
site1/train/video4frame150,EndoVis 2017,site1,train,site1/video4,150,q8_mask_center_5pct_v1,x=25%-75%; y=25%-75%,0.1666015685,>=0.05,yes
site1/train/video4frame151,EndoVis 2017,site1,train,site1/video4,151,q8_mask_center_5pct_v1,x=25%-75%; y=25%-75%,0.1643066406,>=0.05,yes
site1/train/video4frame152,EndoVis 2017,site1,train,site1/video4,152,q8_mask_center_5pct_v1,x=25%-75%; y=25%-75%,0.1665222198,>=0.05,yes
site1/train/video4frame153,EndoVis 2017,site1,train,site1/video4,153,q8_mask_center_5pct_v1,x=25%-75%; y=25%-75%,0.1329193115,>=0.05,yes
site1/train/video4frame154,EndoVis 2017,site1,train,site1/video4,154,q8_mask_center_5pct_v1,x=25%-75%; y=25%-75%,0.2445739806,>=0.05,yes
site1/train/video4frame155,EndoVis 2017,site1,train,site1/video4,155,q8_mask_center_5pct_v1,x=25%-75%; y=25%-75%,0.1646453887,>=0.05,yes
site1/train/video4frame156,EndoVis 2017,site1,train,site1/video4,156,q8_mask_center_5pct_v1,x=25%-75%; y=25%-75%,0.1818084717,>=0.05,yes
site1/train/video4frame157,EndoVis 2017,site1,train,site1/video4,157,q8_mask_center_5pct_v1,x=25%-75%; y=25%-75%,0.1132080108,>=0.05,yes
site1/train/video4frame158,EndoVis 2017,site1,train,site1/video4,158,q8_mask_center_5pct_v1,x=25%-75%; y=25%-75%,0.1147796661,>=0.05,yes
site1/train/video4frame159,EndoVis 2017,site1,train,site1/video4,159,q8_mask_center_5pct_v1,x=25%-75%; y=25%-75%,0.1138183624,>=0.05,yes
site1/train/video4frame160,EndoVis 2017,site1,train,site1/video4,160,q8_mask_center_5pct_v1,x=25%-75%; y=25%-75%,0.1143157929,>=0.05,yes
site1/train/video4frame161,EndoVis 2017,site1,train,site1/video4,161,q8_mask_center_5pct_v1,x=25%-75%; y=25%-75%,0.1145690903,>=0.05,yes
site1/train/video4frame162,EndoVis 2017,site1,train,site1/video4,162,q8_mask_center_5pct_v1,x=25%-75%; y=25%-75%,0.1123840362,>=0.05,yes
site1/train/video4frame163,EndoVis 2017,site1,train,site1/video4,163,q8_mask_center_5pct_v1,x=25%-75%; y=25%-75%,0.1136230454,>=0.05,yes
site1/train/video4frame164,EndoVis 2017,site1,train,site1/video4,164,q8_mask_center_5pct_v1,x=25%-75%; y=25%-75%,0.1228363067,>=0.05,yes
site1/train/video4frame165,EndoVis 2017,site1,train,site1/video4,165,q8_mask_center_5pct_v1,x=25%-75%; y=25%-75%,0.0864990205,>=0.05,yes
site1/train/video4frame166,EndoVis 2017,site1,train,site1/video4,166,q8_mask_center_5pct_v1,x=25%-75%; y=25%-75%,0.0877380371,>=0.05,yes
site1/train/video4frame167,EndoVis 2017,site1,train,site1/video4,167,q8_mask_center_5pct_v1,x=25%-75%; y=25%-75%,0.0864868164,>=0.05,yes
site1/train/video4frame168,EndoVis 2017,site1,train,site1/video4,168,q8_mask_center_5pct_v1,x=25%-75%; y=25%-75%,0.0879882798,>=0.05,yes
site1/train/video4frame169,EndoVis 2017,site1,train,site1/video4,169,q8_mask_center_5pct_v1,x=25%-75%; y=25%-75%,0.0868896469,>=0.05,yes
site1/train/video4frame170,EndoVis 2017,site1,train,site1/video4,170,q8_mask_center_5pct_v1,x=25%-75%; y=25%-75%,0.0725769028,>=0.05,yes
site1/train/video4frame171,EndoVis 2017,site1,train,site1/video4,171,q8_mask_center_5pct_v1,x=25%-75%; y=25%-75%,0.1369781494,>=0.05,yes
site1/train/video4frame172,EndoVis 2017,site1,train,site1/video4,172,q8_mask_center_5pct_v1,x=25%-75%; y=25%-75%,0.2351196259,>=0.05,yes
site1/train/video4frame173,EndoVis 2017,site1,train,site1/video4,173,q8_mask_center_5pct_v1,x=25%-75%; y=25%-75%,0.0338287354,>=0.05,no
site1/train/video4frame174,EndoVis 2017,site1,train,site1/video4,174,q8_mask_center_5pct_v1,x=25%-75%; y=25%-75%,0.0538208000,>=0.05,yes
site1/train/video4frame175,EndoVis 2017,site1,train,site1/video4,175,q8_mask_center_5pct_v1,x=25%-75%; y=25%-75%,0.1275329590,>=0.05,yes
site1/train/video4frame176,EndoVis 2017,site1,train,site1/video4,176,q8_mask_center_5pct_v1,x=25%-75%; y=25%-75%,0.0531433113,>=0.05,yes
site1/train/video4frame177,EndoVis 2017,site1,train,site1/video4,177,q8_mask_center_5pct_v1,x=25%-75%; y=25%-75%,0.1145446748,>=0.05,yes
site1/train/video4frame178,EndoVis 2017,site1,train,site1/video4,178,q8_mask_center_5pct_v1,x=25%-75%; y=25%-75%,0.0411926284,>=0.05,no
site1/train/video4frame179,EndoVis 2017,site1,train,site1/video4,179,q8_mask_center_5pct_v1,x=25%-75%; y=25%-75%,0.1034240723,>=0.05,yes
site1/train/video4frame180,EndoVis 2017,site1,train,site1/video4,180,q8_mask_center_5pct_v1,x=25%-75%; y=25%-75%,0.2285736054,>=0.05,yes
site1/train/video4frame181,EndoVis 2017,site1,train,site1/video4,181,q8_mask_center_5pct_v1,x=25%-75%; y=25%-75%,0.0963409394,>=0.05,yes
site1/train/video4frame182,EndoVis 2017,site1,train,site1/video4,182,q8_mask_center_5pct_v1,x=25%-75%; y=25%-75%,0.1401672363,>=0.05,yes
site1/train/video4frame183,EndoVis 2017,site1,train,site1/video4,183,q8_mask_center_5pct_v1,x=25%-75%; y=25%-75%,0.2014099061,>=0.05,yes
site1/train/video4frame184,EndoVis 2017,site1,train,site1/video4,184,q8_mask_center_5pct_v1,x=25%-75%; y=25%-75%,0.1969970763,>=0.05,yes
site1/train/video4frame185,EndoVis 2017,site1,train,site1/video4,185,q8_mask_center_5pct_v1,x=25%-75%; y=25%-75%,0.1011413559,>=0.05,yes
site1/train/video4frame186,EndoVis 2017,site1,train,site1/video4,186,q8_mask_center_5pct_v1,x=25%-75%; y=25%-75%,0.1021270752,>=0.05,yes
site1/train/video4frame187,EndoVis 2017,site1,train,site1/video4,187,q8_mask_center_5pct_v1,x=25%-75%; y=25%-75%,0.1281249970,>=0.05,yes
site1/train/video4frame188,EndoVis 2017,site1,train,site1/video4,188,q8_mask_center_5pct_v1,x=25%-75%; y=25%-75%,0.1429504454,>=0.05,yes
site1/train/video4frame189,EndoVis 2017,site1,train,site1/video4,189,q8_mask_center_5pct_v1,x=25%-75%; y=25%-75%,0.1526611298,>=0.05,yes
site1/train/video4frame190,EndoVis 2017,site1,train,site1/video4,190,q8_mask_center_5pct_v1,x=25%-75%; y=25%-75%,0.1693237275,>=0.05,yes
site1/train/video4frame191,EndoVis 2017,site1,train,site1/video4,191,q8_mask_center_5pct_v1,x=25%-75%; y=25%-75%,0.1962860078,>=0.05,yes
site1/train/video4frame192,EndoVis 2017,site1,train,site1/video4,192,q8_mask_center_5pct_v1,x=25%-75%; y=25%-75%,0.2193206847,>=0.05,yes
site1/train/video4frame193,EndoVis 2017,site1,train,site1/video4,193,q8_mask_center_5pct_v1,x=25%-75%; y=25%-75%,0.1980560273,>=0.05,yes
site1/train/video4frame194,EndoVis 2017,site1,train,site1/video4,194,q8_mask_center_5pct_v1,x=25%-75%; y=25%-75%,0.1829772890,>=0.05,yes
site1/train/video4frame195,EndoVis 2017,site1,train,site1/video4,195,q8_mask_center_5pct_v1,x=25%-75%; y=25%-75%,0.1558807343,>=0.05,yes
site1/train/video4frame196,EndoVis 2017,site1,train,site1/video4,196,q8_mask_center_5pct_v1,x=25%-75%; y=25%-75%,0.1959899962,>=0.05,yes
site1/train/video4frame197,EndoVis 2017,site1,train,site1/video4,197,q8_mask_center_5pct_v1,x=25%-75%; y=25%-75%,0.1761199981,>=0.05,yes
site1/train/video4frame198,EndoVis 2017,site1,train,site1/video4,198,q8_mask_center_5pct_v1,x=25%-75%; y=25%-75%,0.1022186279,>=0.05,yes
site1/train/video4frame199,EndoVis 2017,site1,train,site1/video4,199,q8_mask_center_5pct_v1,x=25%-75%; y=25%-75%,0.1955169737,>=0.05,yes
site1/train/video4frame200,EndoVis 2017,site1,train,site1/video4,200,q8_mask_center_5pct_v1,x=25%-75%; y=25%-75%,0.2304412872,>=0.05,yes
site1/train/video4frame201,EndoVis 2017,site1,train,site1/video4,201,q8_mask_center_5pct_v1,x=25%-75%; y=25%-75%,0.2522735596,>=0.05,yes
site1/train/video4frame202,EndoVis 2017,site1,train,site1/video4,202,q8_mask_center_5pct_v1,x=25%-75%; y=25%-75%,0.2542633116,>=0.05,yes
site1/train/video4frame203,EndoVis 2017,site1,train,site1/video4,203,q8_mask_center_5pct_v1,x=25%-75%; y=25%-75%,0.2470123321,>=0.05,yes
site1/train/video4frame204,EndoVis 2017,site1,train,site1/video4,204,q8_mask_center_5pct_v1,x=25%-75%; y=25%-75%,0.2532745302,>=0.05,yes
site1/train/video4frame205,EndoVis 2017,site1,train,site1/video4,205,q8_mask_center_5pct_v1,x=25%-75%; y=25%-75%,0.2037567198,>=0.05,yes
site1/train/video4frame206,EndoVis 2017,site1,train,site1/video4,206,q8_mask_center_5pct_v1,x=25%-75%; y=25%-75%,0.2150726318,>=0.05,yes
site1/train/video4frame207,EndoVis 2017,site1,train,site1/video4,207,q8_mask_center_5pct_v1,x=25%-75%; y=25%-75%,0.0798889175,>=0.05,yes
site1/train/video4frame208,EndoVis 2017,site1,train,site1/video4,208,q8_mask_center_5pct_v1,x=25%-75%; y=25%-75%,0.1579803526,>=0.05,yes
site1/train/video4frame209,EndoVis 2017,site1,train,site1/video4,209,q8_mask_center_5pct_v1,x=25%-75%; y=25%-75%,0.1660552919,>=0.05,yes
site1/train/video4frame210,EndoVis 2017,site1,train,site1/video4,210,q8_mask_center_5pct_v1,x=25%-75%; y=25%-75%,0.1614471376,>=0.05,yes
site1/train/video4frame211,EndoVis 2017,site1,train,site1/video4,211,q8_mask_center_5pct_v1,x=25%-75%; y=25%-75%,0.2282714844,>=0.05,yes
site1/train/video4frame212,EndoVis 2017,site1,train,site1/video4,212,q8_mask_center_5pct_v1,x=25%-75%; y=25%-75%,0.1692657471,>=0.05,yes
site1/train/video4frame213,EndoVis 2017,site1,train,site1/video4,213,q8_mask_center_5pct_v1,x=25%-75%; y=25%-75%,0.0845275894,>=0.05,yes
site1/train/video4frame214,EndoVis 2017,site1,train,site1/video4,214,q8_mask_center_5pct_v1,x=25%-75%; y=25%-75%,0.1020599380,>=0.05,yes
site1/train/video4frame215,EndoVis 2017,site1,train,site1/video4,215,q8_mask_center_5pct_v1,x=25%-75%; y=25%-75%,0.0051269531,>=0.05,no
site1/train/video4frame216,EndoVis 2017,site1,train,site1/video4,216,q8_mask_center_5pct_v1,x=25%-75%; y=25%-75%,0.0409088135,>=0.05,no
site1/train/video4frame217,EndoVis 2017,site1,train,site1/video4,217,q8_mask_center_5pct_v1,x=25%-75%; y=25%-75%,0.0559814461,>=0.05,yes
site1/train/video4frame218,EndoVis 2017,site1,train,site1/video4,218,q8_mask_center_5pct_v1,x=25%-75%; y=25%-75%,0.0015838624,>=0.05,no
site1/train/video4frame219,EndoVis 2017,site1,train,site1/video4,219,q8_mask_center_5pct_v1,x=25%-75%; y=25%-75%,0.0290893558,>=0.05,no
site1/train/video4frame220,EndoVis 2017,site1,train,site1/video4,220,q8_mask_center_5pct_v1,x=25%-75%; y=25%-75%,0.0589202866,>=0.05,yes
site1/train/video4frame221,EndoVis 2017,site1,train,site1/video4,221,q8_mask_center_5pct_v1,x=25%-75%; y=25%-75%,0.0810791031,>=0.05,yes
site1/train/video4frame222,EndoVis 2017,site1,train,site1/video4,222,q8_mask_center_5pct_v1,x=25%-75%; y=25%-75%,0.1369720399,>=0.05,yes
site1/train/video4frame223,EndoVis 2017,site1,train,site1/video4,223,q8_mask_center_5pct_v1,x=25%-75%; y=25%-75%,0.1221221909,>=0.05,yes
site1/train/video4frame224,EndoVis 2017,site1,train,site1/video4,224,q8_mask_center_5pct_v1,x=25%-75%; y=25%-75%,0.1126586944,>=0.05,yes
site1/train/video5frame000,EndoVis 2017,site1,train,site1/video5,0,q8_mask_center_5pct_v1,x=25%-75%; y=25%-75%,0.0919220001,>=0.05,yes
site1/train/video5frame001,EndoVis 2017,site1,train,site1/video5,1,q8_mask_center_5pct_v1,x=25%-75%; y=25%-75%,0.0906372070,>=0.05,yes
site1/train/video5frame002,EndoVis 2017,site1,train,site1/video5,2,q8_mask_center_5pct_v1,x=25%-75%; y=25%-75%,0.0618011467,>=0.05,yes
site1/train/video5frame003,EndoVis 2017,site1,train,site1/video5,3,q8_mask_center_5pct_v1,x=25%-75%; y=25%-75%,0.2734130919,>=0.05,yes
site1/train/video5frame004,EndoVis 2017,site1,train,site1/video5,4,q8_mask_center_5pct_v1,x=25%-75%; y=25%-75%,0.1465026885,>=0.05,yes
site1/train/video5frame005,EndoVis 2017,site1,train,site1/video5,5,q8_mask_center_5pct_v1,x=25%-75%; y=25%-75%,0.2282592803,>=0.05,yes
site1/train/video5frame006,EndoVis 2017,site1,train,site1/video5,6,q8_mask_center_5pct_v1,x=25%-75%; y=25%-75%,0.1130523682,>=0.05,yes
site1/train/video5frame007,EndoVis 2017,site1,train,site1/video5,7,q8_mask_center_5pct_v1,x=25%-75%; y=25%-75%,0.1033569351,>=0.05,yes
site1/train/video5frame008,EndoVis 2017,site1,train,site1/video5,8,q8_mask_center_5pct_v1,x=25%-75%; y=25%-75%,0.1868621856,>=0.05,yes
site1/train/video5frame009,EndoVis 2017,site1,train,site1/video5,9,q8_mask_center_5pct_v1,x=25%-75%; y=25%-75%,0.3073974550,>=0.05,yes
site1/train/video5frame010,EndoVis 2017,site1,train,site1/video5,10,q8_mask_center_5pct_v1,x=25%-75%; y=25%-75%,0.4598419070,>=0.05,yes
site1/train/video5frame011,EndoVis 2017,site1,train,site1/video5,11,q8_mask_center_5pct_v1,x=25%-75%; y=25%-75%,0.2987518311,>=0.05,yes
site1/train/video5frame012,EndoVis 2017,site1,train,site1/video5,12,q8_mask_center_5pct_v1,x=25%-75%; y=25%-75%,0.1953399628,>=0.05,yes
site1/train/video5frame013,EndoVis 2017,site1,train,site1/video5,13,q8_mask_center_5pct_v1,x=25%-75%; y=25%-75%,0.2978332639,>=0.05,yes
site1/train/video5frame014,EndoVis 2017,site1,train,site1/video5,14,q8_mask_center_5pct_v1,x=25%-75%; y=25%-75%,0.2558837831,>=0.05,yes
site1/train/video5frame015,EndoVis 2017,site1,train,site1/video5,15,q8_mask_center_5pct_v1,x=25%-75%; y=25%-75%,0.2468109131,>=0.05,yes
site1/train/video5frame016,EndoVis 2017,site1,train,site1/video5,16,q8_mask_center_5pct_v1,x=25%-75%; y=25%-75%,0.0760986358,>=0.05,yes
site1/train/video5frame017,EndoVis 2017,site1,train,site1/video5,17,q8_mask_center_5pct_v1,x=25%-75%; y=25%-75%,0.2028076202,>=0.05,yes
site1/train/video5frame018,EndoVis 2017,site1,train,site1/video5,18,q8_mask_center_5pct_v1,x=25%-75%; y=25%-75%,0.3371490538,>=0.05,yes
site1/train/video5frame019,EndoVis 2017,site1,train,site1/video5,19,q8_mask_center_5pct_v1,x=25%-75%; y=25%-75%,0.3013977110,>=0.05,yes
site1/train/video5frame020,EndoVis 2017,site1,train,site1/video5,20,q8_mask_center_5pct_v1,x=25%-75%; y=25%-75%,0.2659820616,>=0.05,yes
site1/train/video5frame021,EndoVis 2017,site1,train,site1/video5,21,q8_mask_center_5pct_v1,x=25%-75%; y=25%-75%,0.2975311279,>=0.05,yes
site1/train/video5frame022,EndoVis 2017,site1,train,site1/video5,22,q8_mask_center_5pct_v1,x=25%-75%; y=25%-75%,0.3191375732,>=0.05,yes
site1/train/video5frame023,EndoVis 2017,site1,train,site1/video5,23,q8_mask_center_5pct_v1,x=25%-75%; y=25%-75%,0.2318359315,>=0.05,yes
site1/train/video5frame024,EndoVis 2017,site1,train,site1/video5,24,q8_mask_center_5pct_v1,x=25%-75%; y=25%-75%,0.2901062071,>=0.05,yes
site1/train/video5frame025,EndoVis 2017,site1,train,site1/video5,25,q8_mask_center_5pct_v1,x=25%-75%; y=25%-75%,0.2871093750,>=0.05,yes
site1/train/video5frame026,EndoVis 2017,site1,train,site1/video5,26,q8_mask_center_5pct_v1,x=25%-75%; y=25%-75%,0.1578125060,>=0.05,yes
site1/train/video5frame027,EndoVis 2017,site1,train,site1/video5,27,q8_mask_center_5pct_v1,x=25%-75%; y=25%-75%,0.2321136445,>=0.05,yes
site1/train/video5frame028,EndoVis 2017,site1,train,site1/video5,28,q8_mask_center_5pct_v1,x=25%-75%; y=25%-75%,0.4093414247,>=0.05,yes
site1/train/video5frame029,EndoVis 2017,site1,train,site1/video5,29,q8_mask_center_5pct_v1,x=25%-75%; y=25%-75%,0.3679809570,>=0.05,yes
site1/train/video5frame030,EndoVis 2017,site1,train,site1/video5,30,q8_mask_center_5pct_v1,x=25%-75%; y=25%-75%,0.3728546202,>=0.05,yes
site1/train/video5frame031,EndoVis 2017,site1,train,site1/video5,31,q8_mask_center_5pct_v1,x=25%-75%; y=25%-75%,0.4441223145,>=0.05,yes
site1/train/video5frame032,EndoVis 2017,site1,train,site1/video5,32,q8_mask_center_5pct_v1,x=25%-75%; y=25%-75%,0.3325591981,>=0.05,yes
site1/train/video5frame033,EndoVis 2017,site1,train,site1/video5,33,q8_mask_center_5pct_v1,x=25%-75%; y=25%-75%,0.2991912961,>=0.05,yes
site1/train/video5frame034,EndoVis 2017,site1,train,site1/video5,34,q8_mask_center_5pct_v1,x=25%-75%; y=25%-75%,0.3031585813,>=0.05,yes
site1/train/video5frame035,EndoVis 2017,site1,train,site1/video5,35,q8_mask_center_5pct_v1,x=25%-75%; y=25%-75%,0.3021972775,>=0.05,yes
site1/train/video5frame036,EndoVis 2017,site1,train,site1/video5,36,q8_mask_center_5pct_v1,x=25%-75%; y=25%-75%,0.2856292725,>=0.05,yes
site1/train/video5frame037,EndoVis 2017,site1,train,site1/video5,37,q8_mask_center_5pct_v1,x=25%-75%; y=25%-75%,0.1910339296,>=0.05,yes
site1/train/video5frame038,EndoVis 2017,site1,train,site1/video5,38,q8_mask_center_5pct_v1,x=25%-75%; y=25%-75%,0.4170715213,>=0.05,yes
site1/train/video5frame039,EndoVis 2017,site1,train,site1/video5,39,q8_mask_center_5pct_v1,x=25%-75%; y=25%-75%,0.1519561708,>=0.05,yes
site1/train/video5frame040,EndoVis 2017,site1,train,site1/video5,40,q8_mask_center_5pct_v1,x=25%-75%; y=25%-75%,0.3444763124,>=0.05,yes
site1/train/video5frame041,EndoVis 2017,site1,train,site1/video5,41,q8_mask_center_5pct_v1,x=25%-75%; y=25%-75%,0.2558624148,>=0.05,yes
site1/train/video5frame042,EndoVis 2017,site1,train,site1/video5,42,q8_mask_center_5pct_v1,x=25%-75%; y=25%-75%,0.1876892149,>=0.05,yes
site1/train/video5frame043,EndoVis 2017,site1,train,site1/video5,43,q8_mask_center_5pct_v1,x=25%-75%; y=25%-75%,0.3126648068,>=0.05,yes
site1/train/video5frame044,EndoVis 2017,site1,train,site1/video5,44,q8_mask_center_5pct_v1,x=25%-75%; y=25%-75%,0.3613189757,>=0.05,yes
site1/train/video5frame045,EndoVis 2017,site1,train,site1/video5,45,q8_mask_center_5pct_v1,x=25%-75%; y=25%-75%,0.3570129275,>=0.05,yes
site1/train/video5frame046,EndoVis 2017,site1,train,site1/video5,46,q8_mask_center_5pct_v1,x=25%-75%; y=25%-75%,0.3457397521,>=0.05,yes
site1/train/video5frame047,EndoVis 2017,site1,train,site1/video5,47,q8_mask_center_5pct_v1,x=25%-75%; y=25%-75%,0.4162567258,>=0.05,yes
site1/train/video5frame048,EndoVis 2017,site1,train,site1/video5,48,q8_mask_center_5pct_v1,x=25%-75%; y=25%-75%,0.3874359131,>=0.05,yes
site1/train/video5frame049,EndoVis 2017,site1,train,site1/video5,49,q8_mask_center_5pct_v1,x=25%-75%; y=25%-75%,0.2049194276,>=0.05,yes
site1/train/video5frame050,EndoVis 2017,site1,train,site1/video5,50,q8_mask_center_5pct_v1,x=25%-75%; y=25%-75%,0.2080017030,>=0.05,yes
site1/train/video5frame051,EndoVis 2017,site1,train,site1/video5,51,q8_mask_center_5pct_v1,x=25%-75%; y=25%-75%,0.2300720215,>=0.05,yes
site1/train/video5frame052,EndoVis 2017,site1,train,site1/video5,52,q8_mask_center_5pct_v1,x=25%-75%; y=25%-75%,0.4674865603,>=0.05,yes
site1/train/video5frame053,EndoVis 2017,site1,train,site1/video5,53,q8_mask_center_5pct_v1,x=25%-75%; y=25%-75%,0.2048919648,>=0.05,yes
site1/train/video5frame054,EndoVis 2017,site1,train,site1/video5,54,q8_mask_center_5pct_v1,x=25%-75%; y=25%-75%,0.1375244111,>=0.05,yes
site1/train/video5frame055,EndoVis 2017,site1,train,site1/video5,55,q8_mask_center_5pct_v1,x=25%-75%; y=25%-75%,0.4235199094,>=0.05,yes
site1/train/video5frame056,EndoVis 2017,site1,train,site1/video5,56,q8_mask_center_5pct_v1,x=25%-75%; y=25%-75%,0.1585418731,>=0.05,yes
site1/train/video5frame057,EndoVis 2017,site1,train,site1/video5,57,q8_mask_center_5pct_v1,x=25%-75%; y=25%-75%,0.2536804080,>=0.05,yes
site1/train/video5frame058,EndoVis 2017,site1,train,site1/video5,58,q8_mask_center_5pct_v1,x=25%-75%; y=25%-75%,0.1041992158,>=0.05,yes
site1/train/video5frame059,EndoVis 2017,site1,train,site1/video5,59,q8_mask_center_5pct_v1,x=25%-75%; y=25%-75%,0.0209716801,>=0.05,no
site1/train/video5frame060,EndoVis 2017,site1,train,site1/video5,60,q8_mask_center_5pct_v1,x=25%-75%; y=25%-75%,0.0000000000,>=0.05,no
site1/train/video5frame061,EndoVis 2017,site1,train,site1/video5,61,q8_mask_center_5pct_v1,x=25%-75%; y=25%-75%,0.1285430938,>=0.05,yes
site1/train/video5frame062,EndoVis 2017,site1,train,site1/video5,62,q8_mask_center_5pct_v1,x=25%-75%; y=25%-75%,0.0462768562,>=0.05,no
site1/train/video5frame063,EndoVis 2017,site1,train,site1/video5,63,q8_mask_center_5pct_v1,x=25%-75%; y=25%-75%,0.1588561982,>=0.05,yes
site1/train/video5frame064,EndoVis 2017,site1,train,site1/video5,64,q8_mask_center_5pct_v1,x=25%-75%; y=25%-75%,0.1091888398,>=0.05,yes
site1/train/video5frame065,EndoVis 2017,site1,train,site1/video5,65,q8_mask_center_5pct_v1,x=25%-75%; y=25%-75%,0.1575927734,>=0.05,yes
site1/train/video5frame066,EndoVis 2017,site1,train,site1/video5,66,q8_mask_center_5pct_v1,x=25%-75%; y=25%-75%,0.0343627930,>=0.05,no
site1/train/video5frame067,EndoVis 2017,site1,train,site1/video5,67,q8_mask_center_5pct_v1,x=25%-75%; y=25%-75%,0.0374023430,>=0.05,no
site1/train/video5frame068,EndoVis 2017,site1,train,site1/video5,68,q8_mask_center_5pct_v1,x=25%-75%; y=25%-75%,0.0366729721,>=0.05,no
site1/train/video5frame069,EndoVis 2017,site1,train,site1/video5,69,q8_mask_center_5pct_v1,x=25%-75%; y=25%-75%,0.0439453125,>=0.05,no
site1/train/video5frame070,EndoVis 2017,site1,train,site1/video5,70,q8_mask_center_5pct_v1,x=25%-75%; y=25%-75%,0.0479370132,>=0.05,no
site1/train/video5frame071,EndoVis 2017,site1,train,site1/video5,71,q8_mask_center_5pct_v1,x=25%-75%; y=25%-75%,0.1680419892,>=0.05,yes
site1/train/video5frame072,EndoVis 2017,site1,train,site1/video5,72,q8_mask_center_5pct_v1,x=25%-75%; y=25%-75%,0.0124359131,>=0.05,no
site1/train/video5frame073,EndoVis 2017,site1,train,site1/video5,73,q8_mask_center_5pct_v1,x=25%-75%; y=25%-75%,0.0747528076,>=0.05,yes
site1/train/video5frame074,EndoVis 2017,site1,train,site1/video5,74,q8_mask_center_5pct_v1,x=25%-75%; y=25%-75%,0.1504180878,>=0.05,yes
site1/train/video5frame075,EndoVis 2017,site1,train,site1/video5,75,q8_mask_center_5pct_v1,x=25%-75%; y=25%-75%,0.0930541977,>=0.05,yes
site1/train/video5frame076,EndoVis 2017,site1,train,site1/video5,76,q8_mask_center_5pct_v1,x=25%-75%; y=25%-75%,0.0844207779,>=0.05,yes
site1/train/video5frame077,EndoVis 2017,site1,train,site1/video5,77,q8_mask_center_5pct_v1,x=25%-75%; y=25%-75%,0.0422363281,>=0.05,no
site1/train/video5frame078,EndoVis 2017,site1,train,site1/video5,78,q8_mask_center_5pct_v1,x=25%-75%; y=25%-75%,0.1306335479,>=0.05,yes
site1/train/video5frame079,EndoVis 2017,site1,train,site1/video5,79,q8_mask_center_5pct_v1,x=25%-75%; y=25%-75%,0.0091949459,>=0.05,no
site1/train/video5frame080,EndoVis 2017,site1,train,site1/video5,80,q8_mask_center_5pct_v1,x=25%-75%; y=25%-75%,0.1095520034,>=0.05,yes
site1/train/video5frame081,EndoVis 2017,site1,train,site1/video5,81,q8_mask_center_5pct_v1,x=25%-75%; y=25%-75%,0.1021728516,>=0.05,yes
site1/train/video5frame082,EndoVis 2017,site1,train,site1/video5,82,q8_mask_center_5pct_v1,x=25%-75%; y=25%-75%,0.1377288848,>=0.05,yes
site1/train/video5frame083,EndoVis 2017,site1,train,site1/video5,83,q8_mask_center_5pct_v1,x=25%-75%; y=25%-75%,0.1193786636,>=0.05,yes
site1/train/video5frame084,EndoVis 2017,site1,train,site1/video5,84,q8_mask_center_5pct_v1,x=25%-75%; y=25%-75%,0.1421813965,>=0.05,yes
site1/train/video5frame085,EndoVis 2017,site1,train,site1/video5,85,q8_mask_center_5pct_v1,x=25%-75%; y=25%-75%,0.1387512237,>=0.05,yes
site1/train/video5frame086,EndoVis 2017,site1,train,site1/video5,86,q8_mask_center_5pct_v1,x=25%-75%; y=25%-75%,0.1348846406,>=0.05,yes
site1/train/video5frame087,EndoVis 2017,site1,train,site1/video5,87,q8_mask_center_5pct_v1,x=25%-75%; y=25%-75%,0.1332550049,>=0.05,yes
site1/train/video5frame088,EndoVis 2017,site1,train,site1/video5,88,q8_mask_center_5pct_v1,x=25%-75%; y=25%-75%,0.0658935532,>=0.05,yes
site1/train/video5frame089,EndoVis 2017,site1,train,site1/video5,89,q8_mask_center_5pct_v1,x=25%-75%; y=25%-75%,0.0764648467,>=0.05,yes
site1/train/video5frame090,EndoVis 2017,site1,train,site1/video5,90,q8_mask_center_5pct_v1,x=25%-75%; y=25%-75%,0.0672790557,>=0.05,yes
site1/train/video5frame091,EndoVis 2017,site1,train,site1/video5,91,q8_mask_center_5pct_v1,x=25%-75%; y=25%-75%,0.0000000000,>=0.05,no
site1/train/video5frame092,EndoVis 2017,site1,train,site1/video5,92,q8_mask_center_5pct_v1,x=25%-75%; y=25%-75%,0.0000000000,>=0.05,no
site1/train/video5frame093,EndoVis 2017,site1,train,site1/video5,93,q8_mask_center_5pct_v1,x=25%-75%; y=25%-75%,0.0000000000,>=0.05,no
site1/train/video5frame094,EndoVis 2017,site1,train,site1/video5,94,q8_mask_center_5pct_v1,x=25%-75%; y=25%-75%,0.0389099121,>=0.05,no
site1/train/video5frame095,EndoVis 2017,site1,train,site1/video5,95,q8_mask_center_5pct_v1,x=25%-75%; y=25%-75%,0.0398284905,>=0.05,no
site1/train/video5frame096,EndoVis 2017,site1,train,site1/video5,96,q8_mask_center_5pct_v1,x=25%-75%; y=25%-75%,0.0401947014,>=0.05,no
site1/train/video5frame097,EndoVis 2017,site1,train,site1/video5,97,q8_mask_center_5pct_v1,x=25%-75%; y=25%-75%,0.0397979729,>=0.05,no
site1/train/video5frame098,EndoVis 2017,site1,train,site1/video5,98,q8_mask_center_5pct_v1,x=25%-75%; y=25%-75%,0.0421051010,>=0.05,no
site1/train/video5frame099,EndoVis 2017,site1,train,site1/video5,99,q8_mask_center_5pct_v1,x=25%-75%; y=25%-75%,0.0362396240,>=0.05,no
site1/train/video5frame100,EndoVis 2017,site1,train,site1/video5,100,q8_mask_center_5pct_v1,x=25%-75%; y=25%-75%,0.0000000000,>=0.05,no
site1/train/video5frame101,EndoVis 2017,site1,train,site1/video5,101,q8_mask_center_5pct_v1,x=25%-75%; y=25%-75%,0.0000000000,>=0.05,no
site1/train/video5frame102,EndoVis 2017,site1,train,site1/video5,102,q8_mask_center_5pct_v1,x=25%-75%; y=25%-75%,0.0000000000,>=0.05,no
site1/train/video5frame103,EndoVis 2017,site1,train,site1/video5,103,q8_mask_center_5pct_v1,x=25%-75%; y=25%-75%,0.0319061279,>=0.05,no
site1/train/video5frame104,EndoVis 2017,site1,train,site1/video5,104,q8_mask_center_5pct_v1,x=25%-75%; y=25%-75%,0.0000000000,>=0.05,no
site1/train/video5frame105,EndoVis 2017,site1,train,site1/video5,105,q8_mask_center_5pct_v1,x=25%-75%; y=25%-75%,0.1473571807,>=0.05,yes
site1/train/video5frame106,EndoVis 2017,site1,train,site1/video5,106,q8_mask_center_5pct_v1,x=25%-75%; y=25%-75%,0.4272399843,>=0.05,yes
site1/train/video5frame107,EndoVis 2017,site1,train,site1/video5,107,q8_mask_center_5pct_v1,x=25%-75%; y=25%-75%,0.2884277403,>=0.05,yes
site1/train/video5frame108,EndoVis 2017,site1,train,site1/video5,108,q8_mask_center_5pct_v1,x=25%-75%; y=25%-75%,0.0965423584,>=0.05,yes
site1/train/video5frame109,EndoVis 2017,site1,train,site1/video5,109,q8_mask_center_5pct_v1,x=25%-75%; y=25%-75%,0.1116546616,>=0.05,yes
site1/train/video5frame110,EndoVis 2017,site1,train,site1/video5,110,q8_mask_center_5pct_v1,x=25%-75%; y=25%-75%,0.1554199159,>=0.05,yes
site1/train/video5frame111,EndoVis 2017,site1,train,site1/video5,111,q8_mask_center_5pct_v1,x=25%-75%; y=25%-75%,0.1545227021,>=0.05,yes
site1/train/video5frame112,EndoVis 2017,site1,train,site1/video5,112,q8_mask_center_5pct_v1,x=25%-75%; y=25%-75%,0.0911041275,>=0.05,yes
site1/train/video5frame113,EndoVis 2017,site1,train,site1/video5,113,q8_mask_center_5pct_v1,x=25%-75%; y=25%-75%,0.1551605165,>=0.05,yes
site1/train/video5frame114,EndoVis 2017,site1,train,site1/video5,114,q8_mask_center_5pct_v1,x=25%-75%; y=25%-75%,0.1876556426,>=0.05,yes
site1/train/video5frame115,EndoVis 2017,site1,train,site1/video5,115,q8_mask_center_5pct_v1,x=25%-75%; y=25%-75%,0.0978088379,>=0.05,yes
site1/train/video5frame116,EndoVis 2017,site1,train,site1/video5,116,q8_mask_center_5pct_v1,x=25%-75%; y=25%-75%,0.2318572998,>=0.05,yes
site1/train/video5frame117,EndoVis 2017,site1,train,site1/video5,117,q8_mask_center_5pct_v1,x=25%-75%; y=25%-75%,0.1894470155,>=0.05,yes
site1/train/video5frame118,EndoVis 2017,site1,train,site1/video5,118,q8_mask_center_5pct_v1,x=25%-75%; y=25%-75%,0.1257720888,>=0.05,yes
site1/train/video5frame119,EndoVis 2017,site1,train,site1/video5,119,q8_mask_center_5pct_v1,x=25%-75%; y=25%-75%,0.2403533906,>=0.05,yes
site1/train/video5frame120,EndoVis 2017,site1,train,site1/video5,120,q8_mask_center_5pct_v1,x=25%-75%; y=25%-75%,0.1584258974,>=0.05,yes
site1/train/video5frame121,EndoVis 2017,site1,train,site1/video5,121,q8_mask_center_5pct_v1,x=25%-75%; y=25%-75%,0.1183166504,>=0.05,yes
site1/train/video5frame122,EndoVis 2017,site1,train,site1/video5,122,q8_mask_center_5pct_v1,x=25%-75%; y=25%-75%,0.1970123351,>=0.05,yes
site1/train/video5frame123,EndoVis 2017,site1,train,site1/video5,123,q8_mask_center_5pct_v1,x=25%-75%; y=25%-75%,0.1377838105,>=0.05,yes
site1/train/video5frame124,EndoVis 2017,site1,train,site1/video5,124,q8_mask_center_5pct_v1,x=25%-75%; y=25%-75%,0.1526641846,>=0.05,yes
site1/train/video5frame125,EndoVis 2017,site1,train,site1/video5,125,q8_mask_center_5pct_v1,x=25%-75%; y=25%-75%,0.0199493412,>=0.05,no
site1/train/video5frame126,EndoVis 2017,site1,train,site1/video5,126,q8_mask_center_5pct_v1,x=25%-75%; y=25%-75%,0.2255065888,>=0.05,yes
site1/train/video5frame127,EndoVis 2017,site1,train,site1/video5,127,q8_mask_center_5pct_v1,x=25%-75%; y=25%-75%,0.2446075380,>=0.05,yes
site1/train/video5frame128,EndoVis 2017,site1,train,site1/video5,128,q8_mask_center_5pct_v1,x=25%-75%; y=25%-75%,0.2828430235,>=0.05,yes
site1/train/video5frame129,EndoVis 2017,site1,train,site1/video5,129,q8_mask_center_5pct_v1,x=25%-75%; y=25%-75%,0.0207977295,>=0.05,no
site1/train/video5frame130,EndoVis 2017,site1,train,site1/video5,130,q8_mask_center_5pct_v1,x=25%-75%; y=25%-75%,0.1111328155,>=0.05,yes
site1/train/video5frame131,EndoVis 2017,site1,train,site1/video5,131,q8_mask_center_5pct_v1,x=25%-75%; y=25%-75%,0.1294952333,>=0.05,yes
site1/train/video5frame132,EndoVis 2017,site1,train,site1/video5,132,q8_mask_center_5pct_v1,x=25%-75%; y=25%-75%,0.1794128418,>=0.05,yes
site1/train/video5frame133,EndoVis 2017,site1,train,site1/video5,133,q8_mask_center_5pct_v1,x=25%-75%; y=25%-75%,0.1747283936,>=0.05,yes
site1/train/video5frame134,EndoVis 2017,site1,train,site1/video5,134,q8_mask_center_5pct_v1,x=25%-75%; y=25%-75%,0.1237152070,>=0.05,yes
site1/train/video5frame135,EndoVis 2017,site1,train,site1/video5,135,q8_mask_center_5pct_v1,x=25%-75%; y=25%-75%,0.0528106689,>=0.05,yes
site1/train/video5frame136,EndoVis 2017,site1,train,site1/video5,136,q8_mask_center_5pct_v1,x=25%-75%; y=25%-75%,0.1095947251,>=0.05,yes
site1/train/video5frame137,EndoVis 2017,site1,train,site1/video5,137,q8_mask_center_5pct_v1,x=25%-75%; y=25%-75%,0.1419708282,>=0.05,yes
site1/train/video5frame138,EndoVis 2017,site1,train,site1/video5,138,q8_mask_center_5pct_v1,x=25%-75%; y=25%-75%,0.1424926817,>=0.05,yes
site1/train/video5frame139,EndoVis 2017,site1,train,site1/video5,139,q8_mask_center_5pct_v1,x=25%-75%; y=25%-75%,0.1154083237,>=0.05,yes
site1/train/video5frame140,EndoVis 2017,site1,train,site1/video5,140,q8_mask_center_5pct_v1,x=25%-75%; y=25%-75%,0.1151489243,>=0.05,yes
site1/train/video5frame141,EndoVis 2017,site1,train,site1/video5,141,q8_mask_center_5pct_v1,x=25%-75%; y=25%-75%,0.0990631133,>=0.05,yes
site1/train/video5frame142,EndoVis 2017,site1,train,site1/video5,142,q8_mask_center_5pct_v1,x=25%-75%; y=25%-75%,0.0936187729,>=0.05,yes
site1/train/video5frame143,EndoVis 2017,site1,train,site1/video5,143,q8_mask_center_5pct_v1,x=25%-75%; y=25%-75%,0.1206268296,>=0.05,yes
site1/train/video5frame144,EndoVis 2017,site1,train,site1/video5,144,q8_mask_center_5pct_v1,x=25%-75%; y=25%-75%,0.1190154999,>=0.05,yes
site1/train/video5frame145,EndoVis 2017,site1,train,site1/video5,145,q8_mask_center_5pct_v1,x=25%-75%; y=25%-75%,0.1002716050,>=0.05,yes
site1/train/video5frame146,EndoVis 2017,site1,train,site1/video5,146,q8_mask_center_5pct_v1,x=25%-75%; y=25%-75%,0.1007659882,>=0.05,yes
site1/train/video5frame147,EndoVis 2017,site1,train,site1/video5,147,q8_mask_center_5pct_v1,x=25%-75%; y=25%-75%,0.0880096406,>=0.05,yes
site1/train/video5frame148,EndoVis 2017,site1,train,site1/video5,148,q8_mask_center_5pct_v1,x=25%-75%; y=25%-75%,0.0944213867,>=0.05,yes
site1/train/video5frame149,EndoVis 2017,site1,train,site1/video5,149,q8_mask_center_5pct_v1,x=25%-75%; y=25%-75%,0.3288055360,>=0.05,yes
site1/train/video5frame150,EndoVis 2017,site1,train,site1/video5,150,q8_mask_center_5pct_v1,x=25%-75%; y=25%-75%,0.2374511659,>=0.05,yes
site1/train/video5frame151,EndoVis 2017,site1,train,site1/video5,151,q8_mask_center_5pct_v1,x=25%-75%; y=25%-75%,0.2302215546,>=0.05,yes
site1/train/video5frame152,EndoVis 2017,site1,train,site1/video5,152,q8_mask_center_5pct_v1,x=25%-75%; y=25%-75%,0.2564086914,>=0.05,yes
site1/train/video5frame153,EndoVis 2017,site1,train,site1/video5,153,q8_mask_center_5pct_v1,x=25%-75%; y=25%-75%,0.2226165831,>=0.05,yes
site1/train/video5frame154,EndoVis 2017,site1,train,site1/video5,154,q8_mask_center_5pct_v1,x=25%-75%; y=25%-75%,0.1737518311,>=0.05,yes
site1/train/video5frame155,EndoVis 2017,site1,train,site1/video5,155,q8_mask_center_5pct_v1,x=25%-75%; y=25%-75%,0.0800567642,>=0.05,yes
site1/train/video5frame156,EndoVis 2017,site1,train,site1/video5,156,q8_mask_center_5pct_v1,x=25%-75%; y=25%-75%,0.0956665054,>=0.05,yes
site1/train/video5frame157,EndoVis 2017,site1,train,site1/video5,157,q8_mask_center_5pct_v1,x=25%-75%; y=25%-75%,0.0687866211,>=0.05,yes
site1/train/video5frame158,EndoVis 2017,site1,train,site1/video5,158,q8_mask_center_5pct_v1,x=25%-75%; y=25%-75%,0.1072143540,>=0.05,yes
site1/train/video5frame159,EndoVis 2017,site1,train,site1/video5,159,q8_mask_center_5pct_v1,x=25%-75%; y=25%-75%,0.1050445586,>=0.05,yes
site1/train/video5frame160,EndoVis 2017,site1,train,site1/video5,160,q8_mask_center_5pct_v1,x=25%-75%; y=25%-75%,0.1109924316,>=0.05,yes
site1/train/video5frame161,EndoVis 2017,site1,train,site1/video5,161,q8_mask_center_5pct_v1,x=25%-75%; y=25%-75%,0.0941986069,>=0.05,yes
site1/train/video5frame162,EndoVis 2017,site1,train,site1/video5,162,q8_mask_center_5pct_v1,x=25%-75%; y=25%-75%,0.1941497773,>=0.05,yes
site1/train/video5frame163,EndoVis 2017,site1,train,site1/video5,163,q8_mask_center_5pct_v1,x=25%-75%; y=25%-75%,0.1142394990,>=0.05,yes
site1/train/video5frame164,EndoVis 2017,site1,train,site1/video5,164,q8_mask_center_5pct_v1,x=25%-75%; y=25%-75%,0.2081115693,>=0.05,yes
site1/train/video5frame165,EndoVis 2017,site1,train,site1/video5,165,q8_mask_center_5pct_v1,x=25%-75%; y=25%-75%,0.1807861328,>=0.05,yes
site1/train/video5frame166,EndoVis 2017,site1,train,site1/video5,166,q8_mask_center_5pct_v1,x=25%-75%; y=25%-75%,0.2255798280,>=0.05,yes
site1/train/video5frame167,EndoVis 2017,site1,train,site1/video5,167,q8_mask_center_5pct_v1,x=25%-75%; y=25%-75%,0.1724426299,>=0.05,yes
site1/train/video5frame168,EndoVis 2017,site1,train,site1/video5,168,q8_mask_center_5pct_v1,x=25%-75%; y=25%-75%,0.0577178970,>=0.05,yes
site1/train/video5frame169,EndoVis 2017,site1,train,site1/video5,169,q8_mask_center_5pct_v1,x=25%-75%; y=25%-75%,0.0983795151,>=0.05,yes
site1/train/video5frame170,EndoVis 2017,site1,train,site1/video5,170,q8_mask_center_5pct_v1,x=25%-75%; y=25%-75%,0.0738098174,>=0.05,yes
site1/train/video5frame171,EndoVis 2017,site1,train,site1/video5,171,q8_mask_center_5pct_v1,x=25%-75%; y=25%-75%,0.0783233643,>=0.05,yes
site1/train/video5frame172,EndoVis 2017,site1,train,site1/video5,172,q8_mask_center_5pct_v1,x=25%-75%; y=25%-75%,0.0576660149,>=0.05,yes
site1/train/video5frame173,EndoVis 2017,site1,train,site1/video5,173,q8_mask_center_5pct_v1,x=25%-75%; y=25%-75%,0.0850250274,>=0.05,yes
site1/train/video5frame174,EndoVis 2017,site1,train,site1/video5,174,q8_mask_center_5pct_v1,x=25%-75%; y=25%-75%,0.0408294685,>=0.05,no
site1/train/video5frame175,EndoVis 2017,site1,train,site1/video5,175,q8_mask_center_5pct_v1,x=25%-75%; y=25%-75%,0.1952178925,>=0.05,yes
site1/train/video5frame176,EndoVis 2017,site1,train,site1/video5,176,q8_mask_center_5pct_v1,x=25%-75%; y=25%-75%,0.1652679443,>=0.05,yes
site1/train/video5frame177,EndoVis 2017,site1,train,site1/video5,177,q8_mask_center_5pct_v1,x=25%-75%; y=25%-75%,0.1389862001,>=0.05,yes
site1/train/video5frame178,EndoVis 2017,site1,train,site1/video5,178,q8_mask_center_5pct_v1,x=25%-75%; y=25%-75%,0.0852355957,>=0.05,yes
site1/train/video5frame179,EndoVis 2017,site1,train,site1/video5,179,q8_mask_center_5pct_v1,x=25%-75%; y=25%-75%,0.1083068848,>=0.05,yes
site1/train/video5frame180,EndoVis 2017,site1,train,site1/video5,180,q8_mask_center_5pct_v1,x=25%-75%; y=25%-75%,0.0610168464,>=0.05,yes
site1/train/video5frame181,EndoVis 2017,site1,train,site1/video5,181,q8_mask_center_5pct_v1,x=25%-75%; y=25%-75%,0.0675506592,>=0.05,yes
site1/train/video5frame182,EndoVis 2017,site1,train,site1/video5,182,q8_mask_center_5pct_v1,x=25%-75%; y=25%-75%,0.0554046631,>=0.05,yes
site1/train/video5frame183,EndoVis 2017,site1,train,site1/video5,183,q8_mask_center_5pct_v1,x=25%-75%; y=25%-75%,0.0597808845,>=0.05,yes
site1/train/video5frame184,EndoVis 2017,site1,train,site1/video5,184,q8_mask_center_5pct_v1,x=25%-75%; y=25%-75%,0.1492034942,>=0.05,yes
site1/train/video5frame185,EndoVis 2017,site1,train,site1/video5,185,q8_mask_center_5pct_v1,x=25%-75%; y=25%-75%,0.1048706025,>=0.05,yes
site1/train/video5frame186,EndoVis 2017,site1,train,site1/video5,186,q8_mask_center_5pct_v1,x=25%-75%; y=25%-75%,0.0336181633,>=0.05,no
site1/train/video5frame187,EndoVis 2017,site1,train,site1/video5,187,q8_mask_center_5pct_v1,x=25%-75%; y=25%-75%,0.1303741485,>=0.05,yes
site1/train/video5frame188,EndoVis 2017,site1,train,site1/video5,188,q8_mask_center_5pct_v1,x=25%-75%; y=25%-75%,0.0733703598,>=0.05,yes
site1/train/video5frame189,EndoVis 2017,site1,train,site1/video5,189,q8_mask_center_5pct_v1,x=25%-75%; y=25%-75%,0.0933166519,>=0.05,yes
site1/train/video5frame190,EndoVis 2017,site1,train,site1/video5,190,q8_mask_center_5pct_v1,x=25%-75%; y=25%-75%,0.3240539432,>=0.05,yes
site1/train/video5frame191,EndoVis 2017,site1,train,site1/video5,191,q8_mask_center_5pct_v1,x=25%-75%; y=25%-75%,0.1810333282,>=0.05,yes
site1/train/video5frame192,EndoVis 2017,site1,train,site1/video5,192,q8_mask_center_5pct_v1,x=25%-75%; y=25%-75%,0.1925689727,>=0.05,yes
site1/train/video5frame193,EndoVis 2017,site1,train,site1/video5,193,q8_mask_center_5pct_v1,x=25%-75%; y=25%-75%,0.2274993956,>=0.05,yes
site1/train/video5frame194,EndoVis 2017,site1,train,site1/video5,194,q8_mask_center_5pct_v1,x=25%-75%; y=25%-75%,0.2067077607,>=0.05,yes
site1/train/video5frame195,EndoVis 2017,site1,train,site1/video5,195,q8_mask_center_5pct_v1,x=25%-75%; y=25%-75%,0.2849456668,>=0.05,yes
site1/train/video5frame196,EndoVis 2017,site1,train,site1/video5,196,q8_mask_center_5pct_v1,x=25%-75%; y=25%-75%,0.3204010129,>=0.05,yes
site1/train/video5frame197,EndoVis 2017,site1,train,site1/video5,197,q8_mask_center_5pct_v1,x=25%-75%; y=25%-75%,0.1869445741,>=0.05,yes
site1/train/video5frame198,EndoVis 2017,site1,train,site1/video5,198,q8_mask_center_5pct_v1,x=25%-75%; y=25%-75%,0.2746795714,>=0.05,yes
site1/train/video5frame199,EndoVis 2017,site1,train,site1/video5,199,q8_mask_center_5pct_v1,x=25%-75%; y=25%-75%,0.3236724734,>=0.05,yes
site1/train/video5frame200,EndoVis 2017,site1,train,site1/video5,200,q8_mask_center_5pct_v1,x=25%-75%; y=25%-75%,0.0435882583,>=0.05,no
site1/train/video5frame201,EndoVis 2017,site1,train,site1/video5,201,q8_mask_center_5pct_v1,x=25%-75%; y=25%-75%,0.0350830071,>=0.05,no
site1/train/video5frame202,EndoVis 2017,site1,train,site1/video5,202,q8_mask_center_5pct_v1,x=25%-75%; y=25%-75%,0.1153472885,>=0.05,yes
site1/train/video5frame203,EndoVis 2017,site1,train,site1/video5,203,q8_mask_center_5pct_v1,x=25%-75%; y=25%-75%,0.1275360137,>=0.05,yes
site1/train/video5frame204,EndoVis 2017,site1,train,site1/video5,204,q8_mask_center_5pct_v1,x=25%-75%; y=25%-75%,0.0671600327,>=0.05,yes
site1/train/video5frame205,EndoVis 2017,site1,train,site1/video5,205,q8_mask_center_5pct_v1,x=25%-75%; y=25%-75%,0.0980957001,>=0.05,yes
site1/train/video5frame206,EndoVis 2017,site1,train,site1/video5,206,q8_mask_center_5pct_v1,x=25%-75%; y=25%-75%,0.0718933120,>=0.05,yes
site1/train/video5frame207,EndoVis 2017,site1,train,site1/video5,207,q8_mask_center_5pct_v1,x=25%-75%; y=25%-75%,0.0208953861,>=0.05,no
site1/train/video5frame208,EndoVis 2017,site1,train,site1/video5,208,q8_mask_center_5pct_v1,x=25%-75%; y=25%-75%,0.0000000000,>=0.05,no
site1/train/video5frame209,EndoVis 2017,site1,train,site1/video5,209,q8_mask_center_5pct_v1,x=25%-75%; y=25%-75%,0.0226440430,>=0.05,no
site1/train/video5frame210,EndoVis 2017,site1,train,site1/video5,210,q8_mask_center_5pct_v1,x=25%-75%; y=25%-75%,0.0375335701,>=0.05,no
site1/train/video5frame211,EndoVis 2017,site1,train,site1/video5,211,q8_mask_center_5pct_v1,x=25%-75%; y=25%-75%,0.0000000000,>=0.05,no
site1/train/video5frame212,EndoVis 2017,site1,train,site1/video5,212,q8_mask_center_5pct_v1,x=25%-75%; y=25%-75%,0.1448730528,>=0.05,yes
site1/train/video5frame213,EndoVis 2017,site1,train,site1/video5,213,q8_mask_center_5pct_v1,x=25%-75%; y=25%-75%,0.0000000000,>=0.05,no
site1/train/video5frame214,EndoVis 2017,site1,train,site1/video5,214,q8_mask_center_5pct_v1,x=25%-75%; y=25%-75%,0.0471130386,>=0.05,no
site1/train/video5frame215,EndoVis 2017,site1,train,site1/video5,215,q8_mask_center_5pct_v1,x=25%-75%; y=25%-75%,0.0000000000,>=0.05,no
site1/train/video5frame216,EndoVis 2017,site1,train,site1/video5,216,q8_mask_center_5pct_v1,x=25%-75%; y=25%-75%,0.1202453598,>=0.05,yes
site1/train/video5frame217,EndoVis 2017,site1,train,site1/video5,217,q8_mask_center_5pct_v1,x=25%-75%; y=25%-75%,0.1678161621,>=0.05,yes
site1/train/video5frame218,EndoVis 2017,site1,train,site1/video5,218,q8_mask_center_5pct_v1,x=25%-75%; y=25%-75%,0.1652862579,>=0.05,yes
site1/train/video5frame219,EndoVis 2017,site1,train,site1/video5,219,q8_mask_center_5pct_v1,x=25%-75%; y=25%-75%,0.0458953865,>=0.05,no
site1/train/video5frame220,EndoVis 2017,site1,train,site1/video5,220,q8_mask_center_5pct_v1,x=25%-75%; y=25%-75%,0.0346344002,>=0.05,no
site1/train/video5frame221,EndoVis 2017,site1,train,site1/video5,221,q8_mask_center_5pct_v1,x=25%-75%; y=25%-75%,0.0214660652,>=0.05,no
site1/train/video5frame222,EndoVis 2017,site1,train,site1/video5,222,q8_mask_center_5pct_v1,x=25%-75%; y=25%-75%,0.0186004639,>=0.05,no
site1/train/video5frame223,EndoVis 2017,site1,train,site1/video5,223,q8_mask_center_5pct_v1,x=25%-75%; y=25%-75%,0.0081756590,>=0.05,no
site1/train/video5frame224,EndoVis 2017,site1,train,site1/video5,224,q8_mask_center_5pct_v1,x=25%-75%; y=25%-75%,0.0000640869,>=0.05,no
site1/train/video6frame000,EndoVis 2017,site1,train,site1/video6,0,q8_mask_center_5pct_v1,x=25%-75%; y=25%-75%,0.1253051758,>=0.05,yes
site1/train/video6frame001,EndoVis 2017,site1,train,site1/video6,1,q8_mask_center_5pct_v1,x=25%-75%; y=25%-75%,0.1253051758,>=0.05,yes
site1/train/video6frame002,EndoVis 2017,site1,train,site1/video6,2,q8_mask_center_5pct_v1,x=25%-75%; y=25%-75%,0.1289703399,>=0.05,yes
site1/train/video6frame003,EndoVis 2017,site1,train,site1/video6,3,q8_mask_center_5pct_v1,x=25%-75%; y=25%-75%,0.1254730225,>=0.05,yes
site1/train/video6frame004,EndoVis 2017,site1,train,site1/video6,4,q8_mask_center_5pct_v1,x=25%-75%; y=25%-75%,0.0649292022,>=0.05,yes
site1/train/video6frame005,EndoVis 2017,site1,train,site1/video6,5,q8_mask_center_5pct_v1,x=25%-75%; y=25%-75%,0.0891021714,>=0.05,yes
site1/train/video6frame006,EndoVis 2017,site1,train,site1/video6,6,q8_mask_center_5pct_v1,x=25%-75%; y=25%-75%,0.1090881377,>=0.05,yes
site1/train/video6frame007,EndoVis 2017,site1,train,site1/video6,7,q8_mask_center_5pct_v1,x=25%-75%; y=25%-75%,0.0622772202,>=0.05,yes
site1/train/video6frame008,EndoVis 2017,site1,train,site1/video6,8,q8_mask_center_5pct_v1,x=25%-75%; y=25%-75%,0.0570831299,>=0.05,yes
site1/train/video6frame009,EndoVis 2017,site1,train,site1/video6,9,q8_mask_center_5pct_v1,x=25%-75%; y=25%-75%,0.0833129883,>=0.05,yes
site1/train/video6frame010,EndoVis 2017,site1,train,site1/video6,10,q8_mask_center_5pct_v1,x=25%-75%; y=25%-75%,0.1044158936,>=0.05,yes
site1/train/video6frame011,EndoVis 2017,site1,train,site1/video6,11,q8_mask_center_5pct_v1,x=25%-75%; y=25%-75%,0.1110595688,>=0.05,yes
site1/train/video6frame012,EndoVis 2017,site1,train,site1/video6,12,q8_mask_center_5pct_v1,x=25%-75%; y=25%-75%,0.0157135017,>=0.05,no
site1/train/video6frame013,EndoVis 2017,site1,train,site1/video6,13,q8_mask_center_5pct_v1,x=25%-75%; y=25%-75%,0.0198699944,>=0.05,no
site1/train/video6frame014,EndoVis 2017,site1,train,site1/video6,14,q8_mask_center_5pct_v1,x=25%-75%; y=25%-75%,0.0190704353,>=0.05,no
site1/train/video6frame015,EndoVis 2017,site1,train,site1/video6,15,q8_mask_center_5pct_v1,x=25%-75%; y=25%-75%,0.0199066158,>=0.05,no
site1/train/video6frame016,EndoVis 2017,site1,train,site1/video6,16,q8_mask_center_5pct_v1,x=25%-75%; y=25%-75%,0.0210449211,>=0.05,no
site1/train/video6frame017,EndoVis 2017,site1,train,site1/video6,17,q8_mask_center_5pct_v1,x=25%-75%; y=25%-75%,0.0765899643,>=0.05,yes
site1/train/video6frame018,EndoVis 2017,site1,train,site1/video6,18,q8_mask_center_5pct_v1,x=25%-75%; y=25%-75%,0.0372528061,>=0.05,no
site1/train/video6frame019,EndoVis 2017,site1,train,site1/video6,19,q8_mask_center_5pct_v1,x=25%-75%; y=25%-75%,0.0875396729,>=0.05,yes
site1/train/video6frame020,EndoVis 2017,site1,train,site1/video6,20,q8_mask_center_5pct_v1,x=25%-75%; y=25%-75%,0.0000000000,>=0.05,no
site1/train/video6frame021,EndoVis 2017,site1,train,site1/video6,21,q8_mask_center_5pct_v1,x=25%-75%; y=25%-75%,0.0484588630,>=0.05,no
site1/train/video6frame022,EndoVis 2017,site1,train,site1/video6,22,q8_mask_center_5pct_v1,x=25%-75%; y=25%-75%,0.0699035674,>=0.05,yes
site1/train/video6frame023,EndoVis 2017,site1,train,site1/video6,23,q8_mask_center_5pct_v1,x=25%-75%; y=25%-75%,0.0676086396,>=0.05,yes
site1/train/video6frame024,EndoVis 2017,site1,train,site1/video6,24,q8_mask_center_5pct_v1,x=25%-75%; y=25%-75%,0.0000000000,>=0.05,no
site1/train/video6frame025,EndoVis 2017,site1,train,site1/video6,25,q8_mask_center_5pct_v1,x=25%-75%; y=25%-75%,0.0547760017,>=0.05,yes
site1/train/video6frame026,EndoVis 2017,site1,train,site1/video6,26,q8_mask_center_5pct_v1,x=25%-75%; y=25%-75%,0.0592651367,>=0.05,yes
site1/train/video6frame027,EndoVis 2017,site1,train,site1/video6,27,q8_mask_center_5pct_v1,x=25%-75%; y=25%-75%,0.0450592041,>=0.05,no
site1/train/video6frame028,EndoVis 2017,site1,train,site1/video6,28,q8_mask_center_5pct_v1,x=25%-75%; y=25%-75%,0.0325469971,>=0.05,no
site1/train/video6frame029,EndoVis 2017,site1,train,site1/video6,29,q8_mask_center_5pct_v1,x=25%-75%; y=25%-75%,0.0480377190,>=0.05,no
site1/train/video6frame030,EndoVis 2017,site1,train,site1/video6,30,q8_mask_center_5pct_v1,x=25%-75%; y=25%-75%,0.0680816621,>=0.05,yes
site1/train/video6frame031,EndoVis 2017,site1,train,site1/video6,31,q8_mask_center_5pct_v1,x=25%-75%; y=25%-75%,0.0767791718,>=0.05,yes
site1/train/video6frame032,EndoVis 2017,site1,train,site1/video6,32,q8_mask_center_5pct_v1,x=25%-75%; y=25%-75%,0.0612243637,>=0.05,yes
site1/train/video6frame033,EndoVis 2017,site1,train,site1/video6,33,q8_mask_center_5pct_v1,x=25%-75%; y=25%-75%,0.0019775392,>=0.05,no
site1/train/video6frame034,EndoVis 2017,site1,train,site1/video6,34,q8_mask_center_5pct_v1,x=25%-75%; y=25%-75%,0.0229492188,>=0.05,no
site1/train/video6frame035,EndoVis 2017,site1,train,site1/video6,35,q8_mask_center_5pct_v1,x=25%-75%; y=25%-75%,0.1447723359,>=0.05,yes
site1/train/video6frame036,EndoVis 2017,site1,train,site1/video6,36,q8_mask_center_5pct_v1,x=25%-75%; y=25%-75%,0.0796112046,>=0.05,yes
site1/train/video6frame037,EndoVis 2017,site1,train,site1/video6,37,q8_mask_center_5pct_v1,x=25%-75%; y=25%-75%,0.1631347686,>=0.05,yes
site1/train/video6frame038,EndoVis 2017,site1,train,site1/video6,38,q8_mask_center_5pct_v1,x=25%-75%; y=25%-75%,0.0670959502,>=0.05,yes
site1/train/video6frame039,EndoVis 2017,site1,train,site1/video6,39,q8_mask_center_5pct_v1,x=25%-75%; y=25%-75%,0.0658660904,>=0.05,yes
site1/train/video6frame040,EndoVis 2017,site1,train,site1/video6,40,q8_mask_center_5pct_v1,x=25%-75%; y=25%-75%,0.0832244903,>=0.05,yes
site1/train/video6frame041,EndoVis 2017,site1,train,site1/video6,41,q8_mask_center_5pct_v1,x=25%-75%; y=25%-75%,0.0752044693,>=0.05,yes
site1/train/video6frame042,EndoVis 2017,site1,train,site1/video6,42,q8_mask_center_5pct_v1,x=25%-75%; y=25%-75%,0.0878601074,>=0.05,yes
site1/train/video6frame043,EndoVis 2017,site1,train,site1/video6,43,q8_mask_center_5pct_v1,x=25%-75%; y=25%-75%,0.0470886230,>=0.05,no
site1/train/video6frame044,EndoVis 2017,site1,train,site1/video6,44,q8_mask_center_5pct_v1,x=25%-75%; y=25%-75%,0.0320281982,>=0.05,no
site1/train/video6frame045,EndoVis 2017,site1,train,site1/video6,45,q8_mask_center_5pct_v1,x=25%-75%; y=25%-75%,0.1029449478,>=0.05,yes
site1/train/video6frame046,EndoVis 2017,site1,train,site1/video6,46,q8_mask_center_5pct_v1,x=25%-75%; y=25%-75%,0.1271392852,>=0.05,yes
site1/train/video6frame047,EndoVis 2017,site1,train,site1/video6,47,q8_mask_center_5pct_v1,x=25%-75%; y=25%-75%,0.0258178711,>=0.05,no
site1/train/video6frame048,EndoVis 2017,site1,train,site1/video6,48,q8_mask_center_5pct_v1,x=25%-75%; y=25%-75%,0.1073303223,>=0.05,yes
site1/train/video6frame049,EndoVis 2017,site1,train,site1/video6,49,q8_mask_center_5pct_v1,x=25%-75%; y=25%-75%,0.2122741640,>=0.05,yes
site1/train/video6frame050,EndoVis 2017,site1,train,site1/video6,50,q8_mask_center_5pct_v1,x=25%-75%; y=25%-75%,0.2415130585,>=0.05,yes
site1/train/video6frame051,EndoVis 2017,site1,train,site1/video6,51,q8_mask_center_5pct_v1,x=25%-75%; y=25%-75%,0.2371582091,>=0.05,yes
site1/train/video6frame052,EndoVis 2017,site1,train,site1/video6,52,q8_mask_center_5pct_v1,x=25%-75%; y=25%-75%,0.2407043427,>=0.05,yes
site1/train/video6frame053,EndoVis 2017,site1,train,site1/video6,53,q8_mask_center_5pct_v1,x=25%-75%; y=25%-75%,0.2379974425,>=0.05,yes
site1/train/video6frame054,EndoVis 2017,site1,train,site1/video6,54,q8_mask_center_5pct_v1,x=25%-75%; y=25%-75%,0.2385375947,>=0.05,yes
site1/train/video6frame055,EndoVis 2017,site1,train,site1/video6,55,q8_mask_center_5pct_v1,x=25%-75%; y=25%-75%,0.2398925722,>=0.05,yes
site1/train/video6frame056,EndoVis 2017,site1,train,site1/video6,56,q8_mask_center_5pct_v1,x=25%-75%; y=25%-75%,0.2388519347,>=0.05,yes
site1/train/video6frame057,EndoVis 2017,site1,train,site1/video6,57,q8_mask_center_5pct_v1,x=25%-75%; y=25%-75%,0.2437622100,>=0.05,yes
site1/train/video6frame058,EndoVis 2017,site1,train,site1/video6,58,q8_mask_center_5pct_v1,x=25%-75%; y=25%-75%,0.0591186509,>=0.05,yes
site1/train/video6frame059,EndoVis 2017,site1,train,site1/video6,59,q8_mask_center_5pct_v1,x=25%-75%; y=25%-75%,0.0424072258,>=0.05,no
site1/train/video6frame060,EndoVis 2017,site1,train,site1/video6,60,q8_mask_center_5pct_v1,x=25%-75%; y=25%-75%,0.0934051499,>=0.05,yes
site1/train/video6frame061,EndoVis 2017,site1,train,site1/video6,61,q8_mask_center_5pct_v1,x=25%-75%; y=25%-75%,0.0006805420,>=0.05,no
site1/train/video6frame062,EndoVis 2017,site1,train,site1/video6,62,q8_mask_center_5pct_v1,x=25%-75%; y=25%-75%,0.1758575439,>=0.05,yes
site1/train/video6frame063,EndoVis 2017,site1,train,site1/video6,63,q8_mask_center_5pct_v1,x=25%-75%; y=25%-75%,0.2331848145,>=0.05,yes
site1/train/video6frame064,EndoVis 2017,site1,train,site1/video6,64,q8_mask_center_5pct_v1,x=25%-75%; y=25%-75%,0.0979461670,>=0.05,yes
site1/train/video6frame065,EndoVis 2017,site1,train,site1/video6,65,q8_mask_center_5pct_v1,x=25%-75%; y=25%-75%,0.0174316410,>=0.05,no
site1/train/video6frame066,EndoVis 2017,site1,train,site1/video6,66,q8_mask_center_5pct_v1,x=25%-75%; y=25%-75%,0.0201202389,>=0.05,no
site1/train/video6frame067,EndoVis 2017,site1,train,site1/video6,67,q8_mask_center_5pct_v1,x=25%-75%; y=25%-75%,0.0105438232,>=0.05,no
site1/train/video6frame068,EndoVis 2017,site1,train,site1/video6,68,q8_mask_center_5pct_v1,x=25%-75%; y=25%-75%,0.0013610839,>=0.05,no
site1/train/video6frame069,EndoVis 2017,site1,train,site1/video6,69,q8_mask_center_5pct_v1,x=25%-75%; y=25%-75%,0.0459716804,>=0.05,no
site1/train/video6frame070,EndoVis 2017,site1,train,site1/video6,70,q8_mask_center_5pct_v1,x=25%-75%; y=25%-75%,0.0251068119,>=0.05,no
site1/train/video6frame071,EndoVis 2017,site1,train,site1/video6,71,q8_mask_center_5pct_v1,x=25%-75%; y=25%-75%,0.0006896973,>=0.05,no
site1/train/video6frame072,EndoVis 2017,site1,train,site1/video6,72,q8_mask_center_5pct_v1,x=25%-75%; y=25%-75%,0.1456176788,>=0.05,yes
site1/train/video6frame073,EndoVis 2017,site1,train,site1/video6,73,q8_mask_center_5pct_v1,x=25%-75%; y=25%-75%,0.0224456787,>=0.05,no
site1/train/video6frame074,EndoVis 2017,site1,train,site1/video6,74,q8_mask_center_5pct_v1,x=25%-75%; y=25%-75%,0.0822082534,>=0.05,yes
site1/train/video6frame075,EndoVis 2017,site1,train,site1/video6,75,q8_mask_center_5pct_v1,x=25%-75%; y=25%-75%,0.0810760483,>=0.05,yes
site1/train/video6frame076,EndoVis 2017,site1,train,site1/video6,76,q8_mask_center_5pct_v1,x=25%-75%; y=25%-75%,0.0839111358,>=0.05,yes
site1/train/video6frame077,EndoVis 2017,site1,train,site1/video6,77,q8_mask_center_5pct_v1,x=25%-75%; y=25%-75%,0.0498779304,>=0.05,no
site1/train/video6frame078,EndoVis 2017,site1,train,site1/video6,78,q8_mask_center_5pct_v1,x=25%-75%; y=25%-75%,0.0057098391,>=0.05,no
site1/train/video6frame079,EndoVis 2017,site1,train,site1/video6,79,q8_mask_center_5pct_v1,x=25%-75%; y=25%-75%,0.0129119875,>=0.05,no
site1/train/video6frame080,EndoVis 2017,site1,train,site1/video6,80,q8_mask_center_5pct_v1,x=25%-75%; y=25%-75%,0.0707977265,>=0.05,yes
site1/train/video6frame081,EndoVis 2017,site1,train,site1/video6,81,q8_mask_center_5pct_v1,x=25%-75%; y=25%-75%,0.0279724114,>=0.05,no
site1/train/video6frame082,EndoVis 2017,site1,train,site1/video6,82,q8_mask_center_5pct_v1,x=25%-75%; y=25%-75%,0.0304870605,>=0.05,no
site1/train/video6frame083,EndoVis 2017,site1,train,site1/video6,83,q8_mask_center_5pct_v1,x=25%-75%; y=25%-75%,0.0301422123,>=0.05,no
site1/train/video6frame084,EndoVis 2017,site1,train,site1/video6,84,q8_mask_center_5pct_v1,x=25%-75%; y=25%-75%,0.0960205048,>=0.05,yes
site1/train/video6frame085,EndoVis 2017,site1,train,site1/video6,85,q8_mask_center_5pct_v1,x=25%-75%; y=25%-75%,0.0818145722,>=0.05,yes
site1/train/video6frame086,EndoVis 2017,site1,train,site1/video6,86,q8_mask_center_5pct_v1,x=25%-75%; y=25%-75%,0.1309051514,>=0.05,yes
site1/train/video6frame087,EndoVis 2017,site1,train,site1/video6,87,q8_mask_center_5pct_v1,x=25%-75%; y=25%-75%,0.1379150450,>=0.05,yes
site1/train/video6frame088,EndoVis 2017,site1,train,site1/video6,88,q8_mask_center_5pct_v1,x=25%-75%; y=25%-75%,0.1350250244,>=0.05,yes
site1/train/video6frame089,EndoVis 2017,site1,train,site1/video6,89,q8_mask_center_5pct_v1,x=25%-75%; y=25%-75%,0.0728942901,>=0.05,yes
site1/train/video6frame090,EndoVis 2017,site1,train,site1/video6,90,q8_mask_center_5pct_v1,x=25%-75%; y=25%-75%,0.0658233613,>=0.05,yes
site1/train/video6frame091,EndoVis 2017,site1,train,site1/video6,91,q8_mask_center_5pct_v1,x=25%-75%; y=25%-75%,0.0975219756,>=0.05,yes
site1/train/video6frame092,EndoVis 2017,site1,train,site1/video6,92,q8_mask_center_5pct_v1,x=25%-75%; y=25%-75%,0.0968566909,>=0.05,yes
site1/train/video6frame093,EndoVis 2017,site1,train,site1/video6,93,q8_mask_center_5pct_v1,x=25%-75%; y=25%-75%,0.0969268829,>=0.05,yes
site1/train/video6frame094,EndoVis 2017,site1,train,site1/video6,94,q8_mask_center_5pct_v1,x=25%-75%; y=25%-75%,0.0963439941,>=0.05,yes
site1/train/video6frame095,EndoVis 2017,site1,train,site1/video6,95,q8_mask_center_5pct_v1,x=25%-75%; y=25%-75%,0.1671539247,>=0.05,yes
site1/train/video6frame096,EndoVis 2017,site1,train,site1/video6,96,q8_mask_center_5pct_v1,x=25%-75%; y=25%-75%,0.1582275331,>=0.05,yes
site1/train/video6frame097,EndoVis 2017,site1,train,site1/video6,97,q8_mask_center_5pct_v1,x=25%-75%; y=25%-75%,0.1742584258,>=0.05,yes
site1/train/video6frame098,EndoVis 2017,site1,train,site1/video6,98,q8_mask_center_5pct_v1,x=25%-75%; y=25%-75%,0.3221160769,>=0.05,yes
site1/train/video6frame099,EndoVis 2017,site1,train,site1/video6,99,q8_mask_center_5pct_v1,x=25%-75%; y=25%-75%,0.2603820860,>=0.05,yes
site1/train/video6frame100,EndoVis 2017,site1,train,site1/video6,100,q8_mask_center_5pct_v1,x=25%-75%; y=25%-75%,0.4391784668,>=0.05,yes
site1/train/video6frame101,EndoVis 2017,site1,train,site1/video6,101,q8_mask_center_5pct_v1,x=25%-75%; y=25%-75%,0.3933959901,>=0.05,yes
site1/train/video6frame102,EndoVis 2017,site1,train,site1/video6,102,q8_mask_center_5pct_v1,x=25%-75%; y=25%-75%,0.3039276004,>=0.05,yes
site1/train/video6frame103,EndoVis 2017,site1,train,site1/video6,103,q8_mask_center_5pct_v1,x=25%-75%; y=25%-75%,0.2684966922,>=0.05,yes
site1/train/video6frame104,EndoVis 2017,site1,train,site1/video6,104,q8_mask_center_5pct_v1,x=25%-75%; y=25%-75%,0.0068206787,>=0.05,no
site1/train/video6frame105,EndoVis 2017,site1,train,site1/video6,105,q8_mask_center_5pct_v1,x=25%-75%; y=25%-75%,0.1002136245,>=0.05,yes
site1/train/video6frame106,EndoVis 2017,site1,train,site1/video6,106,q8_mask_center_5pct_v1,x=25%-75%; y=25%-75%,0.1156738251,>=0.05,yes
site1/train/video6frame107,EndoVis 2017,site1,train,site1/video6,107,q8_mask_center_5pct_v1,x=25%-75%; y=25%-75%,0.1161682159,>=0.05,yes
site1/train/video6frame108,EndoVis 2017,site1,train,site1/video6,108,q8_mask_center_5pct_v1,x=25%-75%; y=25%-75%,0.1166992188,>=0.05,yes
site1/train/video6frame109,EndoVis 2017,site1,train,site1/video6,109,q8_mask_center_5pct_v1,x=25%-75%; y=25%-75%,0.1165069565,>=0.05,yes
site1/train/video6frame110,EndoVis 2017,site1,train,site1/video6,110,q8_mask_center_5pct_v1,x=25%-75%; y=25%-75%,0.1165069565,>=0.05,yes
site1/train/video6frame111,EndoVis 2017,site1,train,site1/video6,111,q8_mask_center_5pct_v1,x=25%-75%; y=25%-75%,0.1165069565,>=0.05,yes
site1/train/video6frame112,EndoVis 2017,site1,train,site1/video6,112,q8_mask_center_5pct_v1,x=25%-75%; y=25%-75%,0.1165069565,>=0.05,yes
site1/train/video6frame113,EndoVis 2017,site1,train,site1/video6,113,q8_mask_center_5pct_v1,x=25%-75%; y=25%-75%,0.1165069565,>=0.05,yes
site1/train/video6frame114,EndoVis 2017,site1,train,site1/video6,114,q8_mask_center_5pct_v1,x=25%-75%; y=25%-75%,0.1165069565,>=0.05,yes
site1/train/video6frame115,EndoVis 2017,site1,train,site1/video6,115,q8_mask_center_5pct_v1,x=25%-75%; y=25%-75%,0.1165069565,>=0.05,yes
site1/train/video6frame116,EndoVis 2017,site1,train,site1/video6,116,q8_mask_center_5pct_v1,x=25%-75%; y=25%-75%,0.1165069565,>=0.05,yes
site1/train/video6frame117,EndoVis 2017,site1,train,site1/video6,117,q8_mask_center_5pct_v1,x=25%-75%; y=25%-75%,0.0613281243,>=0.05,yes
site1/train/video6frame118,EndoVis 2017,site1,train,site1/video6,118,q8_mask_center_5pct_v1,x=25%-75%; y=25%-75%,0.0611969009,>=0.05,yes
site1/train/video6frame119,EndoVis 2017,site1,train,site1/video6,119,q8_mask_center_5pct_v1,x=25%-75%; y=25%-75%,0.0620025620,>=0.05,yes
site1/train/video6frame120,EndoVis 2017,site1,train,site1/video6,120,q8_mask_center_5pct_v1,x=25%-75%; y=25%-75%,0.0616912842,>=0.05,yes
site1/train/video6frame121,EndoVis 2017,site1,train,site1/video6,121,q8_mask_center_5pct_v1,x=25%-75%; y=25%-75%,0.0622406006,>=0.05,yes
site1/train/video6frame122,EndoVis 2017,site1,train,site1/video6,122,q8_mask_center_5pct_v1,x=25%-75%; y=25%-75%,0.0623565689,>=0.05,yes
site1/train/video6frame123,EndoVis 2017,site1,train,site1/video6,123,q8_mask_center_5pct_v1,x=25%-75%; y=25%-75%,0.0619995110,>=0.05,yes
site1/train/video6frame124,EndoVis 2017,site1,train,site1/video6,124,q8_mask_center_5pct_v1,x=25%-75%; y=25%-75%,0.0626159683,>=0.05,yes
site1/train/video6frame125,EndoVis 2017,site1,train,site1/video6,125,q8_mask_center_5pct_v1,x=25%-75%; y=25%-75%,0.0617248528,>=0.05,yes
site1/train/video6frame126,EndoVis 2017,site1,train,site1/video6,126,q8_mask_center_5pct_v1,x=25%-75%; y=25%-75%,0.0625610352,>=0.05,yes
site1/train/video6frame127,EndoVis 2017,site1,train,site1/video6,127,q8_mask_center_5pct_v1,x=25%-75%; y=25%-75%,0.0111999512,>=0.05,no
site1/train/video6frame128,EndoVis 2017,site1,train,site1/video6,128,q8_mask_center_5pct_v1,x=25%-75%; y=25%-75%,0.0118560791,>=0.05,no
site1/train/video6frame129,EndoVis 2017,site1,train,site1/video6,129,q8_mask_center_5pct_v1,x=25%-75%; y=25%-75%,0.0114898682,>=0.05,no
site1/train/video6frame130,EndoVis 2017,site1,train,site1/video6,130,q8_mask_center_5pct_v1,x=25%-75%; y=25%-75%,0.0116241453,>=0.05,no
site1/train/video6frame131,EndoVis 2017,site1,train,site1/video6,131,q8_mask_center_5pct_v1,x=25%-75%; y=25%-75%,0.0115478514,>=0.05,no
site1/train/video6frame132,EndoVis 2017,site1,train,site1/video6,132,q8_mask_center_5pct_v1,x=25%-75%; y=25%-75%,0.0388763435,>=0.05,no
site1/train/video6frame133,EndoVis 2017,site1,train,site1/video6,133,q8_mask_center_5pct_v1,x=25%-75%; y=25%-75%,0.0397247300,>=0.05,no
site1/train/video6frame134,EndoVis 2017,site1,train,site1/video6,134,q8_mask_center_5pct_v1,x=25%-75%; y=25%-75%,0.0387542732,>=0.05,no
site1/train/video6frame135,EndoVis 2017,site1,train,site1/video6,135,q8_mask_center_5pct_v1,x=25%-75%; y=25%-75%,0.0401489250,>=0.05,no
site1/train/video6frame136,EndoVis 2017,site1,train,site1/video6,136,q8_mask_center_5pct_v1,x=25%-75%; y=25%-75%,0.0402679443,>=0.05,no
site1/train/video6frame137,EndoVis 2017,site1,train,site1/video6,137,q8_mask_center_5pct_v1,x=25%-75%; y=25%-75%,0.0414184555,>=0.05,no
site1/train/video6frame138,EndoVis 2017,site1,train,site1/video6,138,q8_mask_center_5pct_v1,x=25%-75%; y=25%-75%,0.0401306152,>=0.05,no
site1/train/video6frame139,EndoVis 2017,site1,train,site1/video6,139,q8_mask_center_5pct_v1,x=25%-75%; y=25%-75%,0.0411376953,>=0.05,no
site1/train/video6frame140,EndoVis 2017,site1,train,site1/video6,140,q8_mask_center_5pct_v1,x=25%-75%; y=25%-75%,0.0398590080,>=0.05,no
site1/train/video6frame141,EndoVis 2017,site1,train,site1/video6,141,q8_mask_center_5pct_v1,x=25%-75%; y=25%-75%,0.0405517593,>=0.05,no
site1/train/video6frame142,EndoVis 2017,site1,train,site1/video6,142,q8_mask_center_5pct_v1,x=25%-75%; y=25%-75%,0.0402496345,>=0.05,no
site1/train/video6frame143,EndoVis 2017,site1,train,site1/video6,143,q8_mask_center_5pct_v1,x=25%-75%; y=25%-75%,0.0400024429,>=0.05,no
site1/train/video6frame144,EndoVis 2017,site1,train,site1/video6,144,q8_mask_center_5pct_v1,x=25%-75%; y=25%-75%,0.0420959480,>=0.05,no
site1/train/video6frame145,EndoVis 2017,site1,train,site1/video6,145,q8_mask_center_5pct_v1,x=25%-75%; y=25%-75%,0.0221099854,>=0.05,no
site1/train/video6frame146,EndoVis 2017,site1,train,site1/video6,146,q8_mask_center_5pct_v1,x=25%-75%; y=25%-75%,0.0816101059,>=0.05,yes
site1/train/video6frame147,EndoVis 2017,site1,train,site1/video6,147,q8_mask_center_5pct_v1,x=25%-75%; y=25%-75%,0.1960113496,>=0.05,yes
site1/train/video6frame148,EndoVis 2017,site1,train,site1/video6,148,q8_mask_center_5pct_v1,x=25%-75%; y=25%-75%,0.0135101322,>=0.05,no
site1/train/video6frame149,EndoVis 2017,site1,train,site1/video6,149,q8_mask_center_5pct_v1,x=25%-75%; y=25%-75%,0.2589202821,>=0.05,yes
site1/train/video6frame150,EndoVis 2017,site1,train,site1/video6,150,q8_mask_center_5pct_v1,x=25%-75%; y=25%-75%,0.0285247806,>=0.05,no
site1/train/video6frame151,EndoVis 2017,site1,train,site1/video6,151,q8_mask_center_5pct_v1,x=25%-75%; y=25%-75%,0.1360778809,>=0.05,yes
site1/train/video6frame152,EndoVis 2017,site1,train,site1/video6,152,q8_mask_center_5pct_v1,x=25%-75%; y=25%-75%,0.1921050996,>=0.05,yes
site1/train/video6frame153,EndoVis 2017,site1,train,site1/video6,153,q8_mask_center_5pct_v1,x=25%-75%; y=25%-75%,0.1496002227,>=0.05,yes
site1/train/video6frame154,EndoVis 2017,site1,train,site1/video6,154,q8_mask_center_5pct_v1,x=25%-75%; y=25%-75%,0.1010253876,>=0.05,yes
site1/train/video6frame155,EndoVis 2017,site1,train,site1/video6,155,q8_mask_center_5pct_v1,x=25%-75%; y=25%-75%,0.2539978027,>=0.05,yes
site1/train/video6frame156,EndoVis 2017,site1,train,site1/video6,156,q8_mask_center_5pct_v1,x=25%-75%; y=25%-75%,0.2176940888,>=0.05,yes
site1/train/video6frame157,EndoVis 2017,site1,train,site1/video6,157,q8_mask_center_5pct_v1,x=25%-75%; y=25%-75%,0.1787139922,>=0.05,yes
site1/train/video6frame158,EndoVis 2017,site1,train,site1/video6,158,q8_mask_center_5pct_v1,x=25%-75%; y=25%-75%,0.1714599580,>=0.05,yes
site1/train/video6frame159,EndoVis 2017,site1,train,site1/video6,159,q8_mask_center_5pct_v1,x=25%-75%; y=25%-75%,0.1060089096,>=0.05,yes
site1/train/video6frame160,EndoVis 2017,site1,train,site1/video6,160,q8_mask_center_5pct_v1,x=25%-75%; y=25%-75%,0.0000000000,>=0.05,no
site1/train/video6frame161,EndoVis 2017,site1,train,site1/video6,161,q8_mask_center_5pct_v1,x=25%-75%; y=25%-75%,0.0318359360,>=0.05,no
site1/train/video6frame162,EndoVis 2017,site1,train,site1/video6,162,q8_mask_center_5pct_v1,x=25%-75%; y=25%-75%,0.0904052705,>=0.05,yes
site1/train/video6frame163,EndoVis 2017,site1,train,site1/video6,163,q8_mask_center_5pct_v1,x=25%-75%; y=25%-75%,0.0922393799,>=0.05,yes
site1/train/video6frame164,EndoVis 2017,site1,train,site1/video6,164,q8_mask_center_5pct_v1,x=25%-75%; y=25%-75%,0.1105102524,>=0.05,yes
site1/train/video6frame165,EndoVis 2017,site1,train,site1/video6,165,q8_mask_center_5pct_v1,x=25%-75%; y=25%-75%,0.1475799531,>=0.05,yes
site1/train/video6frame166,EndoVis 2017,site1,train,site1/video6,166,q8_mask_center_5pct_v1,x=25%-75%; y=25%-75%,0.0520172119,>=0.05,yes
site1/train/video6frame167,EndoVis 2017,site1,train,site1/video6,167,q8_mask_center_5pct_v1,x=25%-75%; y=25%-75%,0.0038818358,>=0.05,no
site1/train/video6frame168,EndoVis 2017,site1,train,site1/video6,168,q8_mask_center_5pct_v1,x=25%-75%; y=25%-75%,0.2487548888,>=0.05,yes
site1/train/video6frame169,EndoVis 2017,site1,train,site1/video6,169,q8_mask_center_5pct_v1,x=25%-75%; y=25%-75%,0.0000000000,>=0.05,no
site1/train/video6frame170,EndoVis 2017,site1,train,site1/video6,170,q8_mask_center_5pct_v1,x=25%-75%; y=25%-75%,0.0231994633,>=0.05,no
site1/train/video6frame171,EndoVis 2017,site1,train,site1/video6,171,q8_mask_center_5pct_v1,x=25%-75%; y=25%-75%,0.0822692886,>=0.05,yes
site1/train/video6frame172,EndoVis 2017,site1,train,site1/video6,172,q8_mask_center_5pct_v1,x=25%-75%; y=25%-75%,0.0324157700,>=0.05,no
site1/train/video6frame173,EndoVis 2017,site1,train,site1/video6,173,q8_mask_center_5pct_v1,x=25%-75%; y=25%-75%,0.2818328738,>=0.05,yes
site1/train/video6frame174,EndoVis 2017,site1,train,site1/video6,174,q8_mask_center_5pct_v1,x=25%-75%; y=25%-75%,0.2884338498,>=0.05,yes
site1/train/video6frame175,EndoVis 2017,site1,train,site1/video6,175,q8_mask_center_5pct_v1,x=25%-75%; y=25%-75%,0.0142517090,>=0.05,no
site1/train/video6frame176,EndoVis 2017,site1,train,site1/video6,176,q8_mask_center_5pct_v1,x=25%-75%; y=25%-75%,0.0482940674,>=0.05,no
site1/train/video6frame177,EndoVis 2017,site1,train,site1/video6,177,q8_mask_center_5pct_v1,x=25%-75%; y=25%-75%,0.1017272919,>=0.05,yes
site1/train/video6frame178,EndoVis 2017,site1,train,site1/video6,178,q8_mask_center_5pct_v1,x=25%-75%; y=25%-75%,0.1887756288,>=0.05,yes
site1/train/video6frame179,EndoVis 2017,site1,train,site1/video6,179,q8_mask_center_5pct_v1,x=25%-75%; y=25%-75%,0.2826049924,>=0.05,yes
site1/train/video6frame180,EndoVis 2017,site1,train,site1/video6,180,q8_mask_center_5pct_v1,x=25%-75%; y=25%-75%,0.2479522675,>=0.05,yes
site1/train/video6frame181,EndoVis 2017,site1,train,site1/video6,181,q8_mask_center_5pct_v1,x=25%-75%; y=25%-75%,0.2769287229,>=0.05,yes
site1/train/video6frame182,EndoVis 2017,site1,train,site1/video6,182,q8_mask_center_5pct_v1,x=25%-75%; y=25%-75%,0.1905548126,>=0.05,yes
site1/train/video6frame183,EndoVis 2017,site1,train,site1/video6,183,q8_mask_center_5pct_v1,x=25%-75%; y=25%-75%,0.0882293731,>=0.05,yes
site1/train/video6frame184,EndoVis 2017,site1,train,site1/video6,184,q8_mask_center_5pct_v1,x=25%-75%; y=25%-75%,0.0594085678,>=0.05,yes
site1/train/video6frame185,EndoVis 2017,site1,train,site1/video6,185,q8_mask_center_5pct_v1,x=25%-75%; y=25%-75%,0.0927764922,>=0.05,yes
site1/train/video6frame186,EndoVis 2017,site1,train,site1/video6,186,q8_mask_center_5pct_v1,x=25%-75%; y=25%-75%,0.0857330337,>=0.05,yes
site1/train/video6frame187,EndoVis 2017,site1,train,site1/video6,187,q8_mask_center_5pct_v1,x=25%-75%; y=25%-75%,0.0589691177,>=0.05,yes
site1/train/video6frame188,EndoVis 2017,site1,train,site1/video6,188,q8_mask_center_5pct_v1,x=25%-75%; y=25%-75%,0.0007232666,>=0.05,no
site1/train/video6frame189,EndoVis 2017,site1,train,site1/video6,189,q8_mask_center_5pct_v1,x=25%-75%; y=25%-75%,0.0000000000,>=0.05,no
site1/train/video6frame190,EndoVis 2017,site1,train,site1/video6,190,q8_mask_center_5pct_v1,x=25%-75%; y=25%-75%,0.0000366211,>=0.05,no
site1/train/video6frame191,EndoVis 2017,site1,train,site1/video6,191,q8_mask_center_5pct_v1,x=25%-75%; y=25%-75%,0.0512023941,>=0.05,yes
site1/train/video6frame192,EndoVis 2017,site1,train,site1/video6,192,q8_mask_center_5pct_v1,x=25%-75%; y=25%-75%,0.3055267334,>=0.05,yes
site1/train/video6frame193,EndoVis 2017,site1,train,site1/video6,193,q8_mask_center_5pct_v1,x=25%-75%; y=25%-75%,0.0582336411,>=0.05,yes
site1/train/video6frame194,EndoVis 2017,site1,train,site1/video6,194,q8_mask_center_5pct_v1,x=25%-75%; y=25%-75%,0.0783264190,>=0.05,yes
site1/train/video6frame195,EndoVis 2017,site1,train,site1/video6,195,q8_mask_center_5pct_v1,x=25%-75%; y=25%-75%,0.0221862793,>=0.05,no
site1/train/video6frame196,EndoVis 2017,site1,train,site1/video6,196,q8_mask_center_5pct_v1,x=25%-75%; y=25%-75%,0.0151885990,>=0.05,no
site1/train/video6frame197,EndoVis 2017,site1,train,site1/video6,197,q8_mask_center_5pct_v1,x=25%-75%; y=25%-75%,0.2118103057,>=0.05,yes
site1/train/video6frame198,EndoVis 2017,site1,train,site1/video6,198,q8_mask_center_5pct_v1,x=25%-75%; y=25%-75%,0.0892059356,>=0.05,yes
site1/train/video6frame199,EndoVis 2017,site1,train,site1/video6,199,q8_mask_center_5pct_v1,x=25%-75%; y=25%-75%,0.1098785400,>=0.05,yes
site1/train/video6frame200,EndoVis 2017,site1,train,site1/video6,200,q8_mask_center_5pct_v1,x=25%-75%; y=25%-75%,0.0000000000,>=0.05,no
site1/train/video6frame201,EndoVis 2017,site1,train,site1/video6,201,q8_mask_center_5pct_v1,x=25%-75%; y=25%-75%,0.0424438491,>=0.05,no
site1/train/video6frame202,EndoVis 2017,site1,train,site1/video6,202,q8_mask_center_5pct_v1,x=25%-75%; y=25%-75%,0.1798828095,>=0.05,yes
site1/train/video6frame203,EndoVis 2017,site1,train,site1/video6,203,q8_mask_center_5pct_v1,x=25%-75%; y=25%-75%,0.0124816895,>=0.05,no
site1/train/video6frame204,EndoVis 2017,site1,train,site1/video6,204,q8_mask_center_5pct_v1,x=25%-75%; y=25%-75%,0.0206359867,>=0.05,no
site1/train/video6frame205,EndoVis 2017,site1,train,site1/video6,205,q8_mask_center_5pct_v1,x=25%-75%; y=25%-75%,0.1852874756,>=0.05,yes
site1/train/video6frame206,EndoVis 2017,site1,train,site1/video6,206,q8_mask_center_5pct_v1,x=25%-75%; y=25%-75%,0.2839325070,>=0.05,yes
site1/train/video6frame207,EndoVis 2017,site1,train,site1/video6,207,q8_mask_center_5pct_v1,x=25%-75%; y=25%-75%,0.0381561294,>=0.05,no
site1/train/video6frame208,EndoVis 2017,site1,train,site1/video6,208,q8_mask_center_5pct_v1,x=25%-75%; y=25%-75%,0.1931610107,>=0.05,yes
site1/train/video6frame209,EndoVis 2017,site1,train,site1/video6,209,q8_mask_center_5pct_v1,x=25%-75%; y=25%-75%,0.2439697236,>=0.05,yes
site1/train/video6frame210,EndoVis 2017,site1,train,site1/video6,210,q8_mask_center_5pct_v1,x=25%-75%; y=25%-75%,0.2297363281,>=0.05,yes
site1/train/video6frame211,EndoVis 2017,site1,train,site1/video6,211,q8_mask_center_5pct_v1,x=25%-75%; y=25%-75%,0.1800781190,>=0.05,yes
site1/train/video6frame212,EndoVis 2017,site1,train,site1/video6,212,q8_mask_center_5pct_v1,x=25%-75%; y=25%-75%,0.2446350157,>=0.05,yes
site1/train/video6frame213,EndoVis 2017,site1,train,site1/video6,213,q8_mask_center_5pct_v1,x=25%-75%; y=25%-75%,0.2330596894,>=0.05,yes
site1/train/video6frame214,EndoVis 2017,site1,train,site1/video6,214,q8_mask_center_5pct_v1,x=25%-75%; y=25%-75%,0.0735260025,>=0.05,yes
site1/train/video6frame215,EndoVis 2017,site1,train,site1/video6,215,q8_mask_center_5pct_v1,x=25%-75%; y=25%-75%,0.4191711545,>=0.05,yes
site1/train/video6frame216,EndoVis 2017,site1,train,site1/video6,216,q8_mask_center_5pct_v1,x=25%-75%; y=25%-75%,0.1064666733,>=0.05,yes
site1/train/video6frame217,EndoVis 2017,site1,train,site1/video6,217,q8_mask_center_5pct_v1,x=25%-75%; y=25%-75%,0.1542846709,>=0.05,yes
site1/train/video6frame218,EndoVis 2017,site1,train,site1/video6,218,q8_mask_center_5pct_v1,x=25%-75%; y=25%-75%,0.0192687996,>=0.05,no
site1/train/video6frame219,EndoVis 2017,site1,train,site1/video6,219,q8_mask_center_5pct_v1,x=25%-75%; y=25%-75%,0.1735198945,>=0.05,yes
site1/train/video6frame220,EndoVis 2017,site1,train,site1/video6,220,q8_mask_center_5pct_v1,x=25%-75%; y=25%-75%,0.1684387177,>=0.05,yes
site1/train/video6frame221,EndoVis 2017,site1,train,site1/video6,221,q8_mask_center_5pct_v1,x=25%-75%; y=25%-75%,0.0532226562,>=0.05,yes
site1/train/video6frame222,EndoVis 2017,site1,train,site1/video6,222,q8_mask_center_5pct_v1,x=25%-75%; y=25%-75%,0.1216094941,>=0.05,yes
site1/train/video6frame223,EndoVis 2017,site1,train,site1/video6,223,q8_mask_center_5pct_v1,x=25%-75%; y=25%-75%,0.1169433594,>=0.05,yes
site1/train/video6frame224,EndoVis 2017,site1,train,site1/video6,224,q8_mask_center_5pct_v1,x=25%-75%; y=25%-75%,0.1404571533,>=0.05,yes
site1/train/video7frame000,EndoVis 2017,site1,train,site1/video7,0,q8_mask_center_5pct_v1,x=25%-75%; y=25%-75%,0.0003601074,>=0.05,no
site1/train/video7frame001,EndoVis 2017,site1,train,site1/video7,1,q8_mask_center_5pct_v1,x=25%-75%; y=25%-75%,0.0102294926,>=0.05,no
site1/train/video7frame002,EndoVis 2017,site1,train,site1/video7,2,q8_mask_center_5pct_v1,x=25%-75%; y=25%-75%,0.0188415535,>=0.05,no
site1/train/video7frame003,EndoVis 2017,site1,train,site1/video7,3,q8_mask_center_5pct_v1,x=25%-75%; y=25%-75%,0.0157043450,>=0.05,no
site1/train/video7frame004,EndoVis 2017,site1,train,site1/video7,4,q8_mask_center_5pct_v1,x=25%-75%; y=25%-75%,0.0205810554,>=0.05,no
site1/train/video7frame005,EndoVis 2017,site1,train,site1/video7,5,q8_mask_center_5pct_v1,x=25%-75%; y=25%-75%,0.0000000000,>=0.05,no
site1/train/video7frame006,EndoVis 2017,site1,train,site1/video7,6,q8_mask_center_5pct_v1,x=25%-75%; y=25%-75%,0.0018737793,>=0.05,no
site1/train/video7frame007,EndoVis 2017,site1,train,site1/video7,7,q8_mask_center_5pct_v1,x=25%-75%; y=25%-75%,0.0113464352,>=0.05,no
site1/train/video7frame008,EndoVis 2017,site1,train,site1/video7,8,q8_mask_center_5pct_v1,x=25%-75%; y=25%-75%,0.0172424316,>=0.05,no
site1/train/video7frame009,EndoVis 2017,site1,train,site1/video7,9,q8_mask_center_5pct_v1,x=25%-75%; y=25%-75%,0.0165222175,>=0.05,no
site1/train/video7frame010,EndoVis 2017,site1,train,site1/video7,10,q8_mask_center_5pct_v1,x=25%-75%; y=25%-75%,0.0003967285,>=0.05,no
site1/train/video7frame011,EndoVis 2017,site1,train,site1/video7,11,q8_mask_center_5pct_v1,x=25%-75%; y=25%-75%,0.0095794676,>=0.05,no
site1/train/video7frame012,EndoVis 2017,site1,train,site1/video7,12,q8_mask_center_5pct_v1,x=25%-75%; y=25%-75%,0.0000000000,>=0.05,no
site1/train/video7frame013,EndoVis 2017,site1,train,site1/video7,13,q8_mask_center_5pct_v1,x=25%-75%; y=25%-75%,0.0638122559,>=0.05,yes
site1/train/video7frame014,EndoVis 2017,site1,train,site1/video7,14,q8_mask_center_5pct_v1,x=25%-75%; y=25%-75%,0.0695068389,>=0.05,yes
site1/train/video7frame015,EndoVis 2017,site1,train,site1/video7,15,q8_mask_center_5pct_v1,x=25%-75%; y=25%-75%,0.0686981231,>=0.05,yes
site1/train/video7frame016,EndoVis 2017,site1,train,site1/video7,16,q8_mask_center_5pct_v1,x=25%-75%; y=25%-75%,0.0722534209,>=0.05,yes
site1/train/video7frame017,EndoVis 2017,site1,train,site1/video7,17,q8_mask_center_5pct_v1,x=25%-75%; y=25%-75%,0.0683288574,>=0.05,yes
site1/train/video7frame018,EndoVis 2017,site1,train,site1/video7,18,q8_mask_center_5pct_v1,x=25%-75%; y=25%-75%,0.0688873306,>=0.05,yes
site1/train/video7frame019,EndoVis 2017,site1,train,site1/video7,19,q8_mask_center_5pct_v1,x=25%-75%; y=25%-75%,0.0670166016,>=0.05,yes
site1/train/video7frame020,EndoVis 2017,site1,train,site1/video7,20,q8_mask_center_5pct_v1,x=25%-75%; y=25%-75%,0.0667022690,>=0.05,yes
site1/train/video7frame021,EndoVis 2017,site1,train,site1/video7,21,q8_mask_center_5pct_v1,x=25%-75%; y=25%-75%,0.0669403076,>=0.05,yes
site1/train/video7frame022,EndoVis 2017,site1,train,site1/video7,22,q8_mask_center_5pct_v1,x=25%-75%; y=25%-75%,0.0650054961,>=0.05,yes
site1/train/video7frame023,EndoVis 2017,site1,train,site1/video7,23,q8_mask_center_5pct_v1,x=25%-75%; y=25%-75%,0.0690551773,>=0.05,yes
site1/train/video7frame024,EndoVis 2017,site1,train,site1/video7,24,q8_mask_center_5pct_v1,x=25%-75%; y=25%-75%,0.0673248321,>=0.05,yes
site1/train/video7frame025,EndoVis 2017,site1,train,site1/video7,25,q8_mask_center_5pct_v1,x=25%-75%; y=25%-75%,0.0989654511,>=0.05,yes
site1/train/video7frame026,EndoVis 2017,site1,train,site1/video7,26,q8_mask_center_5pct_v1,x=25%-75%; y=25%-75%,0.2328796387,>=0.05,yes
site1/train/video7frame027,EndoVis 2017,site1,train,site1/video7,27,q8_mask_center_5pct_v1,x=25%-75%; y=25%-75%,0.1313690245,>=0.05,yes
site1/train/video7frame028,EndoVis 2017,site1,train,site1/video7,28,q8_mask_center_5pct_v1,x=25%-75%; y=25%-75%,0.2536346316,>=0.05,yes
site1/train/video7frame029,EndoVis 2017,site1,train,site1/video7,29,q8_mask_center_5pct_v1,x=25%-75%; y=25%-75%,0.3394805789,>=0.05,yes
site1/train/video7frame030,EndoVis 2017,site1,train,site1/video7,30,q8_mask_center_5pct_v1,x=25%-75%; y=25%-75%,0.2875274718,>=0.05,yes
site1/train/video7frame031,EndoVis 2017,site1,train,site1/video7,31,q8_mask_center_5pct_v1,x=25%-75%; y=25%-75%,0.3104003966,>=0.05,yes
site1/train/video7frame032,EndoVis 2017,site1,train,site1/video7,32,q8_mask_center_5pct_v1,x=25%-75%; y=25%-75%,0.3094817996,>=0.05,yes
site1/train/video7frame033,EndoVis 2017,site1,train,site1/video7,33,q8_mask_center_5pct_v1,x=25%-75%; y=25%-75%,0.3131500185,>=0.05,yes
site1/train/video7frame034,EndoVis 2017,site1,train,site1/video7,34,q8_mask_center_5pct_v1,x=25%-75%; y=25%-75%,0.3094238341,>=0.05,yes
site1/train/video7frame035,EndoVis 2017,site1,train,site1/video7,35,q8_mask_center_5pct_v1,x=25%-75%; y=25%-75%,0.2715087831,>=0.05,yes
site1/train/video7frame036,EndoVis 2017,site1,train,site1/video7,36,q8_mask_center_5pct_v1,x=25%-75%; y=25%-75%,0.1546264589,>=0.05,yes
site1/train/video7frame037,EndoVis 2017,site1,train,site1/video7,37,q8_mask_center_5pct_v1,x=25%-75%; y=25%-75%,0.1203308105,>=0.05,yes
site1/train/video7frame038,EndoVis 2017,site1,train,site1/video7,38,q8_mask_center_5pct_v1,x=25%-75%; y=25%-75%,0.1099761948,>=0.05,yes
site1/train/video7frame039,EndoVis 2017,site1,train,site1/video7,39,q8_mask_center_5pct_v1,x=25%-75%; y=25%-75%,0.2091155946,>=0.05,yes
site1/train/video7frame040,EndoVis 2017,site1,train,site1/video7,40,q8_mask_center_5pct_v1,x=25%-75%; y=25%-75%,0.2346618623,>=0.05,yes
site1/train/video7frame041,EndoVis 2017,site1,train,site1/video7,41,q8_mask_center_5pct_v1,x=25%-75%; y=25%-75%,0.0919952393,>=0.05,yes
site1/train/video7frame042,EndoVis 2017,site1,train,site1/video7,42,q8_mask_center_5pct_v1,x=25%-75%; y=25%-75%,0.1466857940,>=0.05,yes
site1/train/video7frame043,EndoVis 2017,site1,train,site1/video7,43,q8_mask_center_5pct_v1,x=25%-75%; y=25%-75%,0.1110778823,>=0.05,yes
site1/train/video7frame044,EndoVis 2017,site1,train,site1/video7,44,q8_mask_center_5pct_v1,x=25%-75%; y=25%-75%,0.2254364043,>=0.05,yes
site1/train/video7frame045,EndoVis 2017,site1,train,site1/video7,45,q8_mask_center_5pct_v1,x=25%-75%; y=25%-75%,0.1428466737,>=0.05,yes
site1/train/video7frame046,EndoVis 2017,site1,train,site1/video7,46,q8_mask_center_5pct_v1,x=25%-75%; y=25%-75%,0.0873779282,>=0.05,yes
site1/train/video7frame047,EndoVis 2017,site1,train,site1/video7,47,q8_mask_center_5pct_v1,x=25%-75%; y=25%-75%,0.0007263183,>=0.05,no
site1/train/video7frame048,EndoVis 2017,site1,train,site1/video7,48,q8_mask_center_5pct_v1,x=25%-75%; y=25%-75%,0.0000000000,>=0.05,no
site1/train/video7frame049,EndoVis 2017,site1,train,site1/video7,49,q8_mask_center_5pct_v1,x=25%-75%; y=25%-75%,0.0000000000,>=0.05,no
site1/train/video7frame050,EndoVis 2017,site1,train,site1/video7,50,q8_mask_center_5pct_v1,x=25%-75%; y=25%-75%,0.0000000000,>=0.05,no
site1/train/video7frame051,EndoVis 2017,site1,train,site1/video7,51,q8_mask_center_5pct_v1,x=25%-75%; y=25%-75%,0.0000000000,>=0.05,no
site1/train/video7frame052,EndoVis 2017,site1,train,site1/video7,52,q8_mask_center_5pct_v1,x=25%-75%; y=25%-75%,0.0000000000,>=0.05,no
site1/train/video7frame053,EndoVis 2017,site1,train,site1/video7,53,q8_mask_center_5pct_v1,x=25%-75%; y=25%-75%,0.0000000000,>=0.05,no
site1/train/video7frame054,EndoVis 2017,site1,train,site1/video7,54,q8_mask_center_5pct_v1,x=25%-75%; y=25%-75%,0.0000000000,>=0.05,no
site1/train/video7frame055,EndoVis 2017,site1,train,site1/video7,55,q8_mask_center_5pct_v1,x=25%-75%; y=25%-75%,0.0000000000,>=0.05,no
site1/train/video7frame056,EndoVis 2017,site1,train,site1/video7,56,q8_mask_center_5pct_v1,x=25%-75%; y=25%-75%,0.0000000000,>=0.05,no
site1/train/video7frame057,EndoVis 2017,site1,train,site1/video7,57,q8_mask_center_5pct_v1,x=25%-75%; y=25%-75%,0.0704772919,>=0.05,yes
site1/train/video7frame058,EndoVis 2017,site1,train,site1/video7,58,q8_mask_center_5pct_v1,x=25%-75%; y=25%-75%,0.0747711211,>=0.05,yes
site1/train/video7frame059,EndoVis 2017,site1,train,site1/video7,59,q8_mask_center_5pct_v1,x=25%-75%; y=25%-75%,0.0614654534,>=0.05,yes
site1/train/video7frame060,EndoVis 2017,site1,train,site1/video7,60,q8_mask_center_5pct_v1,x=25%-75%; y=25%-75%,0.0449005142,>=0.05,no
site1/train/video7frame061,EndoVis 2017,site1,train,site1/video7,61,q8_mask_center_5pct_v1,x=25%-75%; y=25%-75%,0.2420745790,>=0.05,yes
site1/train/video7frame062,EndoVis 2017,site1,train,site1/video7,62,q8_mask_center_5pct_v1,x=25%-75%; y=25%-75%,0.0498352051,>=0.05,no
site1/train/video7frame063,EndoVis 2017,site1,train,site1/video7,63,q8_mask_center_5pct_v1,x=25%-75%; y=25%-75%,0.0212249756,>=0.05,no
site1/train/video7frame064,EndoVis 2017,site1,train,site1/video7,64,q8_mask_center_5pct_v1,x=25%-75%; y=25%-75%,0.0187225342,>=0.05,no
site1/train/video7frame065,EndoVis 2017,site1,train,site1/video7,65,q8_mask_center_5pct_v1,x=25%-75%; y=25%-75%,0.0153015135,>=0.05,no
site1/train/video7frame066,EndoVis 2017,site1,train,site1/video7,66,q8_mask_center_5pct_v1,x=25%-75%; y=25%-75%,0.0180877689,>=0.05,no
site1/train/video7frame067,EndoVis 2017,site1,train,site1/video7,67,q8_mask_center_5pct_v1,x=25%-75%; y=25%-75%,0.0178436283,>=0.05,no
site1/train/video7frame068,EndoVis 2017,site1,train,site1/video7,68,q8_mask_center_5pct_v1,x=25%-75%; y=25%-75%,0.1587432921,>=0.05,yes
site1/train/video7frame069,EndoVis 2017,site1,train,site1/video7,69,q8_mask_center_5pct_v1,x=25%-75%; y=25%-75%,0.1139251739,>=0.05,yes
site1/train/video7frame070,EndoVis 2017,site1,train,site1/video7,70,q8_mask_center_5pct_v1,x=25%-75%; y=25%-75%,0.0130065922,>=0.05,no
site1/train/video7frame071,EndoVis 2017,site1,train,site1/video7,71,q8_mask_center_5pct_v1,x=25%-75%; y=25%-75%,0.1098663360,>=0.05,yes
site1/train/video7frame072,EndoVis 2017,site1,train,site1/video7,72,q8_mask_center_5pct_v1,x=25%-75%; y=25%-75%,0.0598419197,>=0.05,yes
site1/train/video7frame073,EndoVis 2017,site1,train,site1/video7,73,q8_mask_center_5pct_v1,x=25%-75%; y=25%-75%,0.0627319366,>=0.05,yes
site1/train/video7frame074,EndoVis 2017,site1,train,site1/video7,74,q8_mask_center_5pct_v1,x=25%-75%; y=25%-75%,0.1041320786,>=0.05,yes
site1/train/video7frame075,EndoVis 2017,site1,train,site1/video7,75,q8_mask_center_5pct_v1,x=25%-75%; y=25%-75%,0.0924163833,>=0.05,yes
site1/train/video7frame076,EndoVis 2017,site1,train,site1/video7,76,q8_mask_center_5pct_v1,x=25%-75%; y=25%-75%,0.1087890640,>=0.05,yes
site1/train/video7frame077,EndoVis 2017,site1,train,site1/video7,77,q8_mask_center_5pct_v1,x=25%-75%; y=25%-75%,0.0000000000,>=0.05,no
site1/train/video7frame078,EndoVis 2017,site1,train,site1/video7,78,q8_mask_center_5pct_v1,x=25%-75%; y=25%-75%,0.0000000000,>=0.05,no
site1/train/video7frame079,EndoVis 2017,site1,train,site1/video7,79,q8_mask_center_5pct_v1,x=25%-75%; y=25%-75%,0.0000000000,>=0.05,no
site1/train/video7frame080,EndoVis 2017,site1,train,site1/video7,80,q8_mask_center_5pct_v1,x=25%-75%; y=25%-75%,0.0572174080,>=0.05,yes
site1/train/video7frame081,EndoVis 2017,site1,train,site1/video7,81,q8_mask_center_5pct_v1,x=25%-75%; y=25%-75%,0.0000000000,>=0.05,no
site1/train/video7frame082,EndoVis 2017,site1,train,site1/video7,82,q8_mask_center_5pct_v1,x=25%-75%; y=25%-75%,0.0571441650,>=0.05,yes
site1/train/video7frame083,EndoVis 2017,site1,train,site1/video7,83,q8_mask_center_5pct_v1,x=25%-75%; y=25%-75%,0.0587860122,>=0.05,yes
site1/train/video7frame084,EndoVis 2017,site1,train,site1/video7,84,q8_mask_center_5pct_v1,x=25%-75%; y=25%-75%,0.0535186753,>=0.05,yes
site1/train/video7frame085,EndoVis 2017,site1,train,site1/video7,85,q8_mask_center_5pct_v1,x=25%-75%; y=25%-75%,0.0545379631,>=0.05,yes
site1/train/video7frame086,EndoVis 2017,site1,train,site1/video7,86,q8_mask_center_5pct_v1,x=25%-75%; y=25%-75%,0.0000000000,>=0.05,no
site1/train/video7frame087,EndoVis 2017,site1,train,site1/video7,87,q8_mask_center_5pct_v1,x=25%-75%; y=25%-75%,0.0019073486,>=0.05,no
site1/train/video7frame088,EndoVis 2017,site1,train,site1/video7,88,q8_mask_center_5pct_v1,x=25%-75%; y=25%-75%,0.0131988525,>=0.05,no
site1/train/video7frame089,EndoVis 2017,site1,train,site1/video7,89,q8_mask_center_5pct_v1,x=25%-75%; y=25%-75%,0.0137115475,>=0.05,no
site1/train/video7frame090,EndoVis 2017,site1,train,site1/video7,90,q8_mask_center_5pct_v1,x=25%-75%; y=25%-75%,0.0148040773,>=0.05,no
site1/train/video7frame091,EndoVis 2017,site1,train,site1/video7,91,q8_mask_center_5pct_v1,x=25%-75%; y=25%-75%,0.0000000000,>=0.05,no
site1/train/video7frame092,EndoVis 2017,site1,train,site1/video7,92,q8_mask_center_5pct_v1,x=25%-75%; y=25%-75%,0.0000000000,>=0.05,no
site1/train/video7frame093,EndoVis 2017,site1,train,site1/video7,93,q8_mask_center_5pct_v1,x=25%-75%; y=25%-75%,0.0000000000,>=0.05,no
site1/train/video7frame094,EndoVis 2017,site1,train,site1/video7,94,q8_mask_center_5pct_v1,x=25%-75%; y=25%-75%,0.0000000000,>=0.05,no
site1/train/video7frame095,EndoVis 2017,site1,train,site1/video7,95,q8_mask_center_5pct_v1,x=25%-75%; y=25%-75%,0.0000000000,>=0.05,no
site1/train/video7frame096,EndoVis 2017,site1,train,site1/video7,96,q8_mask_center_5pct_v1,x=25%-75%; y=25%-75%,0.0226745605,>=0.05,no
site1/train/video7frame097,EndoVis 2017,site1,train,site1/video7,97,q8_mask_center_5pct_v1,x=25%-75%; y=25%-75%,0.0000000000,>=0.05,no
site1/train/video7frame098,EndoVis 2017,site1,train,site1/video7,98,q8_mask_center_5pct_v1,x=25%-75%; y=25%-75%,0.1281524599,>=0.05,yes
site1/train/video7frame099,EndoVis 2017,site1,train,site1/video7,99,q8_mask_center_5pct_v1,x=25%-75%; y=25%-75%,0.2780212462,>=0.05,yes
site1/train/video7frame100,EndoVis 2017,site1,train,site1/video7,100,q8_mask_center_5pct_v1,x=25%-75%; y=25%-75%,0.2080719024,>=0.05,yes
site1/train/video7frame101,EndoVis 2017,site1,train,site1/video7,101,q8_mask_center_5pct_v1,x=25%-75%; y=25%-75%,0.1329986602,>=0.05,yes
site1/train/video7frame102,EndoVis 2017,site1,train,site1/video7,102,q8_mask_center_5pct_v1,x=25%-75%; y=25%-75%,0.2119812071,>=0.05,yes
site1/train/video7frame103,EndoVis 2017,site1,train,site1/video7,103,q8_mask_center_5pct_v1,x=25%-75%; y=25%-75%,0.2119171172,>=0.05,yes
site1/train/video7frame104,EndoVis 2017,site1,train,site1/video7,104,q8_mask_center_5pct_v1,x=25%-75%; y=25%-75%,0.1902008057,>=0.05,yes
site1/train/video7frame105,EndoVis 2017,site1,train,site1/video7,105,q8_mask_center_5pct_v1,x=25%-75%; y=25%-75%,0.2987152040,>=0.05,yes
site1/train/video7frame106,EndoVis 2017,site1,train,site1/video7,106,q8_mask_center_5pct_v1,x=25%-75%; y=25%-75%,0.1288391054,>=0.05,yes
site1/train/video7frame107,EndoVis 2017,site1,train,site1/video7,107,q8_mask_center_5pct_v1,x=25%-75%; y=25%-75%,0.2981933653,>=0.05,yes
site1/train/video7frame108,EndoVis 2017,site1,train,site1/video7,108,q8_mask_center_5pct_v1,x=25%-75%; y=25%-75%,0.1938049346,>=0.05,yes
site1/train/video7frame109,EndoVis 2017,site1,train,site1/video7,109,q8_mask_center_5pct_v1,x=25%-75%; y=25%-75%,0.0389831550,>=0.05,no
site1/train/video7frame110,EndoVis 2017,site1,train,site1/video7,110,q8_mask_center_5pct_v1,x=25%-75%; y=25%-75%,0.1549957246,>=0.05,yes
site1/train/video7frame111,EndoVis 2017,site1,train,site1/video7,111,q8_mask_center_5pct_v1,x=25%-75%; y=25%-75%,0.1616638154,>=0.05,yes
site1/train/video7frame112,EndoVis 2017,site1,train,site1/video7,112,q8_mask_center_5pct_v1,x=25%-75%; y=25%-75%,0.1313507110,>=0.05,yes
site1/train/video7frame113,EndoVis 2017,site1,train,site1/video7,113,q8_mask_center_5pct_v1,x=25%-75%; y=25%-75%,0.1374389678,>=0.05,yes
site1/train/video7frame114,EndoVis 2017,site1,train,site1/video7,114,q8_mask_center_5pct_v1,x=25%-75%; y=25%-75%,0.0556365959,>=0.05,yes
site1/train/video7frame115,EndoVis 2017,site1,train,site1/video7,115,q8_mask_center_5pct_v1,x=25%-75%; y=25%-75%,0.0819549561,>=0.05,yes
site1/train/video7frame116,EndoVis 2017,site1,train,site1/video7,116,q8_mask_center_5pct_v1,x=25%-75%; y=25%-75%,0.0812286362,>=0.05,yes
site1/train/video7frame117,EndoVis 2017,site1,train,site1/video7,117,q8_mask_center_5pct_v1,x=25%-75%; y=25%-75%,0.0954284668,>=0.05,yes
site1/train/video7frame118,EndoVis 2017,site1,train,site1/video7,118,q8_mask_center_5pct_v1,x=25%-75%; y=25%-75%,0.1585723907,>=0.05,yes
site1/train/video7frame119,EndoVis 2017,site1,train,site1/video7,119,q8_mask_center_5pct_v1,x=25%-75%; y=25%-75%,0.1274261475,>=0.05,yes
site1/train/video7frame120,EndoVis 2017,site1,train,site1/video7,120,q8_mask_center_5pct_v1,x=25%-75%; y=25%-75%,0.0923614502,>=0.05,yes
site1/train/video7frame121,EndoVis 2017,site1,train,site1/video7,121,q8_mask_center_5pct_v1,x=25%-75%; y=25%-75%,0.1233978271,>=0.05,yes
site1/train/video7frame122,EndoVis 2017,site1,train,site1/video7,122,q8_mask_center_5pct_v1,x=25%-75%; y=25%-75%,0.1192169189,>=0.05,yes
site1/train/video7frame123,EndoVis 2017,site1,train,site1/video7,123,q8_mask_center_5pct_v1,x=25%-75%; y=25%-75%,0.1092163101,>=0.05,yes
site1/train/video7frame124,EndoVis 2017,site1,train,site1/video7,124,q8_mask_center_5pct_v1,x=25%-75%; y=25%-75%,0.1021331772,>=0.05,yes
site1/train/video7frame125,EndoVis 2017,site1,train,site1/video7,125,q8_mask_center_5pct_v1,x=25%-75%; y=25%-75%,0.1292541474,>=0.05,yes
site1/train/video7frame126,EndoVis 2017,site1,train,site1/video7,126,q8_mask_center_5pct_v1,x=25%-75%; y=25%-75%,0.2363739014,>=0.05,yes
site1/train/video7frame127,EndoVis 2017,site1,train,site1/video7,127,q8_mask_center_5pct_v1,x=25%-75%; y=25%-75%,0.0974060073,>=0.05,yes
site1/train/video7frame128,EndoVis 2017,site1,train,site1/video7,128,q8_mask_center_5pct_v1,x=25%-75%; y=25%-75%,0.0983764678,>=0.05,yes
site1/train/video7frame129,EndoVis 2017,site1,train,site1/video7,129,q8_mask_center_5pct_v1,x=25%-75%; y=25%-75%,0.0971008316,>=0.05,yes
site1/train/video7frame130,EndoVis 2017,site1,train,site1/video7,130,q8_mask_center_5pct_v1,x=25%-75%; y=25%-75%,0.1228637695,>=0.05,yes
site1/train/video7frame131,EndoVis 2017,site1,train,site1/video7,131,q8_mask_center_5pct_v1,x=25%-75%; y=25%-75%,0.0519592278,>=0.05,yes
site1/train/video7frame132,EndoVis 2017,site1,train,site1/video7,132,q8_mask_center_5pct_v1,x=25%-75%; y=25%-75%,0.0706359893,>=0.05,yes
site1/train/video7frame133,EndoVis 2017,site1,train,site1/video7,133,q8_mask_center_5pct_v1,x=25%-75%; y=25%-75%,0.0691925064,>=0.05,yes
site1/train/video7frame134,EndoVis 2017,site1,train,site1/video7,134,q8_mask_center_5pct_v1,x=25%-75%; y=25%-75%,0.0690917969,>=0.05,yes
site1/train/video7frame135,EndoVis 2017,site1,train,site1/video7,135,q8_mask_center_5pct_v1,x=25%-75%; y=25%-75%,0.0690155029,>=0.05,yes
site1/train/video7frame136,EndoVis 2017,site1,train,site1/video7,136,q8_mask_center_5pct_v1,x=25%-75%; y=25%-75%,0.0699371323,>=0.05,yes
site1/train/video7frame137,EndoVis 2017,site1,train,site1/video7,137,q8_mask_center_5pct_v1,x=25%-75%; y=25%-75%,0.0000000000,>=0.05,no
site1/train/video7frame138,EndoVis 2017,site1,train,site1/video7,138,q8_mask_center_5pct_v1,x=25%-75%; y=25%-75%,0.0000000000,>=0.05,no
site1/train/video7frame139,EndoVis 2017,site1,train,site1/video7,139,q8_mask_center_5pct_v1,x=25%-75%; y=25%-75%,0.0000000000,>=0.05,no
site1/train/video7frame140,EndoVis 2017,site1,train,site1/video7,140,q8_mask_center_5pct_v1,x=25%-75%; y=25%-75%,0.0000000000,>=0.05,no
site1/train/video7frame141,EndoVis 2017,site1,train,site1/video7,141,q8_mask_center_5pct_v1,x=25%-75%; y=25%-75%,0.0000000000,>=0.05,no
site1/train/video7frame142,EndoVis 2017,site1,train,site1/video7,142,q8_mask_center_5pct_v1,x=25%-75%; y=25%-75%,0.0000000000,>=0.05,no
site1/train/video7frame143,EndoVis 2017,site1,train,site1/video7,143,q8_mask_center_5pct_v1,x=25%-75%; y=25%-75%,0.0000000000,>=0.05,no
site1/train/video7frame144,EndoVis 2017,site1,train,site1/video7,144,q8_mask_center_5pct_v1,x=25%-75%; y=25%-75%,0.0000000000,>=0.05,no
site1/train/video7frame145,EndoVis 2017,site1,train,site1/video7,145,q8_mask_center_5pct_v1,x=25%-75%; y=25%-75%,0.0000000000,>=0.05,no
site1/train/video7frame146,EndoVis 2017,site1,train,site1/video7,146,q8_mask_center_5pct_v1,x=25%-75%; y=25%-75%,0.0084228516,>=0.05,no
site1/train/video7frame147,EndoVis 2017,site1,train,site1/video7,147,q8_mask_center_5pct_v1,x=25%-75%; y=25%-75%,0.0357574448,>=0.05,no
site1/train/video7frame148,EndoVis 2017,site1,train,site1/video7,148,q8_mask_center_5pct_v1,x=25%-75%; y=25%-75%,0.0000000000,>=0.05,no
site1/train/video7frame149,EndoVis 2017,site1,train,site1/video7,149,q8_mask_center_5pct_v1,x=25%-75%; y=25%-75%,0.0022735596,>=0.05,no
site1/train/video7frame150,EndoVis 2017,site1,train,site1/video7,150,q8_mask_center_5pct_v1,x=25%-75%; y=25%-75%,0.0095520020,>=0.05,no
site1/train/video7frame151,EndoVis 2017,site1,train,site1/video7,151,q8_mask_center_5pct_v1,x=25%-75%; y=25%-75%,0.0087707518,>=0.05,no
site1/train/video7frame152,EndoVis 2017,site1,train,site1/video7,152,q8_mask_center_5pct_v1,x=25%-75%; y=25%-75%,0.0090118404,>=0.05,no
site1/train/video7frame153,EndoVis 2017,site1,train,site1/video7,153,q8_mask_center_5pct_v1,x=25%-75%; y=25%-75%,0.0069244383,>=0.05,no
site1/train/video7frame154,EndoVis 2017,site1,train,site1/video7,154,q8_mask_center_5pct_v1,x=25%-75%; y=25%-75%,0.0076202392,>=0.05,no
site1/train/video7frame155,EndoVis 2017,site1,train,site1/video7,155,q8_mask_center_5pct_v1,x=25%-75%; y=25%-75%,0.0000000000,>=0.05,no
site1/train/video7frame156,EndoVis 2017,site1,train,site1/video7,156,q8_mask_center_5pct_v1,x=25%-75%; y=25%-75%,0.0000000000,>=0.05,no
site1/train/video7frame157,EndoVis 2017,site1,train,site1/video7,157,q8_mask_center_5pct_v1,x=25%-75%; y=25%-75%,0.0000000000,>=0.05,no
site1/train/video7frame158,EndoVis 2017,site1,train,site1/video7,158,q8_mask_center_5pct_v1,x=25%-75%; y=25%-75%,0.0000000000,>=0.05,no
site1/train/video7frame159,EndoVis 2017,site1,train,site1/video7,159,q8_mask_center_5pct_v1,x=25%-75%; y=25%-75%,0.0000000000,>=0.05,no
site1/train/video7frame160,EndoVis 2017,site1,train,site1/video7,160,q8_mask_center_5pct_v1,x=25%-75%; y=25%-75%,0.0312896743,>=0.05,no
site1/train/video7frame161,EndoVis 2017,site1,train,site1/video7,161,q8_mask_center_5pct_v1,x=25%-75%; y=25%-75%,0.0111328121,>=0.05,no
site1/train/video7frame162,EndoVis 2017,site1,train,site1/video7,162,q8_mask_center_5pct_v1,x=25%-75%; y=25%-75%,0.0818145722,>=0.05,yes
site1/train/video7frame163,EndoVis 2017,site1,train,site1/video7,163,q8_mask_center_5pct_v1,x=25%-75%; y=25%-75%,0.2607696652,>=0.05,yes
site1/train/video7frame164,EndoVis 2017,site1,train,site1/video7,164,q8_mask_center_5pct_v1,x=25%-75%; y=25%-75%,0.2859405577,>=0.05,yes
site1/train/video7frame165,EndoVis 2017,site1,train,site1/video7,165,q8_mask_center_5pct_v1,x=25%-75%; y=25%-75%,0.1503906250,>=0.05,yes
site1/train/video7frame166,EndoVis 2017,site1,train,site1/video7,166,q8_mask_center_5pct_v1,x=25%-75%; y=25%-75%,0.2132507265,>=0.05,yes
site1/train/video7frame167,EndoVis 2017,site1,train,site1/video7,167,q8_mask_center_5pct_v1,x=25%-75%; y=25%-75%,0.0000000000,>=0.05,no
site1/train/video7frame168,EndoVis 2017,site1,train,site1/video7,168,q8_mask_center_5pct_v1,x=25%-75%; y=25%-75%,0.0408996567,>=0.05,no
site1/train/video7frame169,EndoVis 2017,site1,train,site1/video7,169,q8_mask_center_5pct_v1,x=25%-75%; y=25%-75%,0.3020660281,>=0.05,yes
site1/train/video7frame170,EndoVis 2017,site1,train,site1/video7,170,q8_mask_center_5pct_v1,x=25%-75%; y=25%-75%,0.0568267815,>=0.05,yes
site1/train/video7frame171,EndoVis 2017,site1,train,site1/video7,171,q8_mask_center_5pct_v1,x=25%-75%; y=25%-75%,0.0595397949,>=0.05,yes
site1/train/video7frame172,EndoVis 2017,site1,train,site1/video7,172,q8_mask_center_5pct_v1,x=25%-75%; y=25%-75%,0.0090820314,>=0.05,no
site1/train/video7frame173,EndoVis 2017,site1,train,site1/video7,173,q8_mask_center_5pct_v1,x=25%-75%; y=25%-75%,0.0096221920,>=0.05,no
site1/train/video7frame174,EndoVis 2017,site1,train,site1/video7,174,q8_mask_center_5pct_v1,x=25%-75%; y=25%-75%,0.0036804199,>=0.05,no
site1/train/video7frame175,EndoVis 2017,site1,train,site1/video7,175,q8_mask_center_5pct_v1,x=25%-75%; y=25%-75%,0.0000000000,>=0.05,no
site1/train/video7frame176,EndoVis 2017,site1,train,site1/video7,176,q8_mask_center_5pct_v1,x=25%-75%; y=25%-75%,0.0274414066,>=0.05,no
site1/train/video7frame177,EndoVis 2017,site1,train,site1/video7,177,q8_mask_center_5pct_v1,x=25%-75%; y=25%-75%,0.1449401826,>=0.05,yes
site1/train/video7frame178,EndoVis 2017,site1,train,site1/video7,178,q8_mask_center_5pct_v1,x=25%-75%; y=25%-75%,0.1527740508,>=0.05,yes
site1/train/video7frame179,EndoVis 2017,site1,train,site1/video7,179,q8_mask_center_5pct_v1,x=25%-75%; y=25%-75%,0.1590942442,>=0.05,yes
site1/train/video7frame180,EndoVis 2017,site1,train,site1/video7,180,q8_mask_center_5pct_v1,x=25%-75%; y=25%-75%,0.1059631333,>=0.05,yes
site1/train/video7frame181,EndoVis 2017,site1,train,site1/video7,181,q8_mask_center_5pct_v1,x=25%-75%; y=25%-75%,0.1329650879,>=0.05,yes
site1/train/video7frame182,EndoVis 2017,site1,train,site1/video7,182,q8_mask_center_5pct_v1,x=25%-75%; y=25%-75%,0.0027069091,>=0.05,no
site1/train/video7frame183,EndoVis 2017,site1,train,site1/video7,183,q8_mask_center_5pct_v1,x=25%-75%; y=25%-75%,0.0000000000,>=0.05,no
site1/train/video7frame184,EndoVis 2017,site1,train,site1/video7,184,q8_mask_center_5pct_v1,x=25%-75%; y=25%-75%,0.0000000000,>=0.05,no
site1/train/video7frame185,EndoVis 2017,site1,train,site1/video7,185,q8_mask_center_5pct_v1,x=25%-75%; y=25%-75%,0.3615936339,>=0.05,yes
site1/train/video7frame186,EndoVis 2017,site1,train,site1/video7,186,q8_mask_center_5pct_v1,x=25%-75%; y=25%-75%,0.2360931337,>=0.05,yes
site1/train/video7frame187,EndoVis 2017,site1,train,site1/video7,187,q8_mask_center_5pct_v1,x=25%-75%; y=25%-75%,0.0547515862,>=0.05,yes
site1/train/video7frame188,EndoVis 2017,site1,train,site1/video7,188,q8_mask_center_5pct_v1,x=25%-75%; y=25%-75%,0.0577606186,>=0.05,yes
site1/train/video7frame189,EndoVis 2017,site1,train,site1/video7,189,q8_mask_center_5pct_v1,x=25%-75%; y=25%-75%,0.4084381163,>=0.05,yes
site1/train/video7frame190,EndoVis 2017,site1,train,site1/video7,190,q8_mask_center_5pct_v1,x=25%-75%; y=25%-75%,0.3782013059,>=0.05,yes
site1/train/video7frame191,EndoVis 2017,site1,train,site1/video7,191,q8_mask_center_5pct_v1,x=25%-75%; y=25%-75%,0.4309906065,>=0.05,yes
site1/train/video7frame192,EndoVis 2017,site1,train,site1/video7,192,q8_mask_center_5pct_v1,x=25%-75%; y=25%-75%,0.4490539432,>=0.05,yes
site1/train/video7frame193,EndoVis 2017,site1,train,site1/video7,193,q8_mask_center_5pct_v1,x=25%-75%; y=25%-75%,0.4430786073,>=0.05,yes
site1/train/video7frame194,EndoVis 2017,site1,train,site1/video7,194,q8_mask_center_5pct_v1,x=25%-75%; y=25%-75%,0.4464599490,>=0.05,yes
site1/train/video7frame195,EndoVis 2017,site1,train,site1/video7,195,q8_mask_center_5pct_v1,x=25%-75%; y=25%-75%,0.4411010742,>=0.05,yes
site1/train/video7frame196,EndoVis 2017,site1,train,site1/video7,196,q8_mask_center_5pct_v1,x=25%-75%; y=25%-75%,0.4411010742,>=0.05,yes
site1/train/video7frame197,EndoVis 2017,site1,train,site1/video7,197,q8_mask_center_5pct_v1,x=25%-75%; y=25%-75%,0.4411010742,>=0.05,yes
site1/train/video7frame198,EndoVis 2017,site1,train,site1/video7,198,q8_mask_center_5pct_v1,x=25%-75%; y=25%-75%,0.4411010742,>=0.05,yes
site1/train/video7frame199,EndoVis 2017,site1,train,site1/video7,199,q8_mask_center_5pct_v1,x=25%-75%; y=25%-75%,0.4411010742,>=0.05,yes
site1/train/video7frame200,EndoVis 2017,site1,train,site1/video7,200,q8_mask_center_5pct_v1,x=25%-75%; y=25%-75%,0.4411010742,>=0.05,yes
site1/train/video7frame201,EndoVis 2017,site1,train,site1/video7,201,q8_mask_center_5pct_v1,x=25%-75%; y=25%-75%,0.4411010742,>=0.05,yes
site1/train/video7frame202,EndoVis 2017,site1,train,site1/video7,202,q8_mask_center_5pct_v1,x=25%-75%; y=25%-75%,0.4411010742,>=0.05,yes
site1/train/video7frame203,EndoVis 2017,site1,train,site1/video7,203,q8_mask_center_5pct_v1,x=25%-75%; y=25%-75%,0.4411010742,>=0.05,yes
site1/train/video7frame204,EndoVis 2017,site1,train,site1/video7,204,q8_mask_center_5pct_v1,x=25%-75%; y=25%-75%,0.4411010742,>=0.05,yes
site1/train/video7frame205,EndoVis 2017,site1,train,site1/video7,205,q8_mask_center_5pct_v1,x=25%-75%; y=25%-75%,0.4411010742,>=0.05,yes
site1/train/video7frame206,EndoVis 2017,site1,train,site1/video7,206,q8_mask_center_5pct_v1,x=25%-75%; y=25%-75%,0.4411010742,>=0.05,yes
site1/train/video7frame207,EndoVis 2017,site1,train,site1/video7,207,q8_mask_center_5pct_v1,x=25%-75%; y=25%-75%,0.4411010742,>=0.05,yes
site1/train/video7frame208,EndoVis 2017,site1,train,site1/video7,208,q8_mask_center_5pct_v1,x=25%-75%; y=25%-75%,0.4411010742,>=0.05,yes
site1/train/video7frame209,EndoVis 2017,site1,train,site1/video7,209,q8_mask_center_5pct_v1,x=25%-75%; y=25%-75%,0.4411010742,>=0.05,yes
site1/train/video7frame210,EndoVis 2017,site1,train,site1/video7,210,q8_mask_center_5pct_v1,x=25%-75%; y=25%-75%,0.4411010742,>=0.05,yes
site1/train/video7frame211,EndoVis 2017,site1,train,site1/video7,211,q8_mask_center_5pct_v1,x=25%-75%; y=25%-75%,0.4411010742,>=0.05,yes
site1/train/video7frame212,EndoVis 2017,site1,train,site1/video7,212,q8_mask_center_5pct_v1,x=25%-75%; y=25%-75%,0.4411010742,>=0.05,yes
site1/train/video7frame213,EndoVis 2017,site1,train,site1/video7,213,q8_mask_center_5pct_v1,x=25%-75%; y=25%-75%,0.4411010742,>=0.05,yes
site1/train/video7frame214,EndoVis 2017,site1,train,site1/video7,214,q8_mask_center_5pct_v1,x=25%-75%; y=25%-75%,0.4411010742,>=0.05,yes
site1/train/video7frame215,EndoVis 2017,site1,train,site1/video7,215,q8_mask_center_5pct_v1,x=25%-75%; y=25%-75%,0.4411010742,>=0.05,yes
site1/train/video7frame216,EndoVis 2017,site1,train,site1/video7,216,q8_mask_center_5pct_v1,x=25%-75%; y=25%-75%,0.4411010742,>=0.05,yes
site1/train/video7frame217,EndoVis 2017,site1,train,site1/video7,217,q8_mask_center_5pct_v1,x=25%-75%; y=25%-75%,0.4411010742,>=0.05,yes
site1/train/video7frame218,EndoVis 2017,site1,train,site1/video7,218,q8_mask_center_5pct_v1,x=25%-75%; y=25%-75%,0.4411010742,>=0.05,yes
site1/train/video7frame219,EndoVis 2017,site1,train,site1/video7,219,q8_mask_center_5pct_v1,x=25%-75%; y=25%-75%,0.4411010742,>=0.05,yes
site1/train/video7frame220,EndoVis 2017,site1,train,site1/video7,220,q8_mask_center_5pct_v1,x=25%-75%; y=25%-75%,0.4411010742,>=0.05,yes
site1/train/video7frame221,EndoVis 2017,site1,train,site1/video7,221,q8_mask_center_5pct_v1,x=25%-75%; y=25%-75%,0.4411010742,>=0.05,yes
site1/train/video7frame222,EndoVis 2017,site1,train,site1/video7,222,q8_mask_center_5pct_v1,x=25%-75%; y=25%-75%,0.4145263731,>=0.05,yes
site1/train/video7frame223,EndoVis 2017,site1,train,site1/video7,223,q8_mask_center_5pct_v1,x=25%-75%; y=25%-75%,0.4517028928,>=0.05,yes
site1/train/video7frame224,EndoVis 2017,site1,train,site1/video7,224,q8_mask_center_5pct_v1,x=25%-75%; y=25%-75%,0.2062011659,>=0.05,yes
site1/train/video8frame000,EndoVis 2017,site1,train,site1/video8,0,q8_mask_center_5pct_v1,x=25%-75%; y=25%-75%,0.0945800766,>=0.05,yes
site1/train/video8frame001,EndoVis 2017,site1,train,site1/video8,1,q8_mask_center_5pct_v1,x=25%-75%; y=25%-75%,0.0948303193,>=0.05,yes
site1/train/video8frame002,EndoVis 2017,site1,train,site1/video8,2,q8_mask_center_5pct_v1,x=25%-75%; y=25%-75%,0.0950134248,>=0.05,yes
site1/train/video8frame003,EndoVis 2017,site1,train,site1/video8,3,q8_mask_center_5pct_v1,x=25%-75%; y=25%-75%,0.0961608887,>=0.05,yes
site1/train/video8frame004,EndoVis 2017,site1,train,site1/video8,4,q8_mask_center_5pct_v1,x=25%-75%; y=25%-75%,0.0961975083,>=0.05,yes
site1/train/video8frame005,EndoVis 2017,site1,train,site1/video8,5,q8_mask_center_5pct_v1,x=25%-75%; y=25%-75%,0.1224395782,>=0.05,yes
site1/train/video8frame006,EndoVis 2017,site1,train,site1/video8,6,q8_mask_center_5pct_v1,x=25%-75%; y=25%-75%,0.1621978730,>=0.05,yes
site1/train/video8frame007,EndoVis 2017,site1,train,site1/video8,7,q8_mask_center_5pct_v1,x=25%-75%; y=25%-75%,0.1925567687,>=0.05,yes
site1/train/video8frame008,EndoVis 2017,site1,train,site1/video8,8,q8_mask_center_5pct_v1,x=25%-75%; y=25%-75%,0.2002716064,>=0.05,yes
site1/train/video8frame009,EndoVis 2017,site1,train,site1/video8,9,q8_mask_center_5pct_v1,x=25%-75%; y=25%-75%,0.1652648896,>=0.05,yes
site1/train/video8frame010,EndoVis 2017,site1,train,site1/video8,10,q8_mask_center_5pct_v1,x=25%-75%; y=25%-75%,0.1713470519,>=0.05,yes
site1/train/video8frame011,EndoVis 2017,site1,train,site1/video8,11,q8_mask_center_5pct_v1,x=25%-75%; y=25%-75%,0.0195831303,>=0.05,no
site1/train/video8frame012,EndoVis 2017,site1,train,site1/video8,12,q8_mask_center_5pct_v1,x=25%-75%; y=25%-75%,0.1227020249,>=0.05,yes
site1/train/video8frame013,EndoVis 2017,site1,train,site1/video8,13,q8_mask_center_5pct_v1,x=25%-75%; y=25%-75%,0.1530944854,>=0.05,yes
site1/train/video8frame014,EndoVis 2017,site1,train,site1/video8,14,q8_mask_center_5pct_v1,x=25%-75%; y=25%-75%,0.0631958023,>=0.05,yes
site1/train/video8frame015,EndoVis 2017,site1,train,site1/video8,15,q8_mask_center_5pct_v1,x=25%-75%; y=25%-75%,0.1021240205,>=0.05,yes
site1/train/video8frame016,EndoVis 2017,site1,train,site1/video8,16,q8_mask_center_5pct_v1,x=25%-75%; y=25%-75%,0.1184814423,>=0.05,yes
site1/train/video8frame017,EndoVis 2017,site1,train,site1/video8,17,q8_mask_center_5pct_v1,x=25%-75%; y=25%-75%,0.1756835878,>=0.05,yes
site1/train/video8frame018,EndoVis 2017,site1,train,site1/video8,18,q8_mask_center_5pct_v1,x=25%-75%; y=25%-75%,0.0833557099,>=0.05,yes
site1/train/video8frame019,EndoVis 2017,site1,train,site1/video8,19,q8_mask_center_5pct_v1,x=25%-75%; y=25%-75%,0.0921264663,>=0.05,yes
site1/train/video8frame020,EndoVis 2017,site1,train,site1/video8,20,q8_mask_center_5pct_v1,x=25%-75%; y=25%-75%,0.0927856416,>=0.05,yes
site1/train/video8frame021,EndoVis 2017,site1,train,site1/video8,21,q8_mask_center_5pct_v1,x=25%-75%; y=25%-75%,0.0920867920,>=0.05,yes
site1/train/video8frame022,EndoVis 2017,site1,train,site1/video8,22,q8_mask_center_5pct_v1,x=25%-75%; y=25%-75%,0.0911468491,>=0.05,yes
site1/train/video8frame023,EndoVis 2017,site1,train,site1/video8,23,q8_mask_center_5pct_v1,x=25%-75%; y=25%-75%,0.2489715517,>=0.05,yes
site1/train/video8frame024,EndoVis 2017,site1,train,site1/video8,24,q8_mask_center_5pct_v1,x=25%-75%; y=25%-75%,0.2627410889,>=0.05,yes
site1/train/video8frame025,EndoVis 2017,site1,train,site1/video8,25,q8_mask_center_5pct_v1,x=25%-75%; y=25%-75%,0.2897186279,>=0.05,yes
site1/train/video8frame026,EndoVis 2017,site1,train,site1/video8,26,q8_mask_center_5pct_v1,x=25%-75%; y=25%-75%,0.2509216368,>=0.05,yes
site1/train/video8frame027,EndoVis 2017,site1,train,site1/video8,27,q8_mask_center_5pct_v1,x=25%-75%; y=25%-75%,0.2043884248,>=0.05,yes
site1/train/video8frame028,EndoVis 2017,site1,train,site1/video8,28,q8_mask_center_5pct_v1,x=25%-75%; y=25%-75%,0.1781890839,>=0.05,yes
site1/train/video8frame029,EndoVis 2017,site1,train,site1/video8,29,q8_mask_center_5pct_v1,x=25%-75%; y=25%-75%,0.2172790468,>=0.05,yes
site1/train/video8frame030,EndoVis 2017,site1,train,site1/video8,30,q8_mask_center_5pct_v1,x=25%-75%; y=25%-75%,0.2282226533,>=0.05,yes
site1/train/video8frame031,EndoVis 2017,site1,train,site1/video8,31,q8_mask_center_5pct_v1,x=25%-75%; y=25%-75%,0.2154876739,>=0.05,yes
site1/train/video8frame032,EndoVis 2017,site1,train,site1/video8,32,q8_mask_center_5pct_v1,x=25%-75%; y=25%-75%,0.2175598145,>=0.05,yes
site1/train/video8frame033,EndoVis 2017,site1,train,site1/video8,33,q8_mask_center_5pct_v1,x=25%-75%; y=25%-75%,0.1713745147,>=0.05,yes
site1/train/video8frame034,EndoVis 2017,site1,train,site1/video8,34,q8_mask_center_5pct_v1,x=25%-75%; y=25%-75%,0.1737060547,>=0.05,yes
site1/train/video8frame035,EndoVis 2017,site1,train,site1/video8,35,q8_mask_center_5pct_v1,x=25%-75%; y=25%-75%,0.1776916534,>=0.05,yes
site1/train/video8frame036,EndoVis 2017,site1,train,site1/video8,36,q8_mask_center_5pct_v1,x=25%-75%; y=25%-75%,0.1718872041,>=0.05,yes
site1/train/video8frame037,EndoVis 2017,site1,train,site1/video8,37,q8_mask_center_5pct_v1,x=25%-75%; y=25%-75%,0.1764343232,>=0.05,yes
site1/train/video8frame038,EndoVis 2017,site1,train,site1/video8,38,q8_mask_center_5pct_v1,x=25%-75%; y=25%-75%,0.1072784439,>=0.05,yes
site1/train/video8frame039,EndoVis 2017,site1,train,site1/video8,39,q8_mask_center_5pct_v1,x=25%-75%; y=25%-75%,0.0968109146,>=0.05,yes
site1/train/video8frame040,EndoVis 2017,site1,train,site1/video8,40,q8_mask_center_5pct_v1,x=25%-75%; y=25%-75%,0.1062774658,>=0.05,yes
site1/train/video8frame041,EndoVis 2017,site1,train,site1/video8,41,q8_mask_center_5pct_v1,x=25%-75%; y=25%-75%,0.1779022217,>=0.05,yes
site1/train/video8frame042,EndoVis 2017,site1,train,site1/video8,42,q8_mask_center_5pct_v1,x=25%-75%; y=25%-75%,0.0339416489,>=0.05,no
site1/train/video8frame043,EndoVis 2017,site1,train,site1/video8,43,q8_mask_center_5pct_v1,x=25%-75%; y=25%-75%,0.1444213837,>=0.05,yes
site1/train/video8frame044,EndoVis 2017,site1,train,site1/video8,44,q8_mask_center_5pct_v1,x=25%-75%; y=25%-75%,0.1275024414,>=0.05,yes
site1/train/video8frame045,EndoVis 2017,site1,train,site1/video8,45,q8_mask_center_5pct_v1,x=25%-75%; y=25%-75%,0.1770050079,>=0.05,yes
site1/train/video8frame046,EndoVis 2017,site1,train,site1/video8,46,q8_mask_center_5pct_v1,x=25%-75%; y=25%-75%,0.1668792665,>=0.05,yes
site1/train/video8frame047,EndoVis 2017,site1,train,site1/video8,47,q8_mask_center_5pct_v1,x=25%-75%; y=25%-75%,0.1657440215,>=0.05,yes
site1/train/video8frame048,EndoVis 2017,site1,train,site1/video8,48,q8_mask_center_5pct_v1,x=25%-75%; y=25%-75%,0.1906311065,>=0.05,yes
site1/train/video8frame049,EndoVis 2017,site1,train,site1/video8,49,q8_mask_center_5pct_v1,x=25%-75%; y=25%-75%,0.1987792999,>=0.05,yes
site1/train/video8frame050,EndoVis 2017,site1,train,site1/video8,50,q8_mask_center_5pct_v1,x=25%-75%; y=25%-75%,0.1963958740,>=0.05,yes
site1/train/video8frame051,EndoVis 2017,site1,train,site1/video8,51,q8_mask_center_5pct_v1,x=25%-75%; y=25%-75%,0.2368164062,>=0.05,yes
site1/train/video8frame052,EndoVis 2017,site1,train,site1/video8,52,q8_mask_center_5pct_v1,x=25%-75%; y=25%-75%,0.2246063203,>=0.05,yes
site1/train/video8frame053,EndoVis 2017,site1,train,site1/video8,53,q8_mask_center_5pct_v1,x=25%-75%; y=25%-75%,0.1596710235,>=0.05,yes
site1/train/video8frame054,EndoVis 2017,site1,train,site1/video8,54,q8_mask_center_5pct_v1,x=25%-75%; y=25%-75%,0.1216522232,>=0.05,yes
site1/train/video8frame055,EndoVis 2017,site1,train,site1/video8,55,q8_mask_center_5pct_v1,x=25%-75%; y=25%-75%,0.0957550034,>=0.05,yes
site1/train/video8frame056,EndoVis 2017,site1,train,site1/video8,56,q8_mask_center_5pct_v1,x=25%-75%; y=25%-75%,0.1062988266,>=0.05,yes
site1/train/video8frame057,EndoVis 2017,site1,train,site1/video8,57,q8_mask_center_5pct_v1,x=25%-75%; y=25%-75%,0.1372711211,>=0.05,yes
site1/train/video8frame058,EndoVis 2017,site1,train,site1/video8,58,q8_mask_center_5pct_v1,x=25%-75%; y=25%-75%,0.1513610780,>=0.05,yes
site1/train/video8frame059,EndoVis 2017,site1,train,site1/video8,59,q8_mask_center_5pct_v1,x=25%-75%; y=25%-75%,0.1256988496,>=0.05,yes
site1/train/video8frame060,EndoVis 2017,site1,train,site1/video8,60,q8_mask_center_5pct_v1,x=25%-75%; y=25%-75%,0.1223205552,>=0.05,yes
site1/train/video8frame061,EndoVis 2017,site1,train,site1/video8,61,q8_mask_center_5pct_v1,x=25%-75%; y=25%-75%,0.0888183564,>=0.05,yes
site1/train/video8frame062,EndoVis 2017,site1,train,site1/video8,62,q8_mask_center_5pct_v1,x=25%-75%; y=25%-75%,0.0527954102,>=0.05,yes
site1/train/video8frame063,EndoVis 2017,site1,train,site1/video8,63,q8_mask_center_5pct_v1,x=25%-75%; y=25%-75%,0.0187072754,>=0.05,no
site1/train/video8frame064,EndoVis 2017,site1,train,site1/video8,64,q8_mask_center_5pct_v1,x=25%-75%; y=25%-75%,0.0770080537,>=0.05,yes
site1/train/video8frame065,EndoVis 2017,site1,train,site1/video8,65,q8_mask_center_5pct_v1,x=25%-75%; y=25%-75%,0.1006225571,>=0.05,yes
site1/train/video8frame066,EndoVis 2017,site1,train,site1/video8,66,q8_mask_center_5pct_v1,x=25%-75%; y=25%-75%,0.1385711730,>=0.05,yes
site1/train/video8frame067,EndoVis 2017,site1,train,site1/video8,67,q8_mask_center_5pct_v1,x=25%-75%; y=25%-75%,0.1236053482,>=0.05,yes
site1/train/video8frame068,EndoVis 2017,site1,train,site1/video8,68,q8_mask_center_5pct_v1,x=25%-75%; y=25%-75%,0.0841644257,>=0.05,yes
site1/train/video8frame069,EndoVis 2017,site1,train,site1/video8,69,q8_mask_center_5pct_v1,x=25%-75%; y=25%-75%,0.1080047637,>=0.05,yes
site1/train/video8frame070,EndoVis 2017,site1,train,site1/video8,70,q8_mask_center_5pct_v1,x=25%-75%; y=25%-75%,0.1017517075,>=0.05,yes
site1/train/video8frame071,EndoVis 2017,site1,train,site1/video8,71,q8_mask_center_5pct_v1,x=25%-75%; y=25%-75%,0.1138824448,>=0.05,yes
site1/train/video8frame072,EndoVis 2017,site1,train,site1/video8,72,q8_mask_center_5pct_v1,x=25%-75%; y=25%-75%,0.1136230454,>=0.05,yes
site1/train/video8frame073,EndoVis 2017,site1,train,site1/video8,73,q8_mask_center_5pct_v1,x=25%-75%; y=25%-75%,0.1052429229,>=0.05,yes
site1/train/video8frame074,EndoVis 2017,site1,train,site1/video8,74,q8_mask_center_5pct_v1,x=25%-75%; y=25%-75%,0.1258636415,>=0.05,yes
site1/train/video8frame075,EndoVis 2017,site1,train,site1/video8,75,q8_mask_center_5pct_v1,x=25%-75%; y=25%-75%,0.1119995117,>=0.05,yes
site1/train/video8frame076,EndoVis 2017,site1,train,site1/video8,76,q8_mask_center_5pct_v1,x=25%-75%; y=25%-75%,0.1454040557,>=0.05,yes
site1/train/video8frame077,EndoVis 2017,site1,train,site1/video8,77,q8_mask_center_5pct_v1,x=25%-75%; y=25%-75%,0.1000488251,>=0.05,yes
site1/train/video8frame078,EndoVis 2017,site1,train,site1/video8,78,q8_mask_center_5pct_v1,x=25%-75%; y=25%-75%,0.1474914551,>=0.05,yes
site1/train/video8frame079,EndoVis 2017,site1,train,site1/video8,79,q8_mask_center_5pct_v1,x=25%-75%; y=25%-75%,0.1416168213,>=0.05,yes
site1/train/video8frame080,EndoVis 2017,site1,train,site1/video8,80,q8_mask_center_5pct_v1,x=25%-75%; y=25%-75%,0.1097595245,>=0.05,yes
site1/train/video8frame081,EndoVis 2017,site1,train,site1/video8,81,q8_mask_center_5pct_v1,x=25%-75%; y=25%-75%,0.0792480484,>=0.05,yes
site1/train/video8frame082,EndoVis 2017,site1,train,site1/video8,82,q8_mask_center_5pct_v1,x=25%-75%; y=25%-75%,0.0955932587,>=0.05,yes
site1/train/video8frame083,EndoVis 2017,site1,train,site1/video8,83,q8_mask_center_5pct_v1,x=25%-75%; y=25%-75%,0.1030487046,>=0.05,yes
site1/train/video8frame084,EndoVis 2017,site1,train,site1/video8,84,q8_mask_center_5pct_v1,x=25%-75%; y=25%-75%,0.0982849151,>=0.05,yes
site1/train/video8frame085,EndoVis 2017,site1,train,site1/video8,85,q8_mask_center_5pct_v1,x=25%-75%; y=25%-75%,0.0998291001,>=0.05,yes
site1/train/video8frame086,EndoVis 2017,site1,train,site1/video8,86,q8_mask_center_5pct_v1,x=25%-75%; y=25%-75%,0.0974517837,>=0.05,yes
site1/train/video8frame087,EndoVis 2017,site1,train,site1/video8,87,q8_mask_center_5pct_v1,x=25%-75%; y=25%-75%,0.0896698013,>=0.05,yes
site1/train/video8frame088,EndoVis 2017,site1,train,site1/video8,88,q8_mask_center_5pct_v1,x=25%-75%; y=25%-75%,0.0808959976,>=0.05,yes
site1/train/video8frame089,EndoVis 2017,site1,train,site1/video8,89,q8_mask_center_5pct_v1,x=25%-75%; y=25%-75%,0.1019042954,>=0.05,yes
site1/train/video8frame090,EndoVis 2017,site1,train,site1/video8,90,q8_mask_center_5pct_v1,x=25%-75%; y=25%-75%,0.0779174790,>=0.05,yes
site1/train/video8frame091,EndoVis 2017,site1,train,site1/video8,91,q8_mask_center_5pct_v1,x=25%-75%; y=25%-75%,0.0861480683,>=0.05,yes
site1/train/video8frame092,EndoVis 2017,site1,train,site1/video8,92,q8_mask_center_5pct_v1,x=25%-75%; y=25%-75%,0.1379211396,>=0.05,yes
site1/train/video8frame093,EndoVis 2017,site1,train,site1/video8,93,q8_mask_center_5pct_v1,x=25%-75%; y=25%-75%,0.0929656997,>=0.05,yes
site1/train/video8frame094,EndoVis 2017,site1,train,site1/video8,94,q8_mask_center_5pct_v1,x=25%-75%; y=25%-75%,0.0593048111,>=0.05,yes
site1/train/video8frame095,EndoVis 2017,site1,train,site1/video8,95,q8_mask_center_5pct_v1,x=25%-75%; y=25%-75%,0.1123870835,>=0.05,yes
site1/train/video8frame096,EndoVis 2017,site1,train,site1/video8,96,q8_mask_center_5pct_v1,x=25%-75%; y=25%-75%,0.1143005341,>=0.05,yes
site1/train/video8frame097,EndoVis 2017,site1,train,site1/video8,97,q8_mask_center_5pct_v1,x=25%-75%; y=25%-75%,0.0846893340,>=0.05,yes
site1/train/video8frame098,EndoVis 2017,site1,train,site1/video8,98,q8_mask_center_5pct_v1,x=25%-75%; y=25%-75%,0.1247406006,>=0.05,yes
site1/train/video8frame099,EndoVis 2017,site1,train,site1/video8,99,q8_mask_center_5pct_v1,x=25%-75%; y=25%-75%,0.1330078095,>=0.05,yes
site1/train/video8frame100,EndoVis 2017,site1,train,site1/video8,100,q8_mask_center_5pct_v1,x=25%-75%; y=25%-75%,0.1231384277,>=0.05,yes
site1/train/video8frame101,EndoVis 2017,site1,train,site1/video8,101,q8_mask_center_5pct_v1,x=25%-75%; y=25%-75%,0.1383819580,>=0.05,yes
site1/train/video8frame102,EndoVis 2017,site1,train,site1/video8,102,q8_mask_center_5pct_v1,x=25%-75%; y=25%-75%,0.1080780029,>=0.05,yes
site1/train/video8frame103,EndoVis 2017,site1,train,site1/video8,103,q8_mask_center_5pct_v1,x=25%-75%; y=25%-75%,0.1222106963,>=0.05,yes
site1/train/video8frame104,EndoVis 2017,site1,train,site1/video8,104,q8_mask_center_5pct_v1,x=25%-75%; y=25%-75%,0.0962554961,>=0.05,yes
site1/train/video8frame105,EndoVis 2017,site1,train,site1/video8,105,q8_mask_center_5pct_v1,x=25%-75%; y=25%-75%,0.1006286591,>=0.05,yes
site1/train/video8frame106,EndoVis 2017,site1,train,site1/video8,106,q8_mask_center_5pct_v1,x=25%-75%; y=25%-75%,0.1550811827,>=0.05,yes
site1/train/video8frame107,EndoVis 2017,site1,train,site1/video8,107,q8_mask_center_5pct_v1,x=25%-75%; y=25%-75%,0.0876983628,>=0.05,yes
site1/train/video8frame108,EndoVis 2017,site1,train,site1/video8,108,q8_mask_center_5pct_v1,x=25%-75%; y=25%-75%,0.1118164062,>=0.05,yes
site1/train/video8frame109,EndoVis 2017,site1,train,site1/video8,109,q8_mask_center_5pct_v1,x=25%-75%; y=25%-75%,0.1330261230,>=0.05,yes
site1/train/video8frame110,EndoVis 2017,site1,train,site1/video8,110,q8_mask_center_5pct_v1,x=25%-75%; y=25%-75%,0.1087829620,>=0.05,yes
site1/train/video8frame111,EndoVis 2017,site1,train,site1/video8,111,q8_mask_center_5pct_v1,x=25%-75%; y=25%-75%,0.1538635194,>=0.05,yes
site1/train/video8frame112,EndoVis 2017,site1,train,site1/video8,112,q8_mask_center_5pct_v1,x=25%-75%; y=25%-75%,0.1193634048,>=0.05,yes
site1/train/video8frame113,EndoVis 2017,site1,train,site1/video8,113,q8_mask_center_5pct_v1,x=25%-75%; y=25%-75%,0.1715576202,>=0.05,yes
site1/train/video8frame114,EndoVis 2017,site1,train,site1/video8,114,q8_mask_center_5pct_v1,x=25%-75%; y=25%-75%,0.1610778868,>=0.05,yes
site1/train/video8frame115,EndoVis 2017,site1,train,site1/video8,115,q8_mask_center_5pct_v1,x=25%-75%; y=25%-75%,0.1345092803,>=0.05,yes
site1/train/video8frame116,EndoVis 2017,site1,train,site1/video8,116,q8_mask_center_5pct_v1,x=25%-75%; y=25%-75%,0.1706115752,>=0.05,yes
site1/train/video8frame117,EndoVis 2017,site1,train,site1/video8,117,q8_mask_center_5pct_v1,x=25%-75%; y=25%-75%,0.1524200439,>=0.05,yes
site1/train/video8frame118,EndoVis 2017,site1,train,site1/video8,118,q8_mask_center_5pct_v1,x=25%-75%; y=25%-75%,0.1639892608,>=0.05,yes
site1/train/video8frame119,EndoVis 2017,site1,train,site1/video8,119,q8_mask_center_5pct_v1,x=25%-75%; y=25%-75%,0.1048004180,>=0.05,yes
site1/train/video8frame120,EndoVis 2017,site1,train,site1/video8,120,q8_mask_center_5pct_v1,x=25%-75%; y=25%-75%,0.1045684814,>=0.05,yes
site1/train/video8frame121,EndoVis 2017,site1,train,site1/video8,121,q8_mask_center_5pct_v1,x=25%-75%; y=25%-75%,0.0813293457,>=0.05,yes
site1/train/video8frame122,EndoVis 2017,site1,train,site1/video8,122,q8_mask_center_5pct_v1,x=25%-75%; y=25%-75%,0.1387512237,>=0.05,yes
site1/train/video8frame123,EndoVis 2017,site1,train,site1/video8,123,q8_mask_center_5pct_v1,x=25%-75%; y=25%-75%,0.1361999512,>=0.05,yes
site1/train/video8frame124,EndoVis 2017,site1,train,site1/video8,124,q8_mask_center_5pct_v1,x=25%-75%; y=25%-75%,0.1527465880,>=0.05,yes
site1/train/video8frame125,EndoVis 2017,site1,train,site1/video8,125,q8_mask_center_5pct_v1,x=25%-75%; y=25%-75%,0.1442199647,>=0.05,yes
site1/train/video8frame126,EndoVis 2017,site1,train,site1/video8,126,q8_mask_center_5pct_v1,x=25%-75%; y=25%-75%,0.1543609649,>=0.05,yes
site1/train/video8frame127,EndoVis 2017,site1,train,site1/video8,127,q8_mask_center_5pct_v1,x=25%-75%; y=25%-75%,0.1185607910,>=0.05,yes
site1/train/video8frame128,EndoVis 2017,site1,train,site1/video8,128,q8_mask_center_5pct_v1,x=25%-75%; y=25%-75%,0.1455932558,>=0.05,yes
site1/train/video8frame129,EndoVis 2017,site1,train,site1/video8,129,q8_mask_center_5pct_v1,x=25%-75%; y=25%-75%,0.1161712632,>=0.05,yes
site1/train/video8frame130,EndoVis 2017,site1,train,site1/video8,130,q8_mask_center_5pct_v1,x=25%-75%; y=25%-75%,0.1577148438,>=0.05,yes
site1/train/video8frame131,EndoVis 2017,site1,train,site1/video8,131,q8_mask_center_5pct_v1,x=25%-75%; y=25%-75%,0.0976440459,>=0.05,yes
site1/train/video8frame132,EndoVis 2017,site1,train,site1/video8,132,q8_mask_center_5pct_v1,x=25%-75%; y=25%-75%,0.1727966368,>=0.05,yes
site1/train/video8frame133,EndoVis 2017,site1,train,site1/video8,133,q8_mask_center_5pct_v1,x=25%-75%; y=25%-75%,0.1711517274,>=0.05,yes
site1/train/video8frame134,EndoVis 2017,site1,train,site1/video8,134,q8_mask_center_5pct_v1,x=25%-75%; y=25%-75%,0.1577514708,>=0.05,yes
site1/train/video8frame135,EndoVis 2017,site1,train,site1/video8,135,q8_mask_center_5pct_v1,x=25%-75%; y=25%-75%,0.0570007339,>=0.05,yes
site1/train/video8frame136,EndoVis 2017,site1,train,site1/video8,136,q8_mask_center_5pct_v1,x=25%-75%; y=25%-75%,0.1150878891,>=0.05,yes
site1/train/video8frame137,EndoVis 2017,site1,train,site1/video8,137,q8_mask_center_5pct_v1,x=25%-75%; y=25%-75%,0.1362701356,>=0.05,yes
site1/train/video8frame138,EndoVis 2017,site1,train,site1/video8,138,q8_mask_center_5pct_v1,x=25%-75%; y=25%-75%,0.0750244111,>=0.05,yes
site1/train/video8frame139,EndoVis 2017,site1,train,site1/video8,139,q8_mask_center_5pct_v1,x=25%-75%; y=25%-75%,0.0608306900,>=0.05,yes
site1/train/video8frame140,EndoVis 2017,site1,train,site1/video8,140,q8_mask_center_5pct_v1,x=25%-75%; y=25%-75%,0.2213348448,>=0.05,yes
site1/train/video8frame141,EndoVis 2017,site1,train,site1/video8,141,q8_mask_center_5pct_v1,x=25%-75%; y=25%-75%,0.2389984131,>=0.05,yes
site1/train/video8frame142,EndoVis 2017,site1,train,site1/video8,142,q8_mask_center_5pct_v1,x=25%-75%; y=25%-75%,0.2215728760,>=0.05,yes
site1/train/video8frame143,EndoVis 2017,site1,train,site1/video8,143,q8_mask_center_5pct_v1,x=25%-75%; y=25%-75%,0.2184081972,>=0.05,yes
site1/train/video8frame144,EndoVis 2017,site1,train,site1/video8,144,q8_mask_center_5pct_v1,x=25%-75%; y=25%-75%,0.2059020996,>=0.05,yes
site1/train/video8frame145,EndoVis 2017,site1,train,site1/video8,145,q8_mask_center_5pct_v1,x=25%-75%; y=25%-75%,0.0133911129,>=0.05,no
site1/train/video8frame146,EndoVis 2017,site1,train,site1/video8,146,q8_mask_center_5pct_v1,x=25%-75%; y=25%-75%,0.1747283936,>=0.05,yes
site1/train/video8frame147,EndoVis 2017,site1,train,site1/video8,147,q8_mask_center_5pct_v1,x=25%-75%; y=25%-75%,0.1927459687,>=0.05,yes
site1/train/video8frame148,EndoVis 2017,site1,train,site1/video8,148,q8_mask_center_5pct_v1,x=25%-75%; y=25%-75%,0.2351379395,>=0.05,yes
site1/train/video8frame149,EndoVis 2017,site1,train,site1/video8,149,q8_mask_center_5pct_v1,x=25%-75%; y=25%-75%,0.2298309356,>=0.05,yes
site1/train/video8frame150,EndoVis 2017,site1,train,site1/video8,150,q8_mask_center_5pct_v1,x=25%-75%; y=25%-75%,0.2296356261,>=0.05,yes
site1/train/video8frame151,EndoVis 2017,site1,train,site1/video8,151,q8_mask_center_5pct_v1,x=25%-75%; y=25%-75%,0.2298339903,>=0.05,yes
site1/train/video8frame152,EndoVis 2017,site1,train,site1/video8,152,q8_mask_center_5pct_v1,x=25%-75%; y=25%-75%,0.1913482696,>=0.05,yes
site1/train/video8frame153,EndoVis 2017,site1,train,site1/video8,153,q8_mask_center_5pct_v1,x=25%-75%; y=25%-75%,0.1861724854,>=0.05,yes
site1/train/video8frame154,EndoVis 2017,site1,train,site1/video8,154,q8_mask_center_5pct_v1,x=25%-75%; y=25%-75%,0.1314910948,>=0.05,yes
site1/train/video8frame155,EndoVis 2017,site1,train,site1/video8,155,q8_mask_center_5pct_v1,x=25%-75%; y=25%-75%,0.2338409424,>=0.05,yes
site1/train/video8frame156,EndoVis 2017,site1,train,site1/video8,156,q8_mask_center_5pct_v1,x=25%-75%; y=25%-75%,0.2557098269,>=0.05,yes
site1/train/video8frame157,EndoVis 2017,site1,train,site1/video8,157,q8_mask_center_5pct_v1,x=25%-75%; y=25%-75%,0.2651916444,>=0.05,yes
site1/train/video8frame158,EndoVis 2017,site1,train,site1/video8,158,q8_mask_center_5pct_v1,x=25%-75%; y=25%-75%,0.0847320557,>=0.05,yes
site1/train/video8frame159,EndoVis 2017,site1,train,site1/video8,159,q8_mask_center_5pct_v1,x=25%-75%; y=25%-75%,0.1141113266,>=0.05,yes
site1/train/video8frame160,EndoVis 2017,site1,train,site1/video8,160,q8_mask_center_5pct_v1,x=25%-75%; y=25%-75%,0.1191497818,>=0.05,yes
site1/train/video8frame161,EndoVis 2017,site1,train,site1/video8,161,q8_mask_center_5pct_v1,x=25%-75%; y=25%-75%,0.1254608184,>=0.05,yes
site1/train/video8frame162,EndoVis 2017,site1,train,site1/video8,162,q8_mask_center_5pct_v1,x=25%-75%; y=25%-75%,0.1491882354,>=0.05,yes
site1/train/video8frame163,EndoVis 2017,site1,train,site1/video8,163,q8_mask_center_5pct_v1,x=25%-75%; y=25%-75%,0.0706298798,>=0.05,yes
site1/train/video8frame164,EndoVis 2017,site1,train,site1/video8,164,q8_mask_center_5pct_v1,x=25%-75%; y=25%-75%,0.0679840073,>=0.05,yes
site1/train/video8frame165,EndoVis 2017,site1,train,site1/video8,165,q8_mask_center_5pct_v1,x=25%-75%; y=25%-75%,0.0724029541,>=0.05,yes
site1/train/video8frame166,EndoVis 2017,site1,train,site1/video8,166,q8_mask_center_5pct_v1,x=25%-75%; y=25%-75%,0.0720001236,>=0.05,yes
site1/train/video8frame167,EndoVis 2017,site1,train,site1/video8,167,q8_mask_center_5pct_v1,x=25%-75%; y=25%-75%,0.0860870332,>=0.05,yes
site1/train/video8frame168,EndoVis 2017,site1,train,site1/video8,168,q8_mask_center_5pct_v1,x=25%-75%; y=25%-75%,0.1105285659,>=0.05,yes
site1/train/video8frame169,EndoVis 2017,site1,train,site1/video8,169,q8_mask_center_5pct_v1,x=25%-75%; y=25%-75%,0.1003845185,>=0.05,yes
site1/train/video8frame170,EndoVis 2017,site1,train,site1/video8,170,q8_mask_center_5pct_v1,x=25%-75%; y=25%-75%,0.1309600770,>=0.05,yes
site1/train/video8frame171,EndoVis 2017,site1,train,site1/video8,171,q8_mask_center_5pct_v1,x=25%-75%; y=25%-75%,0.0671112090,>=0.05,yes
site1/train/video8frame172,EndoVis 2017,site1,train,site1/video8,172,q8_mask_center_5pct_v1,x=25%-75%; y=25%-75%,0.1211486831,>=0.05,yes
site1/train/video8frame173,EndoVis 2017,site1,train,site1/video8,173,q8_mask_center_5pct_v1,x=25%-75%; y=25%-75%,0.1387695372,>=0.05,yes
site1/train/video8frame174,EndoVis 2017,site1,train,site1/video8,174,q8_mask_center_5pct_v1,x=25%-75%; y=25%-75%,0.0658233613,>=0.05,yes
site1/train/video8frame175,EndoVis 2017,site1,train,site1/video8,175,q8_mask_center_5pct_v1,x=25%-75%; y=25%-75%,0.1117156968,>=0.05,yes
site1/train/video8frame176,EndoVis 2017,site1,train,site1/video8,176,q8_mask_center_5pct_v1,x=25%-75%; y=25%-75%,0.1267669648,>=0.05,yes
site1/train/video8frame177,EndoVis 2017,site1,train,site1/video8,177,q8_mask_center_5pct_v1,x=25%-75%; y=25%-75%,0.1127014160,>=0.05,yes
site1/train/video8frame178,EndoVis 2017,site1,train,site1/video8,178,q8_mask_center_5pct_v1,x=25%-75%; y=25%-75%,0.0872894302,>=0.05,yes
site1/train/video8frame179,EndoVis 2017,site1,train,site1/video8,179,q8_mask_center_5pct_v1,x=25%-75%; y=25%-75%,0.1097045913,>=0.05,yes
site1/train/video8frame180,EndoVis 2017,site1,train,site1/video8,180,q8_mask_center_5pct_v1,x=25%-75%; y=25%-75%,0.1395812929,>=0.05,yes
site1/train/video8frame181,EndoVis 2017,site1,train,site1/video8,181,q8_mask_center_5pct_v1,x=25%-75%; y=25%-75%,0.1117065400,>=0.05,yes
site1/train/video8frame182,EndoVis 2017,site1,train,site1/video8,182,q8_mask_center_5pct_v1,x=25%-75%; y=25%-75%,0.0952697769,>=0.05,yes
site1/train/video8frame183,EndoVis 2017,site1,train,site1/video8,183,q8_mask_center_5pct_v1,x=25%-75%; y=25%-75%,0.1228515655,>=0.05,yes
site1/train/video8frame184,EndoVis 2017,site1,train,site1/video8,184,q8_mask_center_5pct_v1,x=25%-75%; y=25%-75%,0.0545013435,>=0.05,yes
site1/train/video8frame185,EndoVis 2017,site1,train,site1/video8,185,q8_mask_center_5pct_v1,x=25%-75%; y=25%-75%,0.1046905518,>=0.05,yes
site1/train/video8frame186,EndoVis 2017,site1,train,site1/video8,186,q8_mask_center_5pct_v1,x=25%-75%; y=25%-75%,0.0835388154,>=0.05,yes
site1/train/video8frame187,EndoVis 2017,site1,train,site1/video8,187,q8_mask_center_5pct_v1,x=25%-75%; y=25%-75%,0.0556945801,>=0.05,yes
site1/train/video8frame188,EndoVis 2017,site1,train,site1/video8,188,q8_mask_center_5pct_v1,x=25%-75%; y=25%-75%,0.0873474106,>=0.05,yes
site1/train/video8frame189,EndoVis 2017,site1,train,site1/video8,189,q8_mask_center_5pct_v1,x=25%-75%; y=25%-75%,0.0930969268,>=0.05,yes
site1/train/video8frame190,EndoVis 2017,site1,train,site1/video8,190,q8_mask_center_5pct_v1,x=25%-75%; y=25%-75%,0.1928466856,>=0.05,yes
site1/train/video8frame191,EndoVis 2017,site1,train,site1/video8,191,q8_mask_center_5pct_v1,x=25%-75%; y=25%-75%,0.0757141113,>=0.05,yes
site1/train/video8frame192,EndoVis 2017,site1,train,site1/video8,192,q8_mask_center_5pct_v1,x=25%-75%; y=25%-75%,0.1297027618,>=0.05,yes
site1/train/video8frame193,EndoVis 2017,site1,train,site1/video8,193,q8_mask_center_5pct_v1,x=25%-75%; y=25%-75%,0.1715545654,>=0.05,yes
site1/train/video8frame194,EndoVis 2017,site1,train,site1/video8,194,q8_mask_center_5pct_v1,x=25%-75%; y=25%-75%,0.1987701356,>=0.05,yes
site1/train/video8frame195,EndoVis 2017,site1,train,site1/video8,195,q8_mask_center_5pct_v1,x=25%-75%; y=25%-75%,0.1713897735,>=0.05,yes
site1/train/video8frame196,EndoVis 2017,site1,train,site1/video8,196,q8_mask_center_5pct_v1,x=25%-75%; y=25%-75%,0.2271545380,>=0.05,yes
site1/train/video8frame197,EndoVis 2017,site1,train,site1/video8,197,q8_mask_center_5pct_v1,x=25%-75%; y=25%-75%,0.2247924805,>=0.05,yes
site1/train/video8frame198,EndoVis 2017,site1,train,site1/video8,198,q8_mask_center_5pct_v1,x=25%-75%; y=25%-75%,0.1409668028,>=0.05,yes
site1/train/video8frame199,EndoVis 2017,site1,train,site1/video8,199,q8_mask_center_5pct_v1,x=25%-75%; y=25%-75%,0.1705108583,>=0.05,yes
site1/train/video8frame200,EndoVis 2017,site1,train,site1/video8,200,q8_mask_center_5pct_v1,x=25%-75%; y=25%-75%,0.1733947694,>=0.05,yes
site1/train/video8frame201,EndoVis 2017,site1,train,site1/video8,201,q8_mask_center_5pct_v1,x=25%-75%; y=25%-75%,0.1520660371,>=0.05,yes
site1/train/video8frame202,EndoVis 2017,site1,train,site1/video8,202,q8_mask_center_5pct_v1,x=25%-75%; y=25%-75%,0.1789642274,>=0.05,yes
site1/train/video8frame203,EndoVis 2017,site1,train,site1/video8,203,q8_mask_center_5pct_v1,x=25%-75%; y=25%-75%,0.1207672134,>=0.05,yes
site1/train/video8frame204,EndoVis 2017,site1,train,site1/video8,204,q8_mask_center_5pct_v1,x=25%-75%; y=25%-75%,0.1265594512,>=0.05,yes
site1/train/video8frame205,EndoVis 2017,site1,train,site1/video8,205,q8_mask_center_5pct_v1,x=25%-75%; y=25%-75%,0.1845153868,>=0.05,yes
site1/train/video8frame206,EndoVis 2017,site1,train,site1/video8,206,q8_mask_center_5pct_v1,x=25%-75%; y=25%-75%,0.1918823272,>=0.05,yes
site1/train/video8frame207,EndoVis 2017,site1,train,site1/video8,207,q8_mask_center_5pct_v1,x=25%-75%; y=25%-75%,0.1740905792,>=0.05,yes
site1/train/video8frame208,EndoVis 2017,site1,train,site1/video8,208,q8_mask_center_5pct_v1,x=25%-75%; y=25%-75%,0.1123321503,>=0.05,yes
site1/train/video8frame209,EndoVis 2017,site1,train,site1/video8,209,q8_mask_center_5pct_v1,x=25%-75%; y=25%-75%,0.1159301773,>=0.05,yes
site1/train/video8frame210,EndoVis 2017,site1,train,site1/video8,210,q8_mask_center_5pct_v1,x=25%-75%; y=25%-75%,0.1017547622,>=0.05,yes
site1/train/video8frame211,EndoVis 2017,site1,train,site1/video8,211,q8_mask_center_5pct_v1,x=25%-75%; y=25%-75%,0.1125244126,>=0.05,yes
site1/train/video8frame212,EndoVis 2017,site1,train,site1/video8,212,q8_mask_center_5pct_v1,x=25%-75%; y=25%-75%,0.1034027115,>=0.05,yes
site1/train/video8frame213,EndoVis 2017,site1,train,site1/video8,213,q8_mask_center_5pct_v1,x=25%-75%; y=25%-75%,0.0969818085,>=0.05,yes
site1/train/video8frame214,EndoVis 2017,site1,train,site1/video8,214,q8_mask_center_5pct_v1,x=25%-75%; y=25%-75%,0.1078399643,>=0.05,yes
site1/train/video8frame215,EndoVis 2017,site1,train,site1/video8,215,q8_mask_center_5pct_v1,x=25%-75%; y=25%-75%,0.1076812744,>=0.05,yes
site1/train/video8frame216,EndoVis 2017,site1,train,site1/video8,216,q8_mask_center_5pct_v1,x=25%-75%; y=25%-75%,0.1078552231,>=0.05,yes
site1/train/video8frame217,EndoVis 2017,site1,train,site1/video8,217,q8_mask_center_5pct_v1,x=25%-75%; y=25%-75%,0.0965148956,>=0.05,yes
site1/train/video8frame218,EndoVis 2017,site1,train,site1/video8,218,q8_mask_center_5pct_v1,x=25%-75%; y=25%-75%,0.1989990175,>=0.05,yes
site1/train/video8frame219,EndoVis 2017,site1,train,site1/video8,219,q8_mask_center_5pct_v1,x=25%-75%; y=25%-75%,0.1812408417,>=0.05,yes
site1/train/video8frame220,EndoVis 2017,site1,train,site1/video8,220,q8_mask_center_5pct_v1,x=25%-75%; y=25%-75%,0.2497833222,>=0.05,yes
site1/train/video8frame221,EndoVis 2017,site1,train,site1/video8,221,q8_mask_center_5pct_v1,x=25%-75%; y=25%-75%,0.2473480254,>=0.05,yes
site1/train/video8frame222,EndoVis 2017,site1,train,site1/video8,222,q8_mask_center_5pct_v1,x=25%-75%; y=25%-75%,0.2429962158,>=0.05,yes
site1/train/video8frame223,EndoVis 2017,site1,train,site1/video8,223,q8_mask_center_5pct_v1,x=25%-75%; y=25%-75%,0.2310516387,>=0.05,yes
site1/train/video8frame224,EndoVis 2017,site1,train,site1/video8,224,q8_mask_center_5pct_v1,x=25%-75%; y=25%-75%,0.2253570557,>=0.05,yes
site1/test/video10frame000,EndoVis 2017,site1,test,site1/video10,0,q8_mask_center_5pct_v1,x=25%-75%; y=25%-75%,0.2733564675,>=0.05,yes
site1/test/video10frame001,EndoVis 2017,site1,test,site1/video10,1,q8_mask_center_5pct_v1,x=25%-75%; y=25%-75%,0.2733989060,>=0.05,yes
site1/test/video10frame002,EndoVis 2017,site1,test,site1/video10,2,q8_mask_center_5pct_v1,x=25%-75%; y=25%-75%,0.3026967645,>=0.05,yes
site1/test/video10frame003,EndoVis 2017,site1,test,site1/video10,3,q8_mask_center_5pct_v1,x=25%-75%; y=25%-75%,0.1154687479,>=0.05,yes
site1/test/video10frame004,EndoVis 2017,site1,test,site1/video10,4,q8_mask_center_5pct_v1,x=25%-75%; y=25%-75%,0.0938329473,>=0.05,yes
site1/test/video10frame005,EndoVis 2017,site1,test,site1/video10,5,q8_mask_center_5pct_v1,x=25%-75%; y=25%-75%,0.0741030127,>=0.05,yes
site1/test/video10frame006,EndoVis 2017,site1,test,site1/video10,6,q8_mask_center_5pct_v1,x=25%-75%; y=25%-75%,0.0884374976,>=0.05,yes
site1/test/video10frame007,EndoVis 2017,site1,test,site1/video10,7,q8_mask_center_5pct_v1,x=25%-75%; y=25%-75%,0.0657600313,>=0.05,yes
site1/test/video10frame008,EndoVis 2017,site1,test,site1/video10,8,q8_mask_center_5pct_v1,x=25%-75%; y=25%-75%,0.2106925100,>=0.05,yes
site1/test/video10frame009,EndoVis 2017,site1,test,site1/video10,9,q8_mask_center_5pct_v1,x=25%-75%; y=25%-75%,0.2098784745,>=0.05,yes
site1/test/video10frame010,EndoVis 2017,site1,test,site1/video10,10,q8_mask_center_5pct_v1,x=25%-75%; y=25%-75%,0.2166782469,>=0.05,yes
site1/test/video10frame011,EndoVis 2017,site1,test,site1/video10,11,q8_mask_center_5pct_v1,x=25%-75%; y=25%-75%,0.2397993803,>=0.05,yes
site1/test/video10frame012,EndoVis 2017,site1,test,site1/video10,12,q8_mask_center_5pct_v1,x=25%-75%; y=25%-75%,0.1418152004,>=0.05,yes
site1/test/video10frame013,EndoVis 2017,site1,test,site1/video10,13,q8_mask_center_5pct_v1,x=25%-75%; y=25%-75%,0.0980439782,>=0.05,yes
site1/test/video10frame014,EndoVis 2017,site1,test,site1/video10,14,q8_mask_center_5pct_v1,x=25%-75%; y=25%-75%,0.1496161222,>=0.05,yes
site1/test/video10frame015,EndoVis 2017,site1,test,site1/video10,15,q8_mask_center_5pct_v1,x=25%-75%; y=25%-75%,0.2377372682,>=0.05,yes
site1/test/video10frame016,EndoVis 2017,site1,test,site1/video10,16,q8_mask_center_5pct_v1,x=25%-75%; y=25%-75%,0.2706828713,>=0.05,yes
site1/test/video10frame017,EndoVis 2017,site1,test,site1/video10,17,q8_mask_center_5pct_v1,x=25%-75%; y=25%-75%,0.2424112707,>=0.05,yes
site1/test/video10frame018,EndoVis 2017,site1,test,site1/video10,18,q8_mask_center_5pct_v1,x=25%-75%; y=25%-75%,0.2432079464,>=0.05,yes
site1/test/video10frame019,EndoVis 2017,site1,test,site1/video10,19,q8_mask_center_5pct_v1,x=25%-75%; y=25%-75%,0.2685744464,>=0.05,yes
site1/test/video10frame020,EndoVis 2017,site1,test,site1/video10,20,q8_mask_center_5pct_v1,x=25%-75%; y=25%-75%,0.3405343294,>=0.05,yes
site1/test/video10frame021,EndoVis 2017,site1,test,site1/video10,21,q8_mask_center_5pct_v1,x=25%-75%; y=25%-75%,0.2414120436,>=0.05,yes
site1/test/video10frame022,EndoVis 2017,site1,test,site1/video10,22,q8_mask_center_5pct_v1,x=25%-75%; y=25%-75%,0.2533622682,>=0.05,yes
site1/test/video10frame023,EndoVis 2017,site1,test,site1/video10,23,q8_mask_center_5pct_v1,x=25%-75%; y=25%-75%,0.2554494739,>=0.05,yes
site1/test/video10frame024,EndoVis 2017,site1,test,site1/video10,24,q8_mask_center_5pct_v1,x=25%-75%; y=25%-75%,0.2406558692,>=0.05,yes
site1/test/video10frame025,EndoVis 2017,site1,test,site1/video10,25,q8_mask_center_5pct_v1,x=25%-75%; y=25%-75%,0.2748302519,>=0.05,yes
site1/test/video10frame026,EndoVis 2017,site1,test,site1/video10,26,q8_mask_center_5pct_v1,x=25%-75%; y=25%-75%,0.2833777070,>=0.05,yes
site1/test/video10frame027,EndoVis 2017,site1,test,site1/video10,27,q8_mask_center_5pct_v1,x=25%-75%; y=25%-75%,0.2937152684,>=0.05,yes
site1/test/video10frame028,EndoVis 2017,site1,test,site1/video10,28,q8_mask_center_5pct_v1,x=25%-75%; y=25%-75%,0.2235281616,>=0.05,yes
site1/test/video10frame029,EndoVis 2017,site1,test,site1/video10,29,q8_mask_center_5pct_v1,x=25%-75%; y=25%-75%,0.3004320860,>=0.05,yes
site1/test/video10frame030,EndoVis 2017,site1,test,site1/video10,30,q8_mask_center_5pct_v1,x=25%-75%; y=25%-75%,0.1651041657,>=0.05,yes
site1/test/video10frame031,EndoVis 2017,site1,test,site1/video10,31,q8_mask_center_5pct_v1,x=25%-75%; y=25%-75%,0.2453742325,>=0.05,yes
site1/test/video10frame032,EndoVis 2017,site1,test,site1/video10,32,q8_mask_center_5pct_v1,x=25%-75%; y=25%-75%,0.1581211388,>=0.05,yes
site1/test/video10frame033,EndoVis 2017,site1,test,site1/video10,33,q8_mask_center_5pct_v1,x=25%-75%; y=25%-75%,0.2750231624,>=0.05,yes
site1/test/video10frame034,EndoVis 2017,site1,test,site1/video10,34,q8_mask_center_5pct_v1,x=25%-75%; y=25%-75%,0.2753857970,>=0.05,yes
site1/test/video10frame035,EndoVis 2017,site1,test,site1/video10,35,q8_mask_center_5pct_v1,x=25%-75%; y=25%-75%,0.1807098836,>=0.05,yes
site1/test/video10frame036,EndoVis 2017,site1,test,site1/video10,36,q8_mask_center_5pct_v1,x=25%-75%; y=25%-75%,0.2456134260,>=0.05,yes
site1/test/video10frame037,EndoVis 2017,site1,test,site1/video10,37,q8_mask_center_5pct_v1,x=25%-75%; y=25%-75%,0.2381288558,>=0.05,yes
site1/test/video10frame038,EndoVis 2017,site1,test,site1/video10,38,q8_mask_center_5pct_v1,x=25%-75%; y=25%-75%,0.1423553228,>=0.05,yes
site1/test/video10frame039,EndoVis 2017,site1,test,site1/video10,39,q8_mask_center_5pct_v1,x=25%-75%; y=25%-75%,0.1961631924,>=0.05,yes
site1/test/video10frame040,EndoVis 2017,site1,test,site1/video10,40,q8_mask_center_5pct_v1,x=25%-75%; y=25%-75%,0.1653279364,>=0.05,yes
site1/test/video10frame041,EndoVis 2017,site1,test,site1/video10,41,q8_mask_center_5pct_v1,x=25%-75%; y=25%-75%,0.1872704476,>=0.05,yes
site1/test/video10frame042,EndoVis 2017,site1,test,site1/video10,42,q8_mask_center_5pct_v1,x=25%-75%; y=25%-75%,0.1822434366,>=0.05,yes
site1/test/video10frame043,EndoVis 2017,site1,test,site1/video10,43,q8_mask_center_5pct_v1,x=25%-75%; y=25%-75%,0.2041145861,>=0.05,yes
site1/test/video10frame044,EndoVis 2017,site1,test,site1/video10,44,q8_mask_center_5pct_v1,x=25%-75%; y=25%-75%,0.2055111825,>=0.05,yes
site1/test/video10frame045,EndoVis 2017,site1,test,site1/video10,45,q8_mask_center_5pct_v1,x=25%-75%; y=25%-75%,0.2204629630,>=0.05,yes
site1/test/video10frame046,EndoVis 2017,site1,test,site1/video10,46,q8_mask_center_5pct_v1,x=25%-75%; y=25%-75%,0.2101485282,>=0.05,yes
site1/test/video10frame047,EndoVis 2017,site1,test,site1/video10,47,q8_mask_center_5pct_v1,x=25%-75%; y=25%-75%,0.2504012287,>=0.05,yes
site1/test/video10frame048,EndoVis 2017,site1,test,site1/video10,48,q8_mask_center_5pct_v1,x=25%-75%; y=25%-75%,0.2424324900,>=0.05,yes
site1/test/video10frame049,EndoVis 2017,site1,test,site1/video10,49,q8_mask_center_5pct_v1,x=25%-75%; y=25%-75%,0.2867978513,>=0.05,yes
site1/test/video10frame050,EndoVis 2017,site1,test,site1/video10,50,q8_mask_center_5pct_v1,x=25%-75%; y=25%-75%,0.2724363506,>=0.05,yes
site1/test/video10frame051,EndoVis 2017,site1,test,site1/video10,51,q8_mask_center_5pct_v1,x=25%-75%; y=25%-75%,0.2729417384,>=0.05,yes
site1/test/video10frame052,EndoVis 2017,site1,test,site1/video10,52,q8_mask_center_5pct_v1,x=25%-75%; y=25%-75%,0.3329899609,>=0.05,yes
site1/test/video10frame053,EndoVis 2017,site1,test,site1/video10,53,q8_mask_center_5pct_v1,x=25%-75%; y=25%-75%,0.2645080984,>=0.05,yes
site1/test/video10frame054,EndoVis 2017,site1,test,site1/video10,54,q8_mask_center_5pct_v1,x=25%-75%; y=25%-75%,0.2017824054,>=0.05,yes
site1/test/video10frame055,EndoVis 2017,site1,test,site1/video10,55,q8_mask_center_5pct_v1,x=25%-75%; y=25%-75%,0.0236111116,>=0.05,no
site1/test/video10frame056,EndoVis 2017,site1,test,site1/video10,56,q8_mask_center_5pct_v1,x=25%-75%; y=25%-75%,0.0000000000,>=0.05,no
site1/test/video10frame057,EndoVis 2017,site1,test,site1/video10,57,q8_mask_center_5pct_v1,x=25%-75%; y=25%-75%,0.0000000000,>=0.05,no
site1/test/video10frame058,EndoVis 2017,site1,test,site1/video10,58,q8_mask_center_5pct_v1,x=25%-75%; y=25%-75%,0.0984008461,>=0.05,yes
site1/test/video10frame059,EndoVis 2017,site1,test,site1/video10,59,q8_mask_center_5pct_v1,x=25%-75%; y=25%-75%,0.0554301701,>=0.05,yes
site1/test/video10frame060,EndoVis 2017,site1,test,site1/video10,60,q8_mask_center_5pct_v1,x=25%-75%; y=25%-75%,0.0277391970,>=0.05,no
site1/test/video10frame061,EndoVis 2017,site1,test,site1/video10,61,q8_mask_center_5pct_v1,x=25%-75%; y=25%-75%,0.3056944311,>=0.05,yes
site1/test/video10frame062,EndoVis 2017,site1,test,site1/video10,62,q8_mask_center_5pct_v1,x=25%-75%; y=25%-75%,0.1617515385,>=0.05,yes
site1/test/video10frame063,EndoVis 2017,site1,test,site1/video10,63,q8_mask_center_5pct_v1,x=25%-75%; y=25%-75%,0.1464930624,>=0.05,yes
site1/test/video10frame064,EndoVis 2017,site1,test,site1/video10,64,q8_mask_center_5pct_v1,x=25%-75%; y=25%-75%,0.1449710578,>=0.05,yes
site1/test/video10frame065,EndoVis 2017,site1,test,site1/video10,65,q8_mask_center_5pct_v1,x=25%-75%; y=25%-75%,0.2175347209,>=0.05,yes
site1/test/video10frame066,EndoVis 2017,site1,test,site1/video10,66,q8_mask_center_5pct_v1,x=25%-75%; y=25%-75%,0.1847608089,>=0.05,yes
site1/test/video10frame067,EndoVis 2017,site1,test,site1/video10,67,q8_mask_center_5pct_v1,x=25%-75%; y=25%-75%,0.2540605664,>=0.05,yes
site1/test/video10frame068,EndoVis 2017,site1,test,site1/video10,68,q8_mask_center_5pct_v1,x=25%-75%; y=25%-75%,0.2199787796,>=0.05,yes
site1/test/video10frame069,EndoVis 2017,site1,test,site1/video10,69,q8_mask_center_5pct_v1,x=25%-75%; y=25%-75%,0.1419097185,>=0.05,yes
site1/test/video10frame070,EndoVis 2017,site1,test,site1/video10,70,q8_mask_center_5pct_v1,x=25%-75%; y=25%-75%,0.1214969158,>=0.05,yes
site1/test/video10frame071,EndoVis 2017,site1,test,site1/video10,71,q8_mask_center_5pct_v1,x=25%-75%; y=25%-75%,0.1763329506,>=0.05,yes
site1/test/video10frame072,EndoVis 2017,site1,test,site1/video10,72,q8_mask_center_5pct_v1,x=25%-75%; y=25%-75%,0.2108063251,>=0.05,yes
site1/test/video10frame073,EndoVis 2017,site1,test,site1/video10,73,q8_mask_center_5pct_v1,x=25%-75%; y=25%-75%,0.1671952158,>=0.05,yes
site1/test/video10frame074,EndoVis 2017,site1,test,site1/video10,74,q8_mask_center_5pct_v1,x=25%-75%; y=25%-75%,0.1920428276,>=0.05,yes
site1/test/video10frame075,EndoVis 2017,site1,test,site1/video10,75,q8_mask_center_5pct_v1,x=25%-75%; y=25%-75%,0.2179398090,>=0.05,yes
site1/test/video10frame076,EndoVis 2017,site1,test,site1/video10,76,q8_mask_center_5pct_v1,x=25%-75%; y=25%-75%,0.2153780907,>=0.05,yes
site1/test/video10frame077,EndoVis 2017,site1,test,site1/video10,77,q8_mask_center_5pct_v1,x=25%-75%; y=25%-75%,0.2018711418,>=0.05,yes
site1/test/video10frame078,EndoVis 2017,site1,test,site1/video10,78,q8_mask_center_5pct_v1,x=25%-75%; y=25%-75%,0.1050308645,>=0.05,yes
site1/test/video10frame079,EndoVis 2017,site1,test,site1/video10,79,q8_mask_center_5pct_v1,x=25%-75%; y=25%-75%,0.1016300172,>=0.05,yes
site1/test/video10frame080,EndoVis 2017,site1,test,site1/video10,80,q8_mask_center_5pct_v1,x=25%-75%; y=25%-75%,0.1043499261,>=0.05,yes
site1/test/video10frame081,EndoVis 2017,site1,test,site1/video10,81,q8_mask_center_5pct_v1,x=25%-75%; y=25%-75%,0.1080864221,>=0.05,yes
site1/test/video10frame082,EndoVis 2017,site1,test,site1/video10,82,q8_mask_center_5pct_v1,x=25%-75%; y=25%-75%,0.1441493034,>=0.05,yes
site1/test/video10frame083,EndoVis 2017,site1,test,site1/video10,83,q8_mask_center_5pct_v1,x=25%-75%; y=25%-75%,0.1236419752,>=0.05,yes
site1/test/video10frame084,EndoVis 2017,site1,test,site1/video10,84,q8_mask_center_5pct_v1,x=25%-75%; y=25%-75%,0.1373688281,>=0.05,yes
site1/test/video10frame085,EndoVis 2017,site1,test,site1/video10,85,q8_mask_center_5pct_v1,x=25%-75%; y=25%-75%,0.0263483804,>=0.05,no
site1/test/video10frame086,EndoVis 2017,site1,test,site1/video10,86,q8_mask_center_5pct_v1,x=25%-75%; y=25%-75%,0.0381462201,>=0.05,no
site1/test/video10frame087,EndoVis 2017,site1,test,site1/video10,87,q8_mask_center_5pct_v1,x=25%-75%; y=25%-75%,0.0363715291,>=0.05,no
site1/test/video10frame088,EndoVis 2017,site1,test,site1/video10,88,q8_mask_center_5pct_v1,x=25%-75%; y=25%-75%,0.0078819441,>=0.05,no
site1/test/video10frame089,EndoVis 2017,site1,test,site1/video10,89,q8_mask_center_5pct_v1,x=25%-75%; y=25%-75%,0.0089718364,>=0.05,no
site1/test/video10frame090,EndoVis 2017,site1,test,site1/video10,90,q8_mask_center_5pct_v1,x=25%-75%; y=25%-75%,0.0040007718,>=0.05,no
site1/test/video10frame091,EndoVis 2017,site1,test,site1/video10,91,q8_mask_center_5pct_v1,x=25%-75%; y=25%-75%,0.2115721405,>=0.05,yes
site1/test/video10frame092,EndoVis 2017,site1,test,site1/video10,92,q8_mask_center_5pct_v1,x=25%-75%; y=25%-75%,0.2187712193,>=0.05,yes
site1/test/video10frame093,EndoVis 2017,site1,test,site1/video10,93,q8_mask_center_5pct_v1,x=25%-75%; y=25%-75%,0.0482426696,>=0.05,no
site1/test/video10frame094,EndoVis 2017,site1,test,site1/video10,94,q8_mask_center_5pct_v1,x=25%-75%; y=25%-75%,0.1591010839,>=0.05,yes
site1/test/video10frame095,EndoVis 2017,site1,test,site1/video10,95,q8_mask_center_5pct_v1,x=25%-75%; y=25%-75%,0.0470331796,>=0.05,no
site1/test/video10frame096,EndoVis 2017,site1,test,site1/video10,96,q8_mask_center_5pct_v1,x=25%-75%; y=25%-75%,0.0468788594,>=0.05,no
site1/test/video10frame097,EndoVis 2017,site1,test,site1/video10,97,q8_mask_center_5pct_v1,x=25%-75%; y=25%-75%,0.0787885785,>=0.05,yes
site1/test/video10frame098,EndoVis 2017,site1,test,site1/video10,98,q8_mask_center_5pct_v1,x=25%-75%; y=25%-75%,0.0814544782,>=0.05,yes
site1/test/video10frame099,EndoVis 2017,site1,test,site1/video10,99,q8_mask_center_5pct_v1,x=25%-75%; y=25%-75%,0.0961265415,>=0.05,yes
site1/test/video10frame100,EndoVis 2017,site1,test,site1/video10,100,q8_mask_center_5pct_v1,x=25%-75%; y=25%-75%,0.0688830987,>=0.05,yes
site1/test/video10frame101,EndoVis 2017,site1,test,site1/video10,101,q8_mask_center_5pct_v1,x=25%-75%; y=25%-75%,0.2395331860,>=0.05,yes
site1/test/video10frame102,EndoVis 2017,site1,test,site1/video10,102,q8_mask_center_5pct_v1,x=25%-75%; y=25%-75%,0.2392052412,>=0.05,yes
site1/test/video10frame103,EndoVis 2017,site1,test,site1/video10,103,q8_mask_center_5pct_v1,x=25%-75%; y=25%-75%,0.2477391958,>=0.05,yes
site1/test/video10frame104,EndoVis 2017,site1,test,site1/video10,104,q8_mask_center_5pct_v1,x=25%-75%; y=25%-75%,0.2339621931,>=0.05,yes
site1/test/video10frame105,EndoVis 2017,site1,test,site1/video10,105,q8_mask_center_5pct_v1,x=25%-75%; y=25%-75%,0.1914332509,>=0.05,yes
site1/test/video10frame106,EndoVis 2017,site1,test,site1/video10,106,q8_mask_center_5pct_v1,x=25%-75%; y=25%-75%,0.2015451342,>=0.05,yes
site1/test/video10frame107,EndoVis 2017,site1,test,site1/video10,107,q8_mask_center_5pct_v1,x=25%-75%; y=25%-75%,0.2859973013,>=0.05,yes
site1/test/video10frame108,EndoVis 2017,site1,test,site1/video10,108,q8_mask_center_5pct_v1,x=25%-75%; y=25%-75%,0.2864525318,>=0.05,yes
site1/test/video10frame109,EndoVis 2017,site1,test,site1/video10,109,q8_mask_center_5pct_v1,x=25%-75%; y=25%-75%,0.1669348031,>=0.05,yes
site1/test/video10frame110,EndoVis 2017,site1,test,site1/video10,110,q8_mask_center_5pct_v1,x=25%-75%; y=25%-75%,0.1056500748,>=0.05,yes
site1/test/video10frame111,EndoVis 2017,site1,test,site1/video10,111,q8_mask_center_5pct_v1,x=25%-75%; y=25%-75%,0.1117226109,>=0.05,yes
site1/test/video10frame112,EndoVis 2017,site1,test,site1/video10,112,q8_mask_center_5pct_v1,x=25%-75%; y=25%-75%,0.1153182834,>=0.05,yes
site1/test/video10frame113,EndoVis 2017,site1,test,site1/video10,113,q8_mask_center_5pct_v1,x=25%-75%; y=25%-75%,0.0122588733,>=0.05,no
site1/test/video10frame114,EndoVis 2017,site1,test,site1/video10,114,q8_mask_center_5pct_v1,x=25%-75%; y=25%-75%,0.0840567127,>=0.05,yes
site1/test/video10frame115,EndoVis 2017,site1,test,site1/video10,115,q8_mask_center_5pct_v1,x=25%-75%; y=25%-75%,0.1479147375,>=0.05,yes
site1/test/video10frame116,EndoVis 2017,site1,test,site1/video10,116,q8_mask_center_5pct_v1,x=25%-75%; y=25%-75%,0.2195968330,>=0.05,yes
site1/test/video10frame117,EndoVis 2017,site1,test,site1/video10,117,q8_mask_center_5pct_v1,x=25%-75%; y=25%-75%,0.0667148903,>=0.05,yes
site1/test/video10frame118,EndoVis 2017,site1,test,site1/video10,118,q8_mask_center_5pct_v1,x=25%-75%; y=25%-75%,0.1108526215,>=0.05,yes
site1/test/video10frame119,EndoVis 2017,site1,test,site1/video10,119,q8_mask_center_5pct_v1,x=25%-75%; y=25%-75%,0.1370659769,>=0.05,yes
site1/test/video10frame120,EndoVis 2017,site1,test,site1/video10,120,q8_mask_center_5pct_v1,x=25%-75%; y=25%-75%,0.1911516190,>=0.05,yes
site1/test/video10frame121,EndoVis 2017,site1,test,site1/video10,121,q8_mask_center_5pct_v1,x=25%-75%; y=25%-75%,0.1022415087,>=0.05,yes
site1/test/video10frame122,EndoVis 2017,site1,test,site1/video10,122,q8_mask_center_5pct_v1,x=25%-75%; y=25%-75%,0.1841936707,>=0.05,yes
site1/test/video10frame123,EndoVis 2017,site1,test,site1/video10,123,q8_mask_center_5pct_v1,x=25%-75%; y=25%-75%,0.1594579518,>=0.05,yes
site1/test/video10frame124,EndoVis 2017,site1,test,site1/video10,124,q8_mask_center_5pct_v1,x=25%-75%; y=25%-75%,0.1990277767,>=0.05,yes
site1/test/video10frame125,EndoVis 2017,site1,test,site1/video10,125,q8_mask_center_5pct_v1,x=25%-75%; y=25%-75%,0.1879031658,>=0.05,yes
site1/test/video10frame126,EndoVis 2017,site1,test,site1/video10,126,q8_mask_center_5pct_v1,x=25%-75%; y=25%-75%,0.1525443643,>=0.05,yes
site1/test/video10frame127,EndoVis 2017,site1,test,site1/video10,127,q8_mask_center_5pct_v1,x=25%-75%; y=25%-75%,0.1683738381,>=0.05,yes
site1/test/video10frame128,EndoVis 2017,site1,test,site1/video10,128,q8_mask_center_5pct_v1,x=25%-75%; y=25%-75%,0.1686304063,>=0.05,yes
site1/test/video10frame129,EndoVis 2017,site1,test,site1/video10,129,q8_mask_center_5pct_v1,x=25%-75%; y=25%-75%,0.1540181339,>=0.05,yes
site1/test/video10frame130,EndoVis 2017,site1,test,site1/video10,130,q8_mask_center_5pct_v1,x=25%-75%; y=25%-75%,0.1802121848,>=0.05,yes
site1/test/video10frame131,EndoVis 2017,site1,test,site1/video10,131,q8_mask_center_5pct_v1,x=25%-75%; y=25%-75%,0.1870235354,>=0.05,yes
site1/test/video10frame132,EndoVis 2017,site1,test,site1/video10,132,q8_mask_center_5pct_v1,x=25%-75%; y=25%-75%,0.2351427525,>=0.05,yes
site1/test/video10frame133,EndoVis 2017,site1,test,site1/video10,133,q8_mask_center_5pct_v1,x=25%-75%; y=25%-75%,0.1629783958,>=0.05,yes
site1/test/video10frame134,EndoVis 2017,site1,test,site1/video10,134,q8_mask_center_5pct_v1,x=25%-75%; y=25%-75%,0.1793730706,>=0.05,yes
site1/test/video10frame135,EndoVis 2017,site1,test,site1/video10,135,q8_mask_center_5pct_v1,x=25%-75%; y=25%-75%,0.0242206790,>=0.05,no
site1/test/video10frame136,EndoVis 2017,site1,test,site1/video10,136,q8_mask_center_5pct_v1,x=25%-75%; y=25%-75%,0.0835165903,>=0.05,yes
site1/test/video10frame137,EndoVis 2017,site1,test,site1/video10,137,q8_mask_center_5pct_v1,x=25%-75%; y=25%-75%,0.0945910513,>=0.05,yes
site1/test/video10frame138,EndoVis 2017,site1,test,site1/video10,138,q8_mask_center_5pct_v1,x=25%-75%; y=25%-75%,0.3303318024,>=0.05,yes
site1/test/video10frame139,EndoVis 2017,site1,test,site1/video10,139,q8_mask_center_5pct_v1,x=25%-75%; y=25%-75%,0.1677449793,>=0.05,yes
site1/test/video10frame140,EndoVis 2017,site1,test,site1/video10,140,q8_mask_center_5pct_v1,x=25%-75%; y=25%-75%,0.1805729121,>=0.05,yes
site1/test/video10frame141,EndoVis 2017,site1,test,site1/video10,141,q8_mask_center_5pct_v1,x=25%-75%; y=25%-75%,0.1574942172,>=0.05,yes
site1/test/video10frame142,EndoVis 2017,site1,test,site1/video10,142,q8_mask_center_5pct_v1,x=25%-75%; y=25%-75%,0.1547357291,>=0.05,yes
site1/test/video10frame143,EndoVis 2017,site1,test,site1/video10,143,q8_mask_center_5pct_v1,x=25%-75%; y=25%-75%,0.1803067178,>=0.05,yes
site1/test/video10frame144,EndoVis 2017,site1,test,site1/video10,144,q8_mask_center_5pct_v1,x=25%-75%; y=25%-75%,0.1857484579,>=0.05,yes
site1/test/video10frame145,EndoVis 2017,site1,test,site1/video10,145,q8_mask_center_5pct_v1,x=25%-75%; y=25%-75%,0.2343711406,>=0.05,yes
site1/test/video10frame146,EndoVis 2017,site1,test,site1/video10,146,q8_mask_center_5pct_v1,x=25%-75%; y=25%-75%,0.2325308621,>=0.05,yes
site1/test/video10frame147,EndoVis 2017,site1,test,site1/video10,147,q8_mask_center_5pct_v1,x=25%-75%; y=25%-75%,0.1745042503,>=0.05,yes
site1/test/video10frame148,EndoVis 2017,site1,test,site1/video10,148,q8_mask_center_5pct_v1,x=25%-75%; y=25%-75%,0.1258333325,>=0.05,yes
site1/test/video10frame149,EndoVis 2017,site1,test,site1/video10,149,q8_mask_center_5pct_v1,x=25%-75%; y=25%-75%,0.0798553228,>=0.05,yes
site1/test/video10frame150,EndoVis 2017,site1,test,site1/video10,150,q8_mask_center_5pct_v1,x=25%-75%; y=25%-75%,0.0607928224,>=0.05,yes
site1/test/video10frame151,EndoVis 2017,site1,test,site1/video10,151,q8_mask_center_5pct_v1,x=25%-75%; y=25%-75%,0.0560744591,>=0.05,yes
site1/test/video10frame152,EndoVis 2017,site1,test,site1/video10,152,q8_mask_center_5pct_v1,x=25%-75%; y=25%-75%,0.0918518528,>=0.05,yes
site1/test/video10frame153,EndoVis 2017,site1,test,site1/video10,153,q8_mask_center_5pct_v1,x=25%-75%; y=25%-75%,0.0658449084,>=0.05,yes
site1/test/video10frame154,EndoVis 2017,site1,test,site1/video10,154,q8_mask_center_5pct_v1,x=25%-75%; y=25%-75%,0.0029436729,>=0.05,no
site1/test/video10frame155,EndoVis 2017,site1,test,site1/video10,155,q8_mask_center_5pct_v1,x=25%-75%; y=25%-75%,0.0037249229,>=0.05,no
site1/test/video10frame156,EndoVis 2017,site1,test,site1/video10,156,q8_mask_center_5pct_v1,x=25%-75%; y=25%-75%,0.0114602624,>=0.05,no
site1/test/video10frame157,EndoVis 2017,site1,test,site1/video10,157,q8_mask_center_5pct_v1,x=25%-75%; y=25%-75%,0.0156192128,>=0.05,no
site1/test/video10frame158,EndoVis 2017,site1,test,site1/video10,158,q8_mask_center_5pct_v1,x=25%-75%; y=25%-75%,0.0191685949,>=0.05,no
site1/test/video10frame159,EndoVis 2017,site1,test,site1/video10,159,q8_mask_center_5pct_v1,x=25%-75%; y=25%-75%,0.0012866512,>=0.05,no
site1/test/video10frame160,EndoVis 2017,site1,test,site1/video10,160,q8_mask_center_5pct_v1,x=25%-75%; y=25%-75%,0.0858738422,>=0.05,yes
site1/test/video10frame161,EndoVis 2017,site1,test,site1/video10,161,q8_mask_center_5pct_v1,x=25%-75%; y=25%-75%,0.0000000000,>=0.05,no
site1/test/video10frame162,EndoVis 2017,site1,test,site1/video10,162,q8_mask_center_5pct_v1,x=25%-75%; y=25%-75%,0.0000000000,>=0.05,no
site1/test/video10frame163,EndoVis 2017,site1,test,site1/video10,163,q8_mask_center_5pct_v1,x=25%-75%; y=25%-75%,0.0017592593,>=0.05,no
site1/test/video10frame164,EndoVis 2017,site1,test,site1/video10,164,q8_mask_center_5pct_v1,x=25%-75%; y=25%-75%,0.1594367325,>=0.05,yes
site1/test/video10frame165,EndoVis 2017,site1,test,site1/video10,165,q8_mask_center_5pct_v1,x=25%-75%; y=25%-75%,0.1368441284,>=0.05,yes
site1/test/video10frame166,EndoVis 2017,site1,test,site1/video10,166,q8_mask_center_5pct_v1,x=25%-75%; y=25%-75%,0.1640297025,>=0.05,yes
site1/test/video10frame167,EndoVis 2017,site1,test,site1/video10,167,q8_mask_center_5pct_v1,x=25%-75%; y=25%-75%,0.1161284745,>=0.05,yes
site1/test/video10frame168,EndoVis 2017,site1,test,site1/video10,168,q8_mask_center_5pct_v1,x=25%-75%; y=25%-75%,0.0682870373,>=0.05,yes
site1/test/video10frame169,EndoVis 2017,site1,test,site1/video10,169,q8_mask_center_5pct_v1,x=25%-75%; y=25%-75%,0.1180825606,>=0.05,yes
site1/test/video10frame170,EndoVis 2017,site1,test,site1/video10,170,q8_mask_center_5pct_v1,x=25%-75%; y=25%-75%,0.0797222257,>=0.05,yes
site1/test/video10frame171,EndoVis 2017,site1,test,site1/video10,171,q8_mask_center_5pct_v1,x=25%-75%; y=25%-75%,0.0540104173,>=0.05,yes
site1/test/video10frame172,EndoVis 2017,site1,test,site1/video10,172,q8_mask_center_5pct_v1,x=25%-75%; y=25%-75%,0.0650771633,>=0.05,yes
site1/test/video10frame173,EndoVis 2017,site1,test,site1/video10,173,q8_mask_center_5pct_v1,x=25%-75%; y=25%-75%,0.2348919809,>=0.05,yes
site1/test/video10frame174,EndoVis 2017,site1,test,site1/video10,174,q8_mask_center_5pct_v1,x=25%-75%; y=25%-75%,0.2796218991,>=0.05,yes
site1/test/video10frame175,EndoVis 2017,site1,test,site1/video10,175,q8_mask_center_5pct_v1,x=25%-75%; y=25%-75%,0.1704378873,>=0.05,yes
site1/test/video10frame176,EndoVis 2017,site1,test,site1/video10,176,q8_mask_center_5pct_v1,x=25%-75%; y=25%-75%,0.1828587949,>=0.05,yes
site1/test/video10frame177,EndoVis 2017,site1,test,site1/video10,177,q8_mask_center_5pct_v1,x=25%-75%; y=25%-75%,0.1304513961,>=0.05,yes
site1/test/video10frame178,EndoVis 2017,site1,test,site1/video10,178,q8_mask_center_5pct_v1,x=25%-75%; y=25%-75%,0.0981057063,>=0.05,yes
site1/test/video10frame179,EndoVis 2017,site1,test,site1/video10,179,q8_mask_center_5pct_v1,x=25%-75%; y=25%-75%,0.1252199113,>=0.05,yes
site1/test/video10frame180,EndoVis 2017,site1,test,site1/video10,180,q8_mask_center_5pct_v1,x=25%-75%; y=25%-75%,0.1183371916,>=0.05,yes
site1/test/video10frame181,EndoVis 2017,site1,test,site1/video10,181,q8_mask_center_5pct_v1,x=25%-75%; y=25%-75%,0.1772357225,>=0.05,yes
site1/test/video10frame182,EndoVis 2017,site1,test,site1/video10,182,q8_mask_center_5pct_v1,x=25%-75%; y=25%-75%,0.1053896621,>=0.05,yes
site1/test/video10frame183,EndoVis 2017,site1,test,site1/video10,183,q8_mask_center_5pct_v1,x=25%-75%; y=25%-75%,0.1169347987,>=0.05,yes
site1/test/video10frame184,EndoVis 2017,site1,test,site1/video10,184,q8_mask_center_5pct_v1,x=25%-75%; y=25%-75%,0.1475192904,>=0.05,yes
site1/test/video10frame185,EndoVis 2017,site1,test,site1/video10,185,q8_mask_center_5pct_v1,x=25%-75%; y=25%-75%,0.1641994566,>=0.05,yes
site1/test/video10frame186,EndoVis 2017,site1,test,site1/video10,186,q8_mask_center_5pct_v1,x=25%-75%; y=25%-75%,0.2748746276,>=0.05,yes
site1/test/video10frame187,EndoVis 2017,site1,test,site1/video10,187,q8_mask_center_5pct_v1,x=25%-75%; y=25%-75%,0.2486091852,>=0.05,yes
site1/test/video10frame188,EndoVis 2017,site1,test,site1/video10,188,q8_mask_center_5pct_v1,x=25%-75%; y=25%-75%,0.1893518567,>=0.05,yes
site1/test/video10frame189,EndoVis 2017,site1,test,site1/video10,189,q8_mask_center_5pct_v1,x=25%-75%; y=25%-75%,0.0984355733,>=0.05,yes
site1/test/video10frame190,EndoVis 2017,site1,test,site1/video10,190,q8_mask_center_5pct_v1,x=25%-75%; y=25%-75%,0.0816956013,>=0.05,yes
site1/test/video10frame191,EndoVis 2017,site1,test,site1/video10,191,q8_mask_center_5pct_v1,x=25%-75%; y=25%-75%,0.0769965276,>=0.05,yes
site1/test/video10frame192,EndoVis 2017,site1,test,site1/video10,192,q8_mask_center_5pct_v1,x=25%-75%; y=25%-75%,0.1667380333,>=0.05,yes
site1/test/video10frame193,EndoVis 2017,site1,test,site1/video10,193,q8_mask_center_5pct_v1,x=25%-75%; y=25%-75%,0.2273611128,>=0.05,yes
site1/test/video10frame194,EndoVis 2017,site1,test,site1/video10,194,q8_mask_center_5pct_v1,x=25%-75%; y=25%-75%,0.2013445199,>=0.05,yes
site1/test/video10frame195,EndoVis 2017,site1,test,site1/video10,195,q8_mask_center_5pct_v1,x=25%-75%; y=25%-75%,0.1336805522,>=0.05,yes
site1/test/video10frame196,EndoVis 2017,site1,test,site1/video10,196,q8_mask_center_5pct_v1,x=25%-75%; y=25%-75%,0.1529629678,>=0.05,yes
site1/test/video10frame197,EndoVis 2017,site1,test,site1/video10,197,q8_mask_center_5pct_v1,x=25%-75%; y=25%-75%,0.1126485318,>=0.05,yes
site1/test/video10frame198,EndoVis 2017,site1,test,site1/video10,198,q8_mask_center_5pct_v1,x=25%-75%; y=25%-75%,0.0639602616,>=0.05,yes
site1/test/video10frame199,EndoVis 2017,site1,test,site1/video10,199,q8_mask_center_5pct_v1,x=25%-75%; y=25%-75%,0.0772434399,>=0.05,yes
site1/test/video10frame200,EndoVis 2017,site1,test,site1/video10,200,q8_mask_center_5pct_v1,x=25%-75%; y=25%-75%,0.1622337997,>=0.05,yes
site1/test/video10frame201,EndoVis 2017,site1,test,site1/video10,201,q8_mask_center_5pct_v1,x=25%-75%; y=25%-75%,0.2618923485,>=0.05,yes
site1/test/video10frame202,EndoVis 2017,site1,test,site1/video10,202,q8_mask_center_5pct_v1,x=25%-75%; y=25%-75%,0.1784722209,>=0.05,yes
site1/test/video10frame203,EndoVis 2017,site1,test,site1/video10,203,q8_mask_center_5pct_v1,x=25%-75%; y=25%-75%,0.1757812500,>=0.05,yes
site1/test/video10frame204,EndoVis 2017,site1,test,site1/video10,204,q8_mask_center_5pct_v1,x=25%-75%; y=25%-75%,0.1033256203,>=0.05,yes
site1/test/video10frame205,EndoVis 2017,site1,test,site1/video10,205,q8_mask_center_5pct_v1,x=25%-75%; y=25%-75%,0.0857561752,>=0.05,yes
site1/test/video10frame206,EndoVis 2017,site1,test,site1/video10,206,q8_mask_center_5pct_v1,x=25%-75%; y=25%-75%,0.0202314816,>=0.05,no
site1/test/video10frame207,EndoVis 2017,site1,test,site1/video10,207,q8_mask_center_5pct_v1,x=25%-75%; y=25%-75%,0.0134162810,>=0.05,no
site1/test/video10frame208,EndoVis 2017,site1,test,site1/video10,208,q8_mask_center_5pct_v1,x=25%-75%; y=25%-75%,0.0127739199,>=0.05,no
site1/test/video10frame209,EndoVis 2017,site1,test,site1/video10,209,q8_mask_center_5pct_v1,x=25%-75%; y=25%-75%,0.0681172833,>=0.05,yes
site1/test/video10frame210,EndoVis 2017,site1,test,site1/video10,210,q8_mask_center_5pct_v1,x=25%-75%; y=25%-75%,0.1769367307,>=0.05,yes
site1/test/video10frame211,EndoVis 2017,site1,test,site1/video10,211,q8_mask_center_5pct_v1,x=25%-75%; y=25%-75%,0.2466589510,>=0.05,yes
site1/test/video10frame212,EndoVis 2017,site1,test,site1/video10,212,q8_mask_center_5pct_v1,x=25%-75%; y=25%-75%,0.2167920470,>=0.05,yes
site1/test/video10frame213,EndoVis 2017,site1,test,site1/video10,213,q8_mask_center_5pct_v1,x=25%-75%; y=25%-75%,0.1430324018,>=0.05,yes
site1/test/video10frame214,EndoVis 2017,site1,test,site1/video10,214,q8_mask_center_5pct_v1,x=25%-75%; y=25%-75%,0.0554687493,>=0.05,yes
site1/test/video10frame215,EndoVis 2017,site1,test,site1/video10,215,q8_mask_center_5pct_v1,x=25%-75%; y=25%-75%,0.0573572516,>=0.05,yes
site1/test/video10frame216,EndoVis 2017,site1,test,site1/video10,216,q8_mask_center_5pct_v1,x=25%-75%; y=25%-75%,0.0877256915,>=0.05,yes
site1/test/video10frame217,EndoVis 2017,site1,test,site1/video10,217,q8_mask_center_5pct_v1,x=25%-75%; y=25%-75%,0.1538580209,>=0.05,yes
site1/test/video10frame218,EndoVis 2017,site1,test,site1/video10,218,q8_mask_center_5pct_v1,x=25%-75%; y=25%-75%,0.1097434387,>=0.05,yes
site1/test/video10frame219,EndoVis 2017,site1,test,site1/video10,219,q8_mask_center_5pct_v1,x=25%-75%; y=25%-75%,0.2004822493,>=0.05,yes
site1/test/video10frame220,EndoVis 2017,site1,test,site1/video10,220,q8_mask_center_5pct_v1,x=25%-75%; y=25%-75%,0.0906134248,>=0.05,yes
site1/test/video10frame221,EndoVis 2017,site1,test,site1/video10,221,q8_mask_center_5pct_v1,x=25%-75%; y=25%-75%,0.2955015302,>=0.05,yes
site1/test/video10frame222,EndoVis 2017,site1,test,site1/video10,222,q8_mask_center_5pct_v1,x=25%-75%; y=25%-75%,0.1453125030,>=0.05,yes
site1/test/video10frame223,EndoVis 2017,site1,test,site1/video10,223,q8_mask_center_5pct_v1,x=25%-75%; y=25%-75%,0.0817573294,>=0.05,yes
site1/test/video10frame224,EndoVis 2017,site1,test,site1/video10,224,q8_mask_center_5pct_v1,x=25%-75%; y=25%-75%,0.1350463033,>=0.05,yes
site1/test/video10frame225,EndoVis 2017,site1,test,site1/video10,225,q8_mask_center_5pct_v1,x=25%-75%; y=25%-75%,0.1704243869,>=0.05,yes
site1/test/video10frame226,EndoVis 2017,site1,test,site1/video10,226,q8_mask_center_5pct_v1,x=25%-75%; y=25%-75%,0.1555613428,>=0.05,yes
site1/test/video10frame227,EndoVis 2017,site1,test,site1/video10,227,q8_mask_center_5pct_v1,x=25%-75%; y=25%-75%,0.1635551751,>=0.05,yes
site1/test/video10frame228,EndoVis 2017,site1,test,site1/video10,228,q8_mask_center_5pct_v1,x=25%-75%; y=25%-75%,0.1200945228,>=0.05,yes
site1/test/video10frame229,EndoVis 2017,site1,test,site1/video10,229,q8_mask_center_5pct_v1,x=25%-75%; y=25%-75%,0.0703722984,>=0.05,yes
site1/test/video10frame230,EndoVis 2017,site1,test,site1/video10,230,q8_mask_center_5pct_v1,x=25%-75%; y=25%-75%,0.0842013881,>=0.05,yes
site1/test/video10frame231,EndoVis 2017,site1,test,site1/video10,231,q8_mask_center_5pct_v1,x=25%-75%; y=25%-75%,0.0902179778,>=0.05,yes
site1/test/video10frame232,EndoVis 2017,site1,test,site1/video10,232,q8_mask_center_5pct_v1,x=25%-75%; y=25%-75%,0.0793962181,>=0.05,yes
site1/test/video10frame233,EndoVis 2017,site1,test,site1/video10,233,q8_mask_center_5pct_v1,x=25%-75%; y=25%-75%,0.0994984582,>=0.05,yes
site1/test/video10frame234,EndoVis 2017,site1,test,site1/video10,234,q8_mask_center_5pct_v1,x=25%-75%; y=25%-75%,0.2074922770,>=0.05,yes
site1/test/video10frame235,EndoVis 2017,site1,test,site1/video10,235,q8_mask_center_5pct_v1,x=25%-75%; y=25%-75%,0.0901678205,>=0.05,yes
site1/test/video10frame236,EndoVis 2017,site1,test,site1/video10,236,q8_mask_center_5pct_v1,x=25%-75%; y=25%-75%,0.0716493055,>=0.05,yes
site1/test/video10frame237,EndoVis 2017,site1,test,site1/video10,237,q8_mask_center_5pct_v1,x=25%-75%; y=25%-75%,0.1024151221,>=0.05,yes
site1/test/video10frame238,EndoVis 2017,site1,test,site1/video10,238,q8_mask_center_5pct_v1,x=25%-75%; y=25%-75%,0.1068441346,>=0.05,yes
site1/test/video10frame239,EndoVis 2017,site1,test,site1/video10,239,q8_mask_center_5pct_v1,x=25%-75%; y=25%-75%,0.1070273891,>=0.05,yes
site1/test/video10frame240,EndoVis 2017,site1,test,site1/video10,240,q8_mask_center_5pct_v1,x=25%-75%; y=25%-75%,0.1070910469,>=0.05,yes
site1/test/video10frame241,EndoVis 2017,site1,test,site1/video10,241,q8_mask_center_5pct_v1,x=25%-75%; y=25%-75%,0.1081847996,>=0.05,yes
site1/test/video10frame242,EndoVis 2017,site1,test,site1/video10,242,q8_mask_center_5pct_v1,x=25%-75%; y=25%-75%,0.1081365719,>=0.05,yes
site1/test/video10frame243,EndoVis 2017,site1,test,site1/video10,243,q8_mask_center_5pct_v1,x=25%-75%; y=25%-75%,0.1005459130,>=0.05,yes
site1/test/video10frame244,EndoVis 2017,site1,test,site1/video10,244,q8_mask_center_5pct_v1,x=25%-75%; y=25%-75%,0.1529706717,>=0.05,yes
site1/test/video10frame245,EndoVis 2017,site1,test,site1/video10,245,q8_mask_center_5pct_v1,x=25%-75%; y=25%-75%,0.0898977593,>=0.05,yes
site1/test/video10frame246,EndoVis 2017,site1,test,site1/video10,246,q8_mask_center_5pct_v1,x=25%-75%; y=25%-75%,0.0881114975,>=0.05,yes
site1/test/video10frame247,EndoVis 2017,site1,test,site1/video10,247,q8_mask_center_5pct_v1,x=25%-75%; y=25%-75%,0.1355169713,>=0.05,yes
site1/test/video10frame248,EndoVis 2017,site1,test,site1/video10,248,q8_mask_center_5pct_v1,x=25%-75%; y=25%-75%,0.2233661264,>=0.05,yes
site1/test/video10frame249,EndoVis 2017,site1,test,site1/video10,249,q8_mask_center_5pct_v1,x=25%-75%; y=25%-75%,0.2389139682,>=0.05,yes
site1/test/video10frame250,EndoVis 2017,site1,test,site1/video10,250,q8_mask_center_5pct_v1,x=25%-75%; y=25%-75%,0.2087461352,>=0.05,yes
site1/test/video10frame251,EndoVis 2017,site1,test,site1/video10,251,q8_mask_center_5pct_v1,x=25%-75%; y=25%-75%,0.2316878885,>=0.05,yes
site1/test/video10frame252,EndoVis 2017,site1,test,site1/video10,252,q8_mask_center_5pct_v1,x=25%-75%; y=25%-75%,0.2238657475,>=0.05,yes
site1/test/video10frame253,EndoVis 2017,site1,test,site1/video10,253,q8_mask_center_5pct_v1,x=25%-75%; y=25%-75%,0.2515239120,>=0.05,yes
site1/test/video10frame254,EndoVis 2017,site1,test,site1/video10,254,q8_mask_center_5pct_v1,x=25%-75%; y=25%-75%,0.2574672103,>=0.05,yes
site1/test/video10frame255,EndoVis 2017,site1,test,site1/video10,255,q8_mask_center_5pct_v1,x=25%-75%; y=25%-75%,0.2511998415,>=0.05,yes
site1/test/video10frame256,EndoVis 2017,site1,test,site1/video10,256,q8_mask_center_5pct_v1,x=25%-75%; y=25%-75%,0.1538753808,>=0.05,yes
site1/test/video10frame257,EndoVis 2017,site1,test,site1/video10,257,q8_mask_center_5pct_v1,x=25%-75%; y=25%-75%,0.1998726875,>=0.05,yes
site1/test/video10frame258,EndoVis 2017,site1,test,site1/video10,258,q8_mask_center_5pct_v1,x=25%-75%; y=25%-75%,0.2176253796,>=0.05,yes
site1/test/video10frame259,EndoVis 2017,site1,test,site1/video10,259,q8_mask_center_5pct_v1,x=25%-75%; y=25%-75%,0.2084895819,>=0.05,yes
site1/test/video10frame260,EndoVis 2017,site1,test,site1/video10,260,q8_mask_center_5pct_v1,x=25%-75%; y=25%-75%,0.2280574888,>=0.05,yes
site1/test/video10frame261,EndoVis 2017,site1,test,site1/video10,261,q8_mask_center_5pct_v1,x=25%-75%; y=25%-75%,0.1707754582,>=0.05,yes
site1/test/video10frame262,EndoVis 2017,site1,test,site1/video10,262,q8_mask_center_5pct_v1,x=25%-75%; y=25%-75%,0.2291184366,>=0.05,yes
site1/test/video10frame263,EndoVis 2017,site1,test,site1/video10,263,q8_mask_center_5pct_v1,x=25%-75%; y=25%-75%,0.1891223043,>=0.05,yes
site1/test/video10frame264,EndoVis 2017,site1,test,site1/video10,264,q8_mask_center_5pct_v1,x=25%-75%; y=25%-75%,0.0967129618,>=0.05,yes
site1/test/video10frame265,EndoVis 2017,site1,test,site1/video10,265,q8_mask_center_5pct_v1,x=25%-75%; y=25%-75%,0.0004185957,>=0.05,no
site1/test/video10frame266,EndoVis 2017,site1,test,site1/video10,266,q8_mask_center_5pct_v1,x=25%-75%; y=25%-75%,0.0000000000,>=0.05,no
site1/test/video10frame267,EndoVis 2017,site1,test,site1/video10,267,q8_mask_center_5pct_v1,x=25%-75%; y=25%-75%,0.0345061719,>=0.05,no
site1/test/video10frame268,EndoVis 2017,site1,test,site1/video10,268,q8_mask_center_5pct_v1,x=25%-75%; y=25%-75%,0.2612538636,>=0.05,yes
site1/test/video10frame269,EndoVis 2017,site1,test,site1/video10,269,q8_mask_center_5pct_v1,x=25%-75%; y=25%-75%,0.0702854916,>=0.05,yes
site1/test/video10frame270,EndoVis 2017,site1,test,site1/video10,270,q8_mask_center_5pct_v1,x=25%-75%; y=25%-75%,0.0692380369,>=0.05,yes
site1/test/video10frame271,EndoVis 2017,site1,test,site1/video10,271,q8_mask_center_5pct_v1,x=25%-75%; y=25%-75%,0.2285879701,>=0.05,yes
site1/test/video10frame272,EndoVis 2017,site1,test,site1/video10,272,q8_mask_center_5pct_v1,x=25%-75%; y=25%-75%,0.1299440563,>=0.05,yes
site1/test/video10frame273,EndoVis 2017,site1,test,site1/video10,273,q8_mask_center_5pct_v1,x=25%-75%; y=25%-75%,0.0154803237,>=0.05,no
site1/test/video10frame274,EndoVis 2017,site1,test,site1/video10,274,q8_mask_center_5pct_v1,x=25%-75%; y=25%-75%,0.0317959115,>=0.05,no
site1/test/video10frame275,EndoVis 2017,site1,test,site1/video10,275,q8_mask_center_5pct_v1,x=25%-75%; y=25%-75%,0.0488753840,>=0.05,no
site1/test/video10frame276,EndoVis 2017,site1,test,site1/video10,276,q8_mask_center_5pct_v1,x=25%-75%; y=25%-75%,0.1707060188,>=0.05,yes
site1/test/video10frame277,EndoVis 2017,site1,test,site1/video10,277,q8_mask_center_5pct_v1,x=25%-75%; y=25%-75%,0.2059645057,>=0.05,yes
site1/test/video10frame278,EndoVis 2017,site1,test,site1/video10,278,q8_mask_center_5pct_v1,x=25%-75%; y=25%-75%,0.2454340309,>=0.05,yes
site1/test/video10frame279,EndoVis 2017,site1,test,site1/video10,279,q8_mask_center_5pct_v1,x=25%-75%; y=25%-75%,0.2412191331,>=0.05,yes
site1/test/video10frame280,EndoVis 2017,site1,test,site1/video10,280,q8_mask_center_5pct_v1,x=25%-75%; y=25%-75%,0.2416300178,>=0.05,yes
site1/test/video10frame281,EndoVis 2017,site1,test,site1/video10,281,q8_mask_center_5pct_v1,x=25%-75%; y=25%-75%,0.1112654358,>=0.05,yes
site1/test/video10frame282,EndoVis 2017,site1,test,site1/video10,282,q8_mask_center_5pct_v1,x=25%-75%; y=25%-75%,0.0987827927,>=0.05,yes
site1/test/video10frame283,EndoVis 2017,site1,test,site1/video10,283,q8_mask_center_5pct_v1,x=25%-75%; y=25%-75%,0.1008680537,>=0.05,yes
site1/test/video10frame284,EndoVis 2017,site1,test,site1/video10,284,q8_mask_center_5pct_v1,x=25%-75%; y=25%-75%,0.0935088769,>=0.05,yes
site1/test/video10frame285,EndoVis 2017,site1,test,site1/video10,285,q8_mask_center_5pct_v1,x=25%-75%; y=25%-75%,0.0961998478,>=0.05,yes
site1/test/video10frame286,EndoVis 2017,site1,test,site1/video10,286,q8_mask_center_5pct_v1,x=25%-75%; y=25%-75%,0.2253722996,>=0.05,yes
site1/test/video10frame287,EndoVis 2017,site1,test,site1/video10,287,q8_mask_center_5pct_v1,x=25%-75%; y=25%-75%,0.2258950621,>=0.05,yes
site1/test/video10frame288,EndoVis 2017,site1,test,site1/video10,288,q8_mask_center_5pct_v1,x=25%-75%; y=25%-75%,0.1057368815,>=0.05,yes
site1/test/video10frame289,EndoVis 2017,site1,test,site1/video10,289,q8_mask_center_5pct_v1,x=25%-75%; y=25%-75%,0.1396141946,>=0.05,yes
site1/test/video10frame290,EndoVis 2017,site1,test,site1/video10,290,q8_mask_center_5pct_v1,x=25%-75%; y=25%-75%,0.0592534728,>=0.05,yes
site1/test/video10frame291,EndoVis 2017,site1,test,site1/video10,291,q8_mask_center_5pct_v1,x=25%-75%; y=25%-75%,0.2370910496,>=0.05,yes
site1/test/video10frame292,EndoVis 2017,site1,test,site1/video10,292,q8_mask_center_5pct_v1,x=25%-75%; y=25%-75%,0.2156500816,>=0.05,yes
site1/test/video10frame293,EndoVis 2017,site1,test,site1/video10,293,q8_mask_center_5pct_v1,x=25%-75%; y=25%-75%,0.2312808633,>=0.05,yes
site1/test/video10frame294,EndoVis 2017,site1,test,site1/video10,294,q8_mask_center_5pct_v1,x=25%-75%; y=25%-75%,0.2070659697,>=0.05,yes
site1/test/video10frame295,EndoVis 2017,site1,test,site1/video10,295,q8_mask_center_5pct_v1,x=25%-75%; y=25%-75%,0.1197588742,>=0.05,yes
site1/test/video10frame296,EndoVis 2017,site1,test,site1/video10,296,q8_mask_center_5pct_v1,x=25%-75%; y=25%-75%,0.1345698237,>=0.05,yes
site1/test/video10frame297,EndoVis 2017,site1,test,site1/video10,297,q8_mask_center_5pct_v1,x=25%-75%; y=25%-75%,0.1057175919,>=0.05,yes
site1/test/video10frame298,EndoVis 2017,site1,test,site1/video10,298,q8_mask_center_5pct_v1,x=25%-75%; y=25%-75%,0.1998070925,>=0.05,yes
site1/test/video10frame299,EndoVis 2017,site1,test,site1/video10,299,q8_mask_center_5pct_v1,x=25%-75%; y=25%-75%,0.1302932054,>=0.05,yes
site1/test/video9frame000,EndoVis 2017,site1,test,site1/video9,0,q8_mask_center_5pct_v1,x=25%-75%; y=25%-75%,0.1998688281,>=0.05,yes
site1/test/video9frame001,EndoVis 2017,site1,test,site1/video9,1,q8_mask_center_5pct_v1,x=25%-75%; y=25%-75%,0.2051543146,>=0.05,yes
site1/test/video9frame002,EndoVis 2017,site1,test,site1/video9,2,q8_mask_center_5pct_v1,x=25%-75%; y=25%-75%,0.1571469903,>=0.05,yes
site1/test/video9frame003,EndoVis 2017,site1,test,site1/video9,3,q8_mask_center_5pct_v1,x=25%-75%; y=25%-75%,0.1545852572,>=0.05,yes
site1/test/video9frame004,EndoVis 2017,site1,test,site1/video9,4,q8_mask_center_5pct_v1,x=25%-75%; y=25%-75%,0.1149170548,>=0.05,yes
site1/test/video9frame005,EndoVis 2017,site1,test,site1/video9,5,q8_mask_center_5pct_v1,x=25%-75%; y=25%-75%,0.1271527708,>=0.05,yes
site1/test/video9frame006,EndoVis 2017,site1,test,site1/video9,6,q8_mask_center_5pct_v1,x=25%-75%; y=25%-75%,0.1536323279,>=0.05,yes
site1/test/video9frame007,EndoVis 2017,site1,test,site1/video9,7,q8_mask_center_5pct_v1,x=25%-75%; y=25%-75%,0.1652392000,>=0.05,yes
site1/test/video9frame008,EndoVis 2017,site1,test,site1/video9,8,q8_mask_center_5pct_v1,x=25%-75%; y=25%-75%,0.1593653560,>=0.05,yes
site1/test/video9frame009,EndoVis 2017,site1,test,site1/video9,9,q8_mask_center_5pct_v1,x=25%-75%; y=25%-75%,0.1860011518,>=0.05,yes
site1/test/video9frame010,EndoVis 2017,site1,test,site1/video9,10,q8_mask_center_5pct_v1,x=25%-75%; y=25%-75%,0.1828742325,>=0.05,yes
site1/test/video9frame011,EndoVis 2017,site1,test,site1/video9,11,q8_mask_center_5pct_v1,x=25%-75%; y=25%-75%,0.2225443721,>=0.05,yes
site1/test/video9frame012,EndoVis 2017,site1,test,site1/video9,12,q8_mask_center_5pct_v1,x=25%-75%; y=25%-75%,0.1832040846,>=0.05,yes
site1/test/video9frame013,EndoVis 2017,site1,test,site1/video9,13,q8_mask_center_5pct_v1,x=25%-75%; y=25%-75%,0.0299459882,>=0.05,no
site1/test/video9frame014,EndoVis 2017,site1,test,site1/video9,14,q8_mask_center_5pct_v1,x=25%-75%; y=25%-75%,0.0302160494,>=0.05,no
site1/test/video9frame015,EndoVis 2017,site1,test,site1/video9,15,q8_mask_center_5pct_v1,x=25%-75%; y=25%-75%,0.0320428237,>=0.05,no
site1/test/video9frame016,EndoVis 2017,site1,test,site1/video9,16,q8_mask_center_5pct_v1,x=25%-75%; y=25%-75%,0.0315682888,>=0.05,no
site1/test/video9frame017,EndoVis 2017,site1,test,site1/video9,17,q8_mask_center_5pct_v1,x=25%-75%; y=25%-75%,0.0913734585,>=0.05,yes
site1/test/video9frame018,EndoVis 2017,site1,test,site1/video9,18,q8_mask_center_5pct_v1,x=25%-75%; y=25%-75%,0.0374344140,>=0.05,no
site1/test/video9frame019,EndoVis 2017,site1,test,site1/video9,19,q8_mask_center_5pct_v1,x=25%-75%; y=25%-75%,0.2022010088,>=0.05,yes
site1/test/video9frame020,EndoVis 2017,site1,test,site1/video9,20,q8_mask_center_5pct_v1,x=25%-75%; y=25%-75%,0.2103800178,>=0.05,yes
site1/test/video9frame021,EndoVis 2017,site1,test,site1/video9,21,q8_mask_center_5pct_v1,x=25%-75%; y=25%-75%,0.1674575657,>=0.05,yes
site1/test/video9frame022,EndoVis 2017,site1,test,site1/video9,22,q8_mask_center_5pct_v1,x=25%-75%; y=25%-75%,0.0480516963,>=0.05,no
site1/test/video9frame023,EndoVis 2017,site1,test,site1/video9,23,q8_mask_center_5pct_v1,x=25%-75%; y=25%-75%,0.0470273905,>=0.05,no
site1/test/video9frame024,EndoVis 2017,site1,test,site1/video9,24,q8_mask_center_5pct_v1,x=25%-75%; y=25%-75%,0.1644444466,>=0.05,yes
site1/test/video9frame025,EndoVis 2017,site1,test,site1/video9,25,q8_mask_center_5pct_v1,x=25%-75%; y=25%-75%,0.1145370379,>=0.05,yes
site1/test/video9frame026,EndoVis 2017,site1,test,site1/video9,26,q8_mask_center_5pct_v1,x=25%-75%; y=25%-75%,0.0321720690,>=0.05,no
site1/test/video9frame027,EndoVis 2017,site1,test,site1/video9,27,q8_mask_center_5pct_v1,x=25%-75%; y=25%-75%,0.0267322529,>=0.05,no
site1/test/video9frame028,EndoVis 2017,site1,test,site1/video9,28,q8_mask_center_5pct_v1,x=25%-75%; y=25%-75%,0.1344791651,>=0.05,yes
site1/test/video9frame029,EndoVis 2017,site1,test,site1/video9,29,q8_mask_center_5pct_v1,x=25%-75%; y=25%-75%,0.1198032424,>=0.05,yes
site1/test/video9frame030,EndoVis 2017,site1,test,site1/video9,30,q8_mask_center_5pct_v1,x=25%-75%; y=25%-75%,0.0488869585,>=0.05,no
site1/test/video9frame031,EndoVis 2017,site1,test,site1/video9,31,q8_mask_center_5pct_v1,x=25%-75%; y=25%-75%,0.0235320218,>=0.05,no
site1/test/video9frame032,EndoVis 2017,site1,test,site1/video9,32,q8_mask_center_5pct_v1,x=25%-75%; y=25%-75%,0.0344984569,>=0.05,no
site1/test/video9frame033,EndoVis 2017,site1,test,site1/video9,33,q8_mask_center_5pct_v1,x=25%-75%; y=25%-75%,0.0673553273,>=0.05,yes
site1/test/video9frame034,EndoVis 2017,site1,test,site1/video9,34,q8_mask_center_5pct_v1,x=25%-75%; y=25%-75%,0.1019135788,>=0.05,yes
site1/test/video9frame035,EndoVis 2017,site1,test,site1/video9,35,q8_mask_center_5pct_v1,x=25%-75%; y=25%-75%,0.0746141970,>=0.05,yes
site1/test/video9frame036,EndoVis 2017,site1,test,site1/video9,36,q8_mask_center_5pct_v1,x=25%-75%; y=25%-75%,0.0048688273,>=0.05,no
site1/test/video9frame037,EndoVis 2017,site1,test,site1/video9,37,q8_mask_center_5pct_v1,x=25%-75%; y=25%-75%,0.0023398921,>=0.05,no
site1/test/video9frame038,EndoVis 2017,site1,test,site1/video9,38,q8_mask_center_5pct_v1,x=25%-75%; y=25%-75%,0.0134104937,>=0.05,no
site1/test/video9frame039,EndoVis 2017,site1,test,site1/video9,39,q8_mask_center_5pct_v1,x=25%-75%; y=25%-75%,0.0035898921,>=0.05,no
site1/test/video9frame040,EndoVis 2017,site1,test,site1/video9,40,q8_mask_center_5pct_v1,x=25%-75%; y=25%-75%,0.0037943672,>=0.05,no
site1/test/video9frame041,EndoVis 2017,site1,test,site1/video9,41,q8_mask_center_5pct_v1,x=25%-75%; y=25%-75%,0.0037943672,>=0.05,no
site1/test/video9frame042,EndoVis 2017,site1,test,site1/video9,42,q8_mask_center_5pct_v1,x=25%-75%; y=25%-75%,0.0064583332,>=0.05,no
site1/test/video9frame043,EndoVis 2017,site1,test,site1/video9,43,q8_mask_center_5pct_v1,x=25%-75%; y=25%-75%,0.0416107252,>=0.05,no
site1/test/video9frame044,EndoVis 2017,site1,test,site1/video9,44,q8_mask_center_5pct_v1,x=25%-75%; y=25%-75%,0.0341917425,>=0.05,no
site1/test/video9frame045,EndoVis 2017,site1,test,site1/video9,45,q8_mask_center_5pct_v1,x=25%-75%; y=25%-75%,0.1479513943,>=0.05,yes
site1/test/video9frame046,EndoVis 2017,site1,test,site1/video9,46,q8_mask_center_5pct_v1,x=25%-75%; y=25%-75%,0.1169232279,>=0.05,yes
site1/test/video9frame047,EndoVis 2017,site1,test,site1/video9,47,q8_mask_center_5pct_v1,x=25%-75%; y=25%-75%,0.1523437500,>=0.05,yes
site1/test/video9frame048,EndoVis 2017,site1,test,site1/video9,48,q8_mask_center_5pct_v1,x=25%-75%; y=25%-75%,0.1291203648,>=0.05,yes
site1/test/video9frame049,EndoVis 2017,site1,test,site1/video9,49,q8_mask_center_5pct_v1,x=25%-75%; y=25%-75%,0.1322415173,>=0.05,yes
site1/test/video9frame050,EndoVis 2017,site1,test,site1/video9,50,q8_mask_center_5pct_v1,x=25%-75%; y=25%-75%,0.0951639637,>=0.05,yes
site1/test/video9frame051,EndoVis 2017,site1,test,site1/video9,51,q8_mask_center_5pct_v1,x=25%-75%; y=25%-75%,0.0959143490,>=0.05,yes
site1/test/video9frame052,EndoVis 2017,site1,test,site1/video9,52,q8_mask_center_5pct_v1,x=25%-75%; y=25%-75%,0.0612750761,>=0.05,yes
site1/test/video9frame053,EndoVis 2017,site1,test,site1/video9,53,q8_mask_center_5pct_v1,x=25%-75%; y=25%-75%,0.0520949066,>=0.05,yes
site1/test/video9frame054,EndoVis 2017,site1,test,site1/video9,54,q8_mask_center_5pct_v1,x=25%-75%; y=25%-75%,0.0478009246,>=0.05,no
site1/test/video9frame055,EndoVis 2017,site1,test,site1/video9,55,q8_mask_center_5pct_v1,x=25%-75%; y=25%-75%,0.0060493825,>=0.05,no
site1/test/video9frame056,EndoVis 2017,site1,test,site1/video9,56,q8_mask_center_5pct_v1,x=25%-75%; y=25%-75%,0.0743209869,>=0.05,yes
site1/test/video9frame057,EndoVis 2017,site1,test,site1/video9,57,q8_mask_center_5pct_v1,x=25%-75%; y=25%-75%,0.1614853442,>=0.05,yes
site1/test/video9frame058,EndoVis 2017,site1,test,site1/video9,58,q8_mask_center_5pct_v1,x=25%-75%; y=25%-75%,0.0125964507,>=0.05,no
site1/test/video9frame059,EndoVis 2017,site1,test,site1/video9,59,q8_mask_center_5pct_v1,x=25%-75%; y=25%-75%,0.0004359568,>=0.05,no
site1/test/video9frame060,EndoVis 2017,site1,test,site1/video9,60,q8_mask_center_5pct_v1,x=25%-75%; y=25%-75%,0.0823167413,>=0.05,yes
site1/test/video9frame061,EndoVis 2017,site1,test,site1/video9,61,q8_mask_center_5pct_v1,x=25%-75%; y=25%-75%,0.0898186713,>=0.05,yes
site1/test/video9frame062,EndoVis 2017,site1,test,site1/video9,62,q8_mask_center_5pct_v1,x=25%-75%; y=25%-75%,0.0900173634,>=0.05,yes
site1/test/video9frame063,EndoVis 2017,site1,test,site1/video9,63,q8_mask_center_5pct_v1,x=25%-75%; y=25%-75%,0.0246855710,>=0.05,no
site1/test/video9frame064,EndoVis 2017,site1,test,site1/video9,64,q8_mask_center_5pct_v1,x=25%-75%; y=25%-75%,0.0003665123,>=0.05,no
site1/test/video9frame065,EndoVis 2017,site1,test,site1/video9,65,q8_mask_center_5pct_v1,x=25%-75%; y=25%-75%,0.0003665123,>=0.05,no
site1/test/video9frame066,EndoVis 2017,site1,test,site1/video9,66,q8_mask_center_5pct_v1,x=25%-75%; y=25%-75%,0.0000733025,>=0.05,no
site1/test/video9frame067,EndoVis 2017,site1,test,site1/video9,67,q8_mask_center_5pct_v1,x=25%-75%; y=25%-75%,0.1295196712,>=0.05,yes
site1/test/video9frame068,EndoVis 2017,site1,test,site1/video9,68,q8_mask_center_5pct_v1,x=25%-75%; y=25%-75%,0.1155690551,>=0.05,yes
site1/test/video9frame069,EndoVis 2017,site1,test,site1/video9,69,q8_mask_center_5pct_v1,x=25%-75%; y=25%-75%,0.1701890379,>=0.05,yes
site1/test/video9frame070,EndoVis 2017,site1,test,site1/video9,70,q8_mask_center_5pct_v1,x=25%-75%; y=25%-75%,0.0842785463,>=0.05,yes
site1/test/video9frame071,EndoVis 2017,site1,test,site1/video9,71,q8_mask_center_5pct_v1,x=25%-75%; y=25%-75%,0.1581307799,>=0.05,yes
site1/test/video9frame072,EndoVis 2017,site1,test,site1/video9,72,q8_mask_center_5pct_v1,x=25%-75%; y=25%-75%,0.0344791673,>=0.05,no
site1/test/video9frame073,EndoVis 2017,site1,test,site1/video9,73,q8_mask_center_5pct_v1,x=25%-75%; y=25%-75%,0.0000000000,>=0.05,no
site1/test/video9frame074,EndoVis 2017,site1,test,site1/video9,74,q8_mask_center_5pct_v1,x=25%-75%; y=25%-75%,0.0000000000,>=0.05,no
site1/test/video9frame075,EndoVis 2017,site1,test,site1/video9,75,q8_mask_center_5pct_v1,x=25%-75%; y=25%-75%,0.1365663558,>=0.05,yes
site1/test/video9frame076,EndoVis 2017,site1,test,site1/video9,76,q8_mask_center_5pct_v1,x=25%-75%; y=25%-75%,0.0868942887,>=0.05,yes
site1/test/video9frame077,EndoVis 2017,site1,test,site1/video9,77,q8_mask_center_5pct_v1,x=25%-75%; y=25%-75%,0.0000000000,>=0.05,no
site1/test/video9frame078,EndoVis 2017,site1,test,site1/video9,78,q8_mask_center_5pct_v1,x=25%-75%; y=25%-75%,0.0337268524,>=0.05,no
site1/test/video9frame079,EndoVis 2017,site1,test,site1/video9,79,q8_mask_center_5pct_v1,x=25%-75%; y=25%-75%,0.1692361087,>=0.05,yes
site1/test/video9frame080,EndoVis 2017,site1,test,site1/video9,80,q8_mask_center_5pct_v1,x=25%-75%; y=25%-75%,0.0874054804,>=0.05,yes
site1/test/video9frame081,EndoVis 2017,site1,test,site1/video9,81,q8_mask_center_5pct_v1,x=25%-75%; y=25%-75%,0.0340817906,>=0.05,no
site1/test/video9frame082,EndoVis 2017,site1,test,site1/video9,82,q8_mask_center_5pct_v1,x=25%-75%; y=25%-75%,0.0345968381,>=0.05,no
site1/test/video9frame083,EndoVis 2017,site1,test,site1/video9,83,q8_mask_center_5pct_v1,x=25%-75%; y=25%-75%,0.1726909727,>=0.05,yes
site1/test/video9frame084,EndoVis 2017,site1,test,site1/video9,84,q8_mask_center_5pct_v1,x=25%-75%; y=25%-75%,0.1624382734,>=0.05,yes
site1/test/video9frame085,EndoVis 2017,site1,test,site1/video9,85,q8_mask_center_5pct_v1,x=25%-75%; y=25%-75%,0.1322415173,>=0.05,yes
site1/test/video9frame086,EndoVis 2017,site1,test,site1/video9,86,q8_mask_center_5pct_v1,x=25%-75%; y=25%-75%,0.1494695246,>=0.05,yes
site1/test/video9frame087,EndoVis 2017,site1,test,site1/video9,87,q8_mask_center_5pct_v1,x=25%-75%; y=25%-75%,0.1473283172,>=0.05,yes
site1/test/video9frame088,EndoVis 2017,site1,test,site1/video9,88,q8_mask_center_5pct_v1,x=25%-75%; y=25%-75%,0.1281712949,>=0.05,yes
site1/test/video9frame089,EndoVis 2017,site1,test,site1/video9,89,q8_mask_center_5pct_v1,x=25%-75%; y=25%-75%,0.1313638091,>=0.05,yes
site1/test/video9frame090,EndoVis 2017,site1,test,site1/video9,90,q8_mask_center_5pct_v1,x=25%-75%; y=25%-75%,0.1644656658,>=0.05,yes
site1/test/video9frame091,EndoVis 2017,site1,test,site1/video9,91,q8_mask_center_5pct_v1,x=25%-75%; y=25%-75%,0.1419019997,>=0.05,yes
site1/test/video9frame092,EndoVis 2017,site1,test,site1/video9,92,q8_mask_center_5pct_v1,x=25%-75%; y=25%-75%,0.1425887346,>=0.05,yes
site1/test/video9frame093,EndoVis 2017,site1,test,site1/video9,93,q8_mask_center_5pct_v1,x=25%-75%; y=25%-75%,0.1389274746,>=0.05,yes
site1/test/video9frame094,EndoVis 2017,site1,test,site1/video9,94,q8_mask_center_5pct_v1,x=25%-75%; y=25%-75%,0.1392804831,>=0.05,yes
site1/test/video9frame095,EndoVis 2017,site1,test,site1/video9,95,q8_mask_center_5pct_v1,x=25%-75%; y=25%-75%,0.1087307110,>=0.05,yes
site1/test/video9frame096,EndoVis 2017,site1,test,site1/video9,96,q8_mask_center_5pct_v1,x=25%-75%; y=25%-75%,0.1046064794,>=0.05,yes
site1/test/video9frame097,EndoVis 2017,site1,test,site1/video9,97,q8_mask_center_5pct_v1,x=25%-75%; y=25%-75%,0.0312924385,>=0.05,no
site1/test/video9frame098,EndoVis 2017,site1,test,site1/video9,98,q8_mask_center_5pct_v1,x=25%-75%; y=25%-75%,0.0312924385,>=0.05,no
site1/test/video9frame099,EndoVis 2017,site1,test,site1/video9,99,q8_mask_center_5pct_v1,x=25%-75%; y=25%-75%,0.0316956006,>=0.05,no
site1/test/video9frame100,EndoVis 2017,site1,test,site1/video9,100,q8_mask_center_5pct_v1,x=25%-75%; y=25%-75%,0.0777469128,>=0.05,yes
site1/test/video9frame101,EndoVis 2017,site1,test,site1/video9,101,q8_mask_center_5pct_v1,x=25%-75%; y=25%-75%,0.0704224557,>=0.05,yes
site1/test/video9frame102,EndoVis 2017,site1,test,site1/video9,102,q8_mask_center_5pct_v1,x=25%-75%; y=25%-75%,0.1955131143,>=0.05,yes
site1/test/video9frame103,EndoVis 2017,site1,test,site1/video9,103,q8_mask_center_5pct_v1,x=25%-75%; y=25%-75%,0.0802854970,>=0.05,yes
site1/test/video9frame104,EndoVis 2017,site1,test,site1/video9,104,q8_mask_center_5pct_v1,x=25%-75%; y=25%-75%,0.1290412843,>=0.05,yes
site1/test/video9frame105,EndoVis 2017,site1,test,site1/video9,105,q8_mask_center_5pct_v1,x=25%-75%; y=25%-75%,0.1503337175,>=0.05,yes
site1/test/video9frame106,EndoVis 2017,site1,test,site1/video9,106,q8_mask_center_5pct_v1,x=25%-75%; y=25%-75%,0.1551504582,>=0.05,yes
site1/test/video9frame107,EndoVis 2017,site1,test,site1/video9,107,q8_mask_center_5pct_v1,x=25%-75%; y=25%-75%,0.1563464552,>=0.05,yes
site1/test/video9frame108,EndoVis 2017,site1,test,site1/video9,108,q8_mask_center_5pct_v1,x=25%-75%; y=25%-75%,0.1782503873,>=0.05,yes
site1/test/video9frame109,EndoVis 2017,site1,test,site1/video9,109,q8_mask_center_5pct_v1,x=25%-75%; y=25%-75%,0.0775212198,>=0.05,yes
site1/test/video9frame110,EndoVis 2017,site1,test,site1/video9,110,q8_mask_center_5pct_v1,x=25%-75%; y=25%-75%,0.0814486891,>=0.05,yes
site1/test/video9frame111,EndoVis 2017,site1,test,site1/video9,111,q8_mask_center_5pct_v1,x=25%-75%; y=25%-75%,0.0815354958,>=0.05,yes
site1/test/video9frame112,EndoVis 2017,site1,test,site1/video9,112,q8_mask_center_5pct_v1,x=25%-75%; y=25%-75%,0.1438676715,>=0.05,yes
site1/test/video9frame113,EndoVis 2017,site1,test,site1/video9,113,q8_mask_center_5pct_v1,x=25%-75%; y=25%-75%,0.0945621133,>=0.05,yes
site1/test/video9frame114,EndoVis 2017,site1,test,site1/video9,114,q8_mask_center_5pct_v1,x=25%-75%; y=25%-75%,0.0185493827,>=0.05,no
site1/test/video9frame115,EndoVis 2017,site1,test,site1/video9,115,q8_mask_center_5pct_v1,x=25%-75%; y=25%-75%,0.1780092567,>=0.05,yes
site1/test/video9frame116,EndoVis 2017,site1,test,site1/video9,116,q8_mask_center_5pct_v1,x=25%-75%; y=25%-75%,0.0425945222,>=0.05,no
site1/test/video9frame117,EndoVis 2017,site1,test,site1/video9,117,q8_mask_center_5pct_v1,x=25%-75%; y=25%-75%,0.1665026993,>=0.05,yes
site1/test/video9frame118,EndoVis 2017,site1,test,site1/video9,118,q8_mask_center_5pct_v1,x=25%-75%; y=25%-75%,0.0439621918,>=0.05,no
site1/test/video9frame119,EndoVis 2017,site1,test,site1/video9,119,q8_mask_center_5pct_v1,x=25%-75%; y=25%-75%,0.2000694424,>=0.05,yes
site1/test/video9frame120,EndoVis 2017,site1,test,site1/video9,120,q8_mask_center_5pct_v1,x=25%-75%; y=25%-75%,0.1011554748,>=0.05,yes
site1/test/video9frame121,EndoVis 2017,site1,test,site1/video9,121,q8_mask_center_5pct_v1,x=25%-75%; y=25%-75%,0.0485378094,>=0.05,no
site1/test/video9frame122,EndoVis 2017,site1,test,site1/video9,122,q8_mask_center_5pct_v1,x=25%-75%; y=25%-75%,0.0500057861,>=0.05,yes
site1/test/video9frame123,EndoVis 2017,site1,test,site1/video9,123,q8_mask_center_5pct_v1,x=25%-75%; y=25%-75%,0.1591300219,>=0.05,yes
site1/test/video9frame124,EndoVis 2017,site1,test,site1/video9,124,q8_mask_center_5pct_v1,x=25%-75%; y=25%-75%,0.1357581019,>=0.05,yes
site1/test/video9frame125,EndoVis 2017,site1,test,site1/video9,125,q8_mask_center_5pct_v1,x=25%-75%; y=25%-75%,0.0017341821,>=0.05,no
site1/test/video9frame126,EndoVis 2017,site1,test,site1/video9,126,q8_mask_center_5pct_v1,x=25%-75%; y=25%-75%,0.0173630398,>=0.05,no
site1/test/video9frame127,EndoVis 2017,site1,test,site1/video9,127,q8_mask_center_5pct_v1,x=25%-75%; y=25%-75%,0.0194502324,>=0.05,no
site1/test/video9frame128,EndoVis 2017,site1,test,site1/video9,128,q8_mask_center_5pct_v1,x=25%-75%; y=25%-75%,0.0205922071,>=0.05,no
site1/test/video9frame129,EndoVis 2017,site1,test,site1/video9,129,q8_mask_center_5pct_v1,x=25%-75%; y=25%-75%,0.0210243054,>=0.05,no
site1/test/video9frame130,EndoVis 2017,site1,test,site1/video9,130,q8_mask_center_5pct_v1,x=25%-75%; y=25%-75%,0.0196739975,>=0.05,no
site1/test/video9frame131,EndoVis 2017,site1,test,site1/video9,131,q8_mask_center_5pct_v1,x=25%-75%; y=25%-75%,0.0284992289,>=0.05,no
site1/test/video9frame132,EndoVis 2017,site1,test,site1/video9,132,q8_mask_center_5pct_v1,x=25%-75%; y=25%-75%,0.2499768585,>=0.05,yes
site1/test/video9frame133,EndoVis 2017,site1,test,site1/video9,133,q8_mask_center_5pct_v1,x=25%-75%; y=25%-75%,0.2732928097,>=0.05,yes
site1/test/video9frame134,EndoVis 2017,site1,test,site1/video9,134,q8_mask_center_5pct_v1,x=25%-75%; y=25%-75%,0.2663676739,>=0.05,yes
site1/test/video9frame135,EndoVis 2017,site1,test,site1/video9,135,q8_mask_center_5pct_v1,x=25%-75%; y=25%-75%,0.2958314121,>=0.05,yes
site1/test/video9frame136,EndoVis 2017,site1,test,site1/video9,136,q8_mask_center_5pct_v1,x=25%-75%; y=25%-75%,0.2756539285,>=0.05,yes
site1/test/video9frame137,EndoVis 2017,site1,test,site1/video9,137,q8_mask_center_5pct_v1,x=25%-75%; y=25%-75%,0.0330555551,>=0.05,no
site1/test/video9frame138,EndoVis 2017,site1,test,site1/video9,138,q8_mask_center_5pct_v1,x=25%-75%; y=25%-75%,0.0230787043,>=0.05,no
site1/test/video9frame139,EndoVis 2017,site1,test,site1/video9,139,q8_mask_center_5pct_v1,x=25%-75%; y=25%-75%,0.0227353387,>=0.05,no
site1/test/video9frame140,EndoVis 2017,site1,test,site1/video9,140,q8_mask_center_5pct_v1,x=25%-75%; y=25%-75%,0.0380189046,>=0.05,no
site1/test/video9frame141,EndoVis 2017,site1,test,site1/video9,141,q8_mask_center_5pct_v1,x=25%-75%; y=25%-75%,0.0252989978,>=0.05,no
site1/test/video9frame142,EndoVis 2017,site1,test,site1/video9,142,q8_mask_center_5pct_v1,x=25%-75%; y=25%-75%,0.0317785479,>=0.05,no
site1/test/video9frame143,EndoVis 2017,site1,test,site1/video9,143,q8_mask_center_5pct_v1,x=25%-75%; y=25%-75%,0.0492476858,>=0.05,no
site1/test/video9frame144,EndoVis 2017,site1,test,site1/video9,144,q8_mask_center_5pct_v1,x=25%-75%; y=25%-75%,0.1561824828,>=0.05,yes
site1/test/video9frame145,EndoVis 2017,site1,test,site1/video9,145,q8_mask_center_5pct_v1,x=25%-75%; y=25%-75%,0.2446797788,>=0.05,yes
site1/test/video9frame146,EndoVis 2017,site1,test,site1/video9,146,q8_mask_center_5pct_v1,x=25%-75%; y=25%-75%,0.2604725957,>=0.05,yes
site1/test/video9frame147,EndoVis 2017,site1,test,site1/video9,147,q8_mask_center_5pct_v1,x=25%-75%; y=25%-75%,0.2136940658,>=0.05,yes
site1/test/video9frame148,EndoVis 2017,site1,test,site1/video9,148,q8_mask_center_5pct_v1,x=25%-75%; y=25%-75%,0.0582928248,>=0.05,yes
site1/test/video9frame149,EndoVis 2017,site1,test,site1/video9,149,q8_mask_center_5pct_v1,x=25%-75%; y=25%-75%,0.1552430540,>=0.05,yes
site1/test/video9frame150,EndoVis 2017,site1,test,site1/video9,150,q8_mask_center_5pct_v1,x=25%-75%; y=25%-75%,0.1108912006,>=0.05,yes
site1/test/video9frame151,EndoVis 2017,site1,test,site1/video9,151,q8_mask_center_5pct_v1,x=25%-75%; y=25%-75%,0.0742187500,>=0.05,yes
site1/test/video9frame152,EndoVis 2017,site1,test,site1/video9,152,q8_mask_center_5pct_v1,x=25%-75%; y=25%-75%,0.1067264676,>=0.05,yes
site1/test/video9frame153,EndoVis 2017,site1,test,site1/video9,153,q8_mask_center_5pct_v1,x=25%-75%; y=25%-75%,0.0085455244,>=0.05,no
site1/test/video9frame154,EndoVis 2017,site1,test,site1/video9,154,q8_mask_center_5pct_v1,x=25%-75%; y=25%-75%,0.0369926691,>=0.05,no
site1/test/video9frame155,EndoVis 2017,site1,test,site1/video9,155,q8_mask_center_5pct_v1,x=25%-75%; y=25%-75%,0.1057908982,>=0.05,yes
site1/test/video9frame156,EndoVis 2017,site1,test,site1/video9,156,q8_mask_center_5pct_v1,x=25%-75%; y=25%-75%,0.1242052466,>=0.05,yes
site1/test/video9frame157,EndoVis 2017,site1,test,site1/video9,157,q8_mask_center_5pct_v1,x=25%-75%; y=25%-75%,0.0931153521,>=0.05,yes
site1/test/video9frame158,EndoVis 2017,site1,test,site1/video9,158,q8_mask_center_5pct_v1,x=25%-75%; y=25%-75%,0.0590335652,>=0.05,yes
site1/test/video9frame159,EndoVis 2017,site1,test,site1/video9,159,q8_mask_center_5pct_v1,x=25%-75%; y=25%-75%,0.0499440581,>=0.05,no
site1/test/video9frame160,EndoVis 2017,site1,test,site1/video9,160,q8_mask_center_5pct_v1,x=25%-75%; y=25%-75%,0.0458410494,>=0.05,no
site1/test/video9frame161,EndoVis 2017,site1,test,site1/video9,161,q8_mask_center_5pct_v1,x=25%-75%; y=25%-75%,0.0462461412,>=0.05,no
site1/test/video9frame162,EndoVis 2017,site1,test,site1/video9,162,q8_mask_center_5pct_v1,x=25%-75%; y=25%-75%,0.0460609570,>=0.05,no
site1/test/video9frame163,EndoVis 2017,site1,test,site1/video9,163,q8_mask_center_5pct_v1,x=25%-75%; y=25%-75%,0.0461149700,>=0.05,no
site1/test/video9frame164,EndoVis 2017,site1,test,site1/video9,164,q8_mask_center_5pct_v1,x=25%-75%; y=25%-75%,0.0460976064,>=0.05,no
site1/test/video9frame165,EndoVis 2017,site1,test,site1/video9,165,q8_mask_center_5pct_v1,x=25%-75%; y=25%-75%,0.0928202197,>=0.05,yes
site1/test/video9frame166,EndoVis 2017,site1,test,site1/video9,166,q8_mask_center_5pct_v1,x=25%-75%; y=25%-75%,0.0693807900,>=0.05,yes
site1/test/video9frame167,EndoVis 2017,site1,test,site1/video9,167,q8_mask_center_5pct_v1,x=25%-75%; y=25%-75%,0.0607561730,>=0.05,yes
site1/test/video9frame168,EndoVis 2017,site1,test,site1/video9,168,q8_mask_center_5pct_v1,x=25%-75%; y=25%-75%,0.0392746925,>=0.05,no
site1/test/video9frame169,EndoVis 2017,site1,test,site1/video9,169,q8_mask_center_5pct_v1,x=25%-75%; y=25%-75%,0.0134510035,>=0.05,no
site1/test/video9frame170,EndoVis 2017,site1,test,site1/video9,170,q8_mask_center_5pct_v1,x=25%-75%; y=25%-75%,0.0104976855,>=0.05,no
site1/test/video9frame171,EndoVis 2017,site1,test,site1/video9,171,q8_mask_center_5pct_v1,x=25%-75%; y=25%-75%,0.1180999205,>=0.05,yes
site1/test/video9frame172,EndoVis 2017,site1,test,site1/video9,172,q8_mask_center_5pct_v1,x=25%-75%; y=25%-75%,0.1167997718,>=0.05,yes
site1/test/video9frame173,EndoVis 2017,site1,test,site1/video9,173,q8_mask_center_5pct_v1,x=25%-75%; y=25%-75%,0.1231134236,>=0.05,yes
site1/test/video9frame174,EndoVis 2017,site1,test,site1/video9,174,q8_mask_center_5pct_v1,x=25%-75%; y=25%-75%,0.0000000000,>=0.05,no
site1/test/video9frame175,EndoVis 2017,site1,test,site1/video9,175,q8_mask_center_5pct_v1,x=25%-75%; y=25%-75%,0.0894540921,>=0.05,yes
site1/test/video9frame176,EndoVis 2017,site1,test,site1/video9,176,q8_mask_center_5pct_v1,x=25%-75%; y=25%-75%,0.0523900464,>=0.05,yes
site1/test/video9frame177,EndoVis 2017,site1,test,site1/video9,177,q8_mask_center_5pct_v1,x=25%-75%; y=25%-75%,0.0094907405,>=0.05,no
site1/test/video9frame178,EndoVis 2017,site1,test,site1/video9,178,q8_mask_center_5pct_v1,x=25%-75%; y=25%-75%,0.0206558648,>=0.05,no
site1/test/video9frame179,EndoVis 2017,site1,test,site1/video9,179,q8_mask_center_5pct_v1,x=25%-75%; y=25%-75%,0.0269116517,>=0.05,no
site1/test/video9frame180,EndoVis 2017,site1,test,site1/video9,180,q8_mask_center_5pct_v1,x=25%-75%; y=25%-75%,0.3187017739,>=0.05,yes
site1/test/video9frame181,EndoVis 2017,site1,test,site1/video9,181,q8_mask_center_5pct_v1,x=25%-75%; y=25%-75%,0.3453452885,>=0.05,yes
site1/test/video9frame182,EndoVis 2017,site1,test,site1/video9,182,q8_mask_center_5pct_v1,x=25%-75%; y=25%-75%,0.3883873522,>=0.05,yes
site1/test/video9frame183,EndoVis 2017,site1,test,site1/video9,183,q8_mask_center_5pct_v1,x=25%-75%; y=25%-75%,0.3677662015,>=0.05,yes
site1/test/video9frame184,EndoVis 2017,site1,test,site1/video9,184,q8_mask_center_5pct_v1,x=25%-75%; y=25%-75%,0.3581442833,>=0.05,yes
site1/test/video9frame185,EndoVis 2017,site1,test,site1/video9,185,q8_mask_center_5pct_v1,x=25%-75%; y=25%-75%,0.3637114167,>=0.05,yes
site1/test/video9frame186,EndoVis 2017,site1,test,site1/video9,186,q8_mask_center_5pct_v1,x=25%-75%; y=25%-75%,0.2713773251,>=0.05,yes
site1/test/video9frame187,EndoVis 2017,site1,test,site1/video9,187,q8_mask_center_5pct_v1,x=25%-75%; y=25%-75%,0.2423591763,>=0.05,yes
site1/test/video9frame188,EndoVis 2017,site1,test,site1/video9,188,q8_mask_center_5pct_v1,x=25%-75%; y=25%-75%,0.2218441367,>=0.05,yes
site1/test/video9frame189,EndoVis 2017,site1,test,site1/video9,189,q8_mask_center_5pct_v1,x=25%-75%; y=25%-75%,0.1871778518,>=0.05,yes
site1/test/video9frame190,EndoVis 2017,site1,test,site1/video9,190,q8_mask_center_5pct_v1,x=25%-75%; y=25%-75%,0.2685146630,>=0.05,yes
site1/test/video9frame191,EndoVis 2017,site1,test,site1/video9,191,q8_mask_center_5pct_v1,x=25%-75%; y=25%-75%,0.2903703749,>=0.05,yes
site1/test/video9frame192,EndoVis 2017,site1,test,site1/video9,192,q8_mask_center_5pct_v1,x=25%-75%; y=25%-75%,0.2317611873,>=0.05,yes
site1/test/video9frame193,EndoVis 2017,site1,test,site1/video9,193,q8_mask_center_5pct_v1,x=25%-75%; y=25%-75%,0.2147878110,>=0.05,yes
site1/test/video9frame194,EndoVis 2017,site1,test,site1/video9,194,q8_mask_center_5pct_v1,x=25%-75%; y=25%-75%,0.1803433597,>=0.05,yes
site1/test/video9frame195,EndoVis 2017,site1,test,site1/video9,195,q8_mask_center_5pct_v1,x=25%-75%; y=25%-75%,0.1745949090,>=0.05,yes
site1/test/video9frame196,EndoVis 2017,site1,test,site1/video9,196,q8_mask_center_5pct_v1,x=25%-75%; y=25%-75%,0.0894328728,>=0.05,yes
site1/test/video9frame197,EndoVis 2017,site1,test,site1/video9,197,q8_mask_center_5pct_v1,x=25%-75%; y=25%-75%,0.1455960721,>=0.05,yes
site1/test/video9frame198,EndoVis 2017,site1,test,site1/video9,198,q8_mask_center_5pct_v1,x=25%-75%; y=25%-75%,0.2479822487,>=0.05,yes
site1/test/video9frame199,EndoVis 2017,site1,test,site1/video9,199,q8_mask_center_5pct_v1,x=25%-75%; y=25%-75%,0.1216107234,>=0.05,yes
site1/test/video9frame200,EndoVis 2017,site1,test,site1/video9,200,q8_mask_center_5pct_v1,x=25%-75%; y=25%-75%,0.1125019267,>=0.05,yes
site1/test/video9frame201,EndoVis 2017,site1,test,site1/video9,201,q8_mask_center_5pct_v1,x=25%-75%; y=25%-75%,0.1434394270,>=0.05,yes
site1/test/video9frame202,EndoVis 2017,site1,test,site1/video9,202,q8_mask_center_5pct_v1,x=25%-75%; y=25%-75%,0.1554301679,>=0.05,yes
site1/test/video9frame203,EndoVis 2017,site1,test,site1/video9,203,q8_mask_center_5pct_v1,x=25%-75%; y=25%-75%,0.0241222996,>=0.05,no
site1/test/video9frame204,EndoVis 2017,site1,test,site1/video9,204,q8_mask_center_5pct_v1,x=25%-75%; y=25%-75%,0.0775597990,>=0.05,yes
site1/test/video9frame205,EndoVis 2017,site1,test,site1/video9,205,q8_mask_center_5pct_v1,x=25%-75%; y=25%-75%,0.0714544728,>=0.05,yes
site1/test/video9frame206,EndoVis 2017,site1,test,site1/video9,206,q8_mask_center_5pct_v1,x=25%-75%; y=25%-75%,0.1302835643,>=0.05,yes
site1/test/video9frame207,EndoVis 2017,site1,test,site1/video9,207,q8_mask_center_5pct_v1,x=25%-75%; y=25%-75%,0.0974864960,>=0.05,yes
site1/test/video9frame208,EndoVis 2017,site1,test,site1/video9,208,q8_mask_center_5pct_v1,x=25%-75%; y=25%-75%,0.0000000000,>=0.05,no
site1/test/video9frame209,EndoVis 2017,site1,test,site1/video9,209,q8_mask_center_5pct_v1,x=25%-75%; y=25%-75%,0.0006462191,>=0.05,no
site1/test/video9frame210,EndoVis 2017,site1,test,site1/video9,210,q8_mask_center_5pct_v1,x=25%-75%; y=25%-75%,0.0000000000,>=0.05,no
site1/test/video9frame211,EndoVis 2017,site1,test,site1/video9,211,q8_mask_center_5pct_v1,x=25%-75%; y=25%-75%,0.0000289352,>=0.05,no
site1/test/video9frame212,EndoVis 2017,site1,test,site1/video9,212,q8_mask_center_5pct_v1,x=25%-75%; y=25%-75%,0.1348572522,>=0.05,yes
site1/test/video9frame213,EndoVis 2017,site1,test,site1/video9,213,q8_mask_center_5pct_v1,x=25%-75%; y=25%-75%,0.1241647378,>=0.05,yes
site1/test/video9frame214,EndoVis 2017,site1,test,site1/video9,214,q8_mask_center_5pct_v1,x=25%-75%; y=25%-75%,0.1481539309,>=0.05,yes
site1/test/video9frame215,EndoVis 2017,site1,test,site1/video9,215,q8_mask_center_5pct_v1,x=25%-75%; y=25%-75%,0.0982581005,>=0.05,yes
site1/test/video9frame216,EndoVis 2017,site1,test,site1/video9,216,q8_mask_center_5pct_v1,x=25%-75%; y=25%-75%,0.0992322564,>=0.05,yes
site1/test/video9frame217,EndoVis 2017,site1,test,site1/video9,217,q8_mask_center_5pct_v1,x=25%-75%; y=25%-75%,0.0546682104,>=0.05,yes
site1/test/video9frame218,EndoVis 2017,site1,test,site1/video9,218,q8_mask_center_5pct_v1,x=25%-75%; y=25%-75%,0.1308680624,>=0.05,yes
site1/test/video9frame219,EndoVis 2017,site1,test,site1/video9,219,q8_mask_center_5pct_v1,x=25%-75%; y=25%-75%,0.1283179075,>=0.05,yes
site1/test/video9frame220,EndoVis 2017,site1,test,site1/video9,220,q8_mask_center_5pct_v1,x=25%-75%; y=25%-75%,0.1148900464,>=0.05,yes
site1/test/video9frame221,EndoVis 2017,site1,test,site1/video9,221,q8_mask_center_5pct_v1,x=25%-75%; y=25%-75%,0.1412673593,>=0.05,yes
site1/test/video9frame222,EndoVis 2017,site1,test,site1/video9,222,q8_mask_center_5pct_v1,x=25%-75%; y=25%-75%,0.1480053961,>=0.05,yes
site1/test/video9frame223,EndoVis 2017,site1,test,site1/video9,223,q8_mask_center_5pct_v1,x=25%-75%; y=25%-75%,0.1687442064,>=0.05,yes
site1/test/video9frame224,EndoVis 2017,site1,test,site1/video9,224,q8_mask_center_5pct_v1,x=25%-75%; y=25%-75%,0.0531327166,>=0.05,yes
site1/test/video9frame225,EndoVis 2017,site1,test,site1/video9,225,q8_mask_center_5pct_v1,x=25%-75%; y=25%-75%,0.0983757749,>=0.05,yes
site1/test/video9frame226,EndoVis 2017,site1,test,site1/video9,226,q8_mask_center_5pct_v1,x=25%-75%; y=25%-75%,0.0166280866,>=0.05,no
site1/test/video9frame227,EndoVis 2017,site1,test,site1/video9,227,q8_mask_center_5pct_v1,x=25%-75%; y=25%-75%,0.0242303237,>=0.05,no
site1/test/video9frame228,EndoVis 2017,site1,test,site1/video9,228,q8_mask_center_5pct_v1,x=25%-75%; y=25%-75%,0.0187364966,>=0.05,no
site1/test/video9frame229,EndoVis 2017,site1,test,site1/video9,229,q8_mask_center_5pct_v1,x=25%-75%; y=25%-75%,0.0183584113,>=0.05,no
site1/test/video9frame230,EndoVis 2017,site1,test,site1/video9,230,q8_mask_center_5pct_v1,x=25%-75%; y=25%-75%,0.0147627313,>=0.05,no
site1/test/video9frame231,EndoVis 2017,site1,test,site1/video9,231,q8_mask_center_5pct_v1,x=25%-75%; y=25%-75%,0.1027951390,>=0.05,yes
site1/test/video9frame232,EndoVis 2017,site1,test,site1/video9,232,q8_mask_center_5pct_v1,x=25%-75%; y=25%-75%,0.0000000000,>=0.05,no
site1/test/video9frame233,EndoVis 2017,site1,test,site1/video9,233,q8_mask_center_5pct_v1,x=25%-75%; y=25%-75%,0.0487114191,>=0.05,no
site1/test/video9frame234,EndoVis 2017,site1,test,site1/video9,234,q8_mask_center_5pct_v1,x=25%-75%; y=25%-75%,0.0612152778,>=0.05,yes
site1/test/video9frame235,EndoVis 2017,site1,test,site1/video9,235,q8_mask_center_5pct_v1,x=25%-75%; y=25%-75%,0.1576523930,>=0.05,yes
site1/test/video9frame236,EndoVis 2017,site1,test,site1/video9,236,q8_mask_center_5pct_v1,x=25%-75%; y=25%-75%,0.0097492281,>=0.05,no
site1/test/video9frame237,EndoVis 2017,site1,test,site1/video9,237,q8_mask_center_5pct_v1,x=25%-75%; y=25%-75%,0.1535532475,>=0.05,yes
site1/test/video9frame238,EndoVis 2017,site1,test,site1/video9,238,q8_mask_center_5pct_v1,x=25%-75%; y=25%-75%,0.0000000000,>=0.05,no
site1/test/video9frame239,EndoVis 2017,site1,test,site1/video9,239,q8_mask_center_5pct_v1,x=25%-75%; y=25%-75%,0.0000000000,>=0.05,no
site1/test/video9frame240,EndoVis 2017,site1,test,site1/video9,240,q8_mask_center_5pct_v1,x=25%-75%; y=25%-75%,0.0000000000,>=0.05,no
site1/test/video9frame241,EndoVis 2017,site1,test,site1/video9,241,q8_mask_center_5pct_v1,x=25%-75%; y=25%-75%,0.0028954474,>=0.05,no
site1/test/video9frame242,EndoVis 2017,site1,test,site1/video9,242,q8_mask_center_5pct_v1,x=25%-75%; y=25%-75%,0.2060956806,>=0.05,yes
site1/test/video9frame243,EndoVis 2017,site1,test,site1/video9,243,q8_mask_center_5pct_v1,x=25%-75%; y=25%-75%,0.2497280091,>=0.05,yes
site1/test/video9frame244,EndoVis 2017,site1,test,site1/video9,244,q8_mask_center_5pct_v1,x=25%-75%; y=25%-75%,0.2637403607,>=0.05,yes
site1/test/video9frame245,EndoVis 2017,site1,test,site1/video9,245,q8_mask_center_5pct_v1,x=25%-75%; y=25%-75%,0.2741898000,>=0.05,yes
site1/test/video9frame246,EndoVis 2017,site1,test,site1/video9,246,q8_mask_center_5pct_v1,x=25%-75%; y=25%-75%,0.1749247760,>=0.05,yes
site1/test/video9frame247,EndoVis 2017,site1,test,site1/video9,247,q8_mask_center_5pct_v1,x=25%-75%; y=25%-75%,0.2396180630,>=0.05,yes
site1/test/video9frame248,EndoVis 2017,site1,test,site1/video9,248,q8_mask_center_5pct_v1,x=25%-75%; y=25%-75%,0.2074247748,>=0.05,yes
site1/test/video9frame249,EndoVis 2017,site1,test,site1/video9,249,q8_mask_center_5pct_v1,x=25%-75%; y=25%-75%,0.2100501508,>=0.05,yes
site1/test/video9frame250,EndoVis 2017,site1,test,site1/video9,250,q8_mask_center_5pct_v1,x=25%-75%; y=25%-75%,0.1618576348,>=0.05,yes
site1/test/video9frame251,EndoVis 2017,site1,test,site1/video9,251,q8_mask_center_5pct_v1,x=25%-75%; y=25%-75%,0.2021817118,>=0.05,yes
site1/test/video9frame252,EndoVis 2017,site1,test,site1/video9,252,q8_mask_center_5pct_v1,x=25%-75%; y=25%-75%,0.1863233000,>=0.05,yes
site1/test/video9frame253,EndoVis 2017,site1,test,site1/video9,253,q8_mask_center_5pct_v1,x=25%-75%; y=25%-75%,0.1754764616,>=0.05,yes
site1/test/video9frame254,EndoVis 2017,site1,test,site1/video9,254,q8_mask_center_5pct_v1,x=25%-75%; y=25%-75%,0.1455941349,>=0.05,yes
site1/test/video9frame255,EndoVis 2017,site1,test,site1/video9,255,q8_mask_center_5pct_v1,x=25%-75%; y=25%-75%,0.1862480640,>=0.05,yes
site1/test/video9frame256,EndoVis 2017,site1,test,site1/video9,256,q8_mask_center_5pct_v1,x=25%-75%; y=25%-75%,0.1481462121,>=0.05,yes
site1/test/video9frame257,EndoVis 2017,site1,test,site1/video9,257,q8_mask_center_5pct_v1,x=25%-75%; y=25%-75%,0.0723765418,>=0.05,yes
site1/test/video9frame258,EndoVis 2017,site1,test,site1/video9,258,q8_mask_center_5pct_v1,x=25%-75%; y=25%-75%,0.1312229931,>=0.05,yes
site1/test/video9frame259,EndoVis 2017,site1,test,site1/video9,259,q8_mask_center_5pct_v1,x=25%-75%; y=25%-75%,0.0108371917,>=0.05,no
site1/test/video9frame260,EndoVis 2017,site1,test,site1/video9,260,q8_mask_center_5pct_v1,x=25%-75%; y=25%-75%,0.1425713748,>=0.05,yes
site1/test/video9frame261,EndoVis 2017,site1,test,site1/video9,261,q8_mask_center_5pct_v1,x=25%-75%; y=25%-75%,0.0663580224,>=0.05,yes
site1/test/video9frame262,EndoVis 2017,site1,test,site1/video9,262,q8_mask_center_5pct_v1,x=25%-75%; y=25%-75%,0.0820273906,>=0.05,yes
site1/test/video9frame263,EndoVis 2017,site1,test,site1/video9,263,q8_mask_center_5pct_v1,x=25%-75%; y=25%-75%,0.0498939045,>=0.05,no
site1/test/video9frame264,EndoVis 2017,site1,test,site1/video9,264,q8_mask_center_5pct_v1,x=25%-75%; y=25%-75%,0.0073668980,>=0.05,no
site1/test/video9frame265,EndoVis 2017,site1,test,site1/video9,265,q8_mask_center_5pct_v1,x=25%-75%; y=25%-75%,0.0632581040,>=0.05,yes
site1/test/video9frame266,EndoVis 2017,site1,test,site1/video9,266,q8_mask_center_5pct_v1,x=25%-75%; y=25%-75%,0.0362982266,>=0.05,no
site1/test/video9frame267,EndoVis 2017,site1,test,site1/video9,267,q8_mask_center_5pct_v1,x=25%-75%; y=25%-75%,0.0146277007,>=0.05,no
site1/test/video9frame268,EndoVis 2017,site1,test,site1/video9,268,q8_mask_center_5pct_v1,x=25%-75%; y=25%-75%,0.0847453699,>=0.05,yes
site1/test/video9frame269,EndoVis 2017,site1,test,site1/video9,269,q8_mask_center_5pct_v1,x=25%-75%; y=25%-75%,0.0308410488,>=0.05,no
site1/test/video9frame270,EndoVis 2017,site1,test,site1/video9,270,q8_mask_center_5pct_v1,x=25%-75%; y=25%-75%,0.0273302477,>=0.05,no
site1/test/video9frame271,EndoVis 2017,site1,test,site1/video9,271,q8_mask_center_5pct_v1,x=25%-75%; y=25%-75%,0.1954166740,>=0.05,yes
site1/test/video9frame272,EndoVis 2017,site1,test,site1/video9,272,q8_mask_center_5pct_v1,x=25%-75%; y=25%-75%,0.1593634188,>=0.05,yes
site1/test/video9frame273,EndoVis 2017,site1,test,site1/video9,273,q8_mask_center_5pct_v1,x=25%-75%; y=25%-75%,0.1781018525,>=0.05,yes
site1/test/video9frame274,EndoVis 2017,site1,test,site1/video9,274,q8_mask_center_5pct_v1,x=25%-75%; y=25%-75%,0.1447415054,>=0.05,yes
site1/test/video9frame275,EndoVis 2017,site1,test,site1/video9,275,q8_mask_center_5pct_v1,x=25%-75%; y=25%-75%,0.1943749934,>=0.05,yes
site1/test/video9frame276,EndoVis 2017,site1,test,site1/video9,276,q8_mask_center_5pct_v1,x=25%-75%; y=25%-75%,0.2122106552,>=0.05,yes
site1/test/video9frame277,EndoVis 2017,site1,test,site1/video9,277,q8_mask_center_5pct_v1,x=25%-75%; y=25%-75%,0.0713097975,>=0.05,yes
site1/test/video9frame278,EndoVis 2017,site1,test,site1/video9,278,q8_mask_center_5pct_v1,x=25%-75%; y=25%-75%,0.2074016184,>=0.05,yes
site1/test/video9frame279,EndoVis 2017,site1,test,site1/video9,279,q8_mask_center_5pct_v1,x=25%-75%; y=25%-75%,0.2043730766,>=0.05,yes
site1/test/video9frame280,EndoVis 2017,site1,test,site1/video9,280,q8_mask_center_5pct_v1,x=25%-75%; y=25%-75%,0.1785609573,>=0.05,yes
site1/test/video9frame281,EndoVis 2017,site1,test,site1/video9,281,q8_mask_center_5pct_v1,x=25%-75%; y=25%-75%,0.1820177436,>=0.05,yes
site1/test/video9frame282,EndoVis 2017,site1,test,site1/video9,282,q8_mask_center_5pct_v1,x=25%-75%; y=25%-75%,0.2185223699,>=0.05,yes
site1/test/video9frame283,EndoVis 2017,site1,test,site1/video9,283,q8_mask_center_5pct_v1,x=25%-75%; y=25%-75%,0.1976871192,>=0.05,yes
site1/test/video9frame284,EndoVis 2017,site1,test,site1/video9,284,q8_mask_center_5pct_v1,x=25%-75%; y=25%-75%,0.1964814812,>=0.05,yes
site1/test/video9frame285,EndoVis 2017,site1,test,site1/video9,285,q8_mask_center_5pct_v1,x=25%-75%; y=25%-75%,0.1906944513,>=0.05,yes
site1/test/video9frame286,EndoVis 2017,site1,test,site1/video9,286,q8_mask_center_5pct_v1,x=25%-75%; y=25%-75%,0.1880613416,>=0.05,yes
site1/test/video9frame287,EndoVis 2017,site1,test,site1/video9,287,q8_mask_center_5pct_v1,x=25%-75%; y=25%-75%,0.2021199912,>=0.05,yes
site1/test/video9frame288,EndoVis 2017,site1,test,site1/video9,288,q8_mask_center_5pct_v1,x=25%-75%; y=25%-75%,0.2013985366,>=0.05,yes
site1/test/video9frame289,EndoVis 2017,site1,test,site1/video9,289,q8_mask_center_5pct_v1,x=25%-75%; y=25%-75%,0.1929571778,>=0.05,yes
site1/test/video9frame290,EndoVis 2017,site1,test,site1/video9,290,q8_mask_center_5pct_v1,x=25%-75%; y=25%-75%,0.1991473734,>=0.05,yes
site1/test/video9frame291,EndoVis 2017,site1,test,site1/video9,291,q8_mask_center_5pct_v1,x=25%-75%; y=25%-75%,0.1934162825,>=0.05,yes
site1/test/video9frame292,EndoVis 2017,site1,test,site1/video9,292,q8_mask_center_5pct_v1,x=25%-75%; y=25%-75%,0.1868287027,>=0.05,yes
site1/test/video9frame293,EndoVis 2017,site1,test,site1/video9,293,q8_mask_center_5pct_v1,x=25%-75%; y=25%-75%,0.2031114995,>=0.05,yes
site1/test/video9frame294,EndoVis 2017,site1,test,site1/video9,294,q8_mask_center_5pct_v1,x=25%-75%; y=25%-75%,0.1500482261,>=0.05,yes
site1/test/video9frame295,EndoVis 2017,site1,test,site1/video9,295,q8_mask_center_5pct_v1,x=25%-75%; y=25%-75%,0.1982908994,>=0.05,yes
site1/test/video9frame296,EndoVis 2017,site1,test,site1/video9,296,q8_mask_center_5pct_v1,x=25%-75%; y=25%-75%,0.1793422103,>=0.05,yes
site1/test/video9frame297,EndoVis 2017,site1,test,site1/video9,297,q8_mask_center_5pct_v1,x=25%-75%; y=25%-75%,0.0804301724,>=0.05,yes
site1/test/video9frame298,EndoVis 2017,site1,test,site1/video9,298,q8_mask_center_5pct_v1,x=25%-75%; y=25%-75%,0.0971122682,>=0.05,yes
site1/test/video9frame299,EndoVis 2017,site1,test,site1/video9,299,q8_mask_center_5pct_v1,x=25%-75%; y=25%-75%,0.0928973779,>=0.05,yes
site2/train/video10frame000,EndoVis 2018,site2,train,site2/video10,0,q8_mask_center_5pct_v1,x=25%-75%; y=25%-75%,0.0440429673,>=0.05,no
site2/train/video10frame001,EndoVis 2018,site2,train,site2/video10,1,q8_mask_center_5pct_v1,x=25%-75%; y=25%-75%,0.0000000000,>=0.05,no
site2/train/video10frame002,EndoVis 2018,site2,train,site2/video10,2,q8_mask_center_5pct_v1,x=25%-75%; y=25%-75%,0.0571929924,>=0.05,yes
site2/train/video10frame003,EndoVis 2018,site2,train,site2/video10,3,q8_mask_center_5pct_v1,x=25%-75%; y=25%-75%,0.0642608628,>=0.05,yes
site2/train/video10frame004,EndoVis 2018,site2,train,site2/video10,4,q8_mask_center_5pct_v1,x=25%-75%; y=25%-75%,0.0866882354,>=0.05,yes
site2/train/video10frame005,EndoVis 2018,site2,train,site2/video10,5,q8_mask_center_5pct_v1,x=25%-75%; y=25%-75%,0.0333435051,>=0.05,no
site2/train/video10frame006,EndoVis 2018,site2,train,site2/video10,6,q8_mask_center_5pct_v1,x=25%-75%; y=25%-75%,0.0484344475,>=0.05,no
site2/train/video10frame007,EndoVis 2018,site2,train,site2/video10,7,q8_mask_center_5pct_v1,x=25%-75%; y=25%-75%,0.0492828377,>=0.05,no
site2/train/video10frame008,EndoVis 2018,site2,train,site2/video10,8,q8_mask_center_5pct_v1,x=25%-75%; y=25%-75%,0.2049591094,>=0.05,yes
site2/train/video10frame009,EndoVis 2018,site2,train,site2/video10,9,q8_mask_center_5pct_v1,x=25%-75%; y=25%-75%,0.1671295166,>=0.05,yes
site2/train/video10frame010,EndoVis 2018,site2,train,site2/video10,10,q8_mask_center_5pct_v1,x=25%-75%; y=25%-75%,0.1169677749,>=0.05,yes
site2/train/video10frame011,EndoVis 2018,site2,train,site2/video10,11,q8_mask_center_5pct_v1,x=25%-75%; y=25%-75%,0.2515380979,>=0.05,yes
site2/train/video10frame012,EndoVis 2018,site2,train,site2/video10,12,q8_mask_center_5pct_v1,x=25%-75%; y=25%-75%,0.1629119813,>=0.05,yes
site2/train/video10frame013,EndoVis 2018,site2,train,site2/video10,13,q8_mask_center_5pct_v1,x=25%-75%; y=25%-75%,0.1757232696,>=0.05,yes
site2/train/video10frame014,EndoVis 2018,site2,train,site2/video10,14,q8_mask_center_5pct_v1,x=25%-75%; y=25%-75%,0.2874206603,>=0.05,yes
site2/train/video10frame015,EndoVis 2018,site2,train,site2/video10,15,q8_mask_center_5pct_v1,x=25%-75%; y=25%-75%,0.1522949189,>=0.05,yes
site2/train/video10frame016,EndoVis 2018,site2,train,site2/video10,16,q8_mask_center_5pct_v1,x=25%-75%; y=25%-75%,0.0938293487,>=0.05,yes
site2/train/video10frame017,EndoVis 2018,site2,train,site2/video10,17,q8_mask_center_5pct_v1,x=25%-75%; y=25%-75%,0.1927215606,>=0.05,yes
site2/train/video10frame018,EndoVis 2018,site2,train,site2/video10,18,q8_mask_center_5pct_v1,x=25%-75%; y=25%-75%,0.1110961884,>=0.05,yes
site2/train/video10frame019,EndoVis 2018,site2,train,site2/video10,19,q8_mask_center_5pct_v1,x=25%-75%; y=25%-75%,0.2606628537,>=0.05,yes
site2/train/video10frame020,EndoVis 2018,site2,train,site2/video10,20,q8_mask_center_5pct_v1,x=25%-75%; y=25%-75%,0.1088287383,>=0.05,yes
site2/train/video10frame021,EndoVis 2018,site2,train,site2/video10,21,q8_mask_center_5pct_v1,x=25%-75%; y=25%-75%,0.1619842499,>=0.05,yes
site2/train/video10frame022,EndoVis 2018,site2,train,site2/video10,22,q8_mask_center_5pct_v1,x=25%-75%; y=25%-75%,0.0899078399,>=0.05,yes
site2/train/video10frame023,EndoVis 2018,site2,train,site2/video10,23,q8_mask_center_5pct_v1,x=25%-75%; y=25%-75%,0.1378814727,>=0.05,yes
site2/train/video10frame024,EndoVis 2018,site2,train,site2/video10,24,q8_mask_center_5pct_v1,x=25%-75%; y=25%-75%,0.2094207704,>=0.05,yes
site2/train/video10frame025,EndoVis 2018,site2,train,site2/video10,25,q8_mask_center_5pct_v1,x=25%-75%; y=25%-75%,0.1933105439,>=0.05,yes
site2/train/video10frame026,EndoVis 2018,site2,train,site2/video10,26,q8_mask_center_5pct_v1,x=25%-75%; y=25%-75%,0.2046264708,>=0.05,yes
site2/train/video10frame027,EndoVis 2018,site2,train,site2/video10,27,q8_mask_center_5pct_v1,x=25%-75%; y=25%-75%,0.2372100800,>=0.05,yes
site2/train/video10frame028,EndoVis 2018,site2,train,site2/video10,28,q8_mask_center_5pct_v1,x=25%-75%; y=25%-75%,0.0400238037,>=0.05,no
site2/train/video10frame029,EndoVis 2018,site2,train,site2/video10,29,q8_mask_center_5pct_v1,x=25%-75%; y=25%-75%,0.1815551817,>=0.05,yes
site2/train/video10frame030,EndoVis 2018,site2,train,site2/video10,30,q8_mask_center_5pct_v1,x=25%-75%; y=25%-75%,0.1898742616,>=0.05,yes
site2/train/video10frame031,EndoVis 2018,site2,train,site2/video10,31,q8_mask_center_5pct_v1,x=25%-75%; y=25%-75%,0.1188507080,>=0.05,yes
site2/train/video10frame032,EndoVis 2018,site2,train,site2/video10,32,q8_mask_center_5pct_v1,x=25%-75%; y=25%-75%,0.1937438995,>=0.05,yes
site2/train/video10frame033,EndoVis 2018,site2,train,site2/video10,33,q8_mask_center_5pct_v1,x=25%-75%; y=25%-75%,0.1528228819,>=0.05,yes
site2/train/video10frame034,EndoVis 2018,site2,train,site2/video10,34,q8_mask_center_5pct_v1,x=25%-75%; y=25%-75%,0.2243164033,>=0.05,yes
site2/train/video10frame035,EndoVis 2018,site2,train,site2/video10,35,q8_mask_center_5pct_v1,x=25%-75%; y=25%-75%,0.0767395049,>=0.05,yes
site2/train/video10frame036,EndoVis 2018,site2,train,site2/video10,36,q8_mask_center_5pct_v1,x=25%-75%; y=25%-75%,0.2129364014,>=0.05,yes
site2/train/video10frame037,EndoVis 2018,site2,train,site2/video10,37,q8_mask_center_5pct_v1,x=25%-75%; y=25%-75%,0.1665954590,>=0.05,yes
site2/train/video10frame038,EndoVis 2018,site2,train,site2/video10,38,q8_mask_center_5pct_v1,x=25%-75%; y=25%-75%,0.1426177919,>=0.05,yes
site2/train/video10frame039,EndoVis 2018,site2,train,site2/video10,39,q8_mask_center_5pct_v1,x=25%-75%; y=25%-75%,0.2591339052,>=0.05,yes
site2/train/video10frame040,EndoVis 2018,site2,train,site2/video10,40,q8_mask_center_5pct_v1,x=25%-75%; y=25%-75%,0.0268737786,>=0.05,no
site2/train/video10frame041,EndoVis 2018,site2,train,site2/video10,41,q8_mask_center_5pct_v1,x=25%-75%; y=25%-75%,0.1020355225,>=0.05,yes
site2/train/video10frame042,EndoVis 2018,site2,train,site2/video10,42,q8_mask_center_5pct_v1,x=25%-75%; y=25%-75%,0.2474639863,>=0.05,yes
site2/train/video10frame043,EndoVis 2018,site2,train,site2/video10,43,q8_mask_center_5pct_v1,x=25%-75%; y=25%-75%,0.0004791260,>=0.05,no
site2/train/video10frame044,EndoVis 2018,site2,train,site2/video10,44,q8_mask_center_5pct_v1,x=25%-75%; y=25%-75%,0.0415863022,>=0.05,no
site2/train/video10frame045,EndoVis 2018,site2,train,site2/video10,45,q8_mask_center_5pct_v1,x=25%-75%; y=25%-75%,0.1521118134,>=0.05,yes
site2/train/video10frame046,EndoVis 2018,site2,train,site2/video10,46,q8_mask_center_5pct_v1,x=25%-75%; y=25%-75%,0.0307617188,>=0.05,no
site2/train/video10frame047,EndoVis 2018,site2,train,site2/video10,47,q8_mask_center_5pct_v1,x=25%-75%; y=25%-75%,0.1536956728,>=0.05,yes
site2/train/video10frame048,EndoVis 2018,site2,train,site2/video10,48,q8_mask_center_5pct_v1,x=25%-75%; y=25%-75%,0.1847930849,>=0.05,yes
site2/train/video10frame049,EndoVis 2018,site2,train,site2/video10,49,q8_mask_center_5pct_v1,x=25%-75%; y=25%-75%,0.2250305116,>=0.05,yes
site2/train/video10frame050,EndoVis 2018,site2,train,site2/video10,50,q8_mask_center_5pct_v1,x=25%-75%; y=25%-75%,0.1599670351,>=0.05,yes
site2/train/video10frame051,EndoVis 2018,site2,train,site2/video10,51,q8_mask_center_5pct_v1,x=25%-75%; y=25%-75%,0.0109374998,>=0.05,no
site2/train/video10frame052,EndoVis 2018,site2,train,site2/video10,52,q8_mask_center_5pct_v1,x=25%-75%; y=25%-75%,0.1218383759,>=0.05,yes
site2/train/video10frame053,EndoVis 2018,site2,train,site2/video10,53,q8_mask_center_5pct_v1,x=25%-75%; y=25%-75%,0.2883148193,>=0.05,yes
site2/train/video10frame054,EndoVis 2018,site2,train,site2/video10,54,q8_mask_center_5pct_v1,x=25%-75%; y=25%-75%,0.0705474839,>=0.05,yes
site2/train/video10frame055,EndoVis 2018,site2,train,site2/video10,55,q8_mask_center_5pct_v1,x=25%-75%; y=25%-75%,0.1323913634,>=0.05,yes
site2/train/video10frame056,EndoVis 2018,site2,train,site2/video10,56,q8_mask_center_5pct_v1,x=25%-75%; y=25%-75%,0.0710937530,>=0.05,yes
site2/train/video10frame057,EndoVis 2018,site2,train,site2/video10,57,q8_mask_center_5pct_v1,x=25%-75%; y=25%-75%,0.0942871124,>=0.05,yes
site2/train/video10frame058,EndoVis 2018,site2,train,site2/video10,58,q8_mask_center_5pct_v1,x=25%-75%; y=25%-75%,0.0972625762,>=0.05,yes
site2/train/video10frame059,EndoVis 2018,site2,train,site2/video10,59,q8_mask_center_5pct_v1,x=25%-75%; y=25%-75%,0.1078857407,>=0.05,yes
site2/train/video10frame060,EndoVis 2018,site2,train,site2/video10,60,q8_mask_center_5pct_v1,x=25%-75%; y=25%-75%,0.0292907711,>=0.05,no
site2/train/video10frame061,EndoVis 2018,site2,train,site2/video10,61,q8_mask_center_5pct_v1,x=25%-75%; y=25%-75%,0.0240142830,>=0.05,no
site2/train/video10frame062,EndoVis 2018,site2,train,site2/video10,62,q8_mask_center_5pct_v1,x=25%-75%; y=25%-75%,0.0357421860,>=0.05,no
site2/train/video10frame063,EndoVis 2018,site2,train,site2/video10,63,q8_mask_center_5pct_v1,x=25%-75%; y=25%-75%,0.0418090820,>=0.05,no
site2/train/video10frame064,EndoVis 2018,site2,train,site2/video10,64,q8_mask_center_5pct_v1,x=25%-75%; y=25%-75%,0.0371795669,>=0.05,no
site2/train/video10frame065,EndoVis 2018,site2,train,site2/video10,65,q8_mask_center_5pct_v1,x=25%-75%; y=25%-75%,0.0265136715,>=0.05,no
site2/train/video10frame066,EndoVis 2018,site2,train,site2/video10,66,q8_mask_center_5pct_v1,x=25%-75%; y=25%-75%,0.0029785156,>=0.05,no
site2/train/video10frame067,EndoVis 2018,site2,train,site2/video10,67,q8_mask_center_5pct_v1,x=25%-75%; y=25%-75%,0.0524139404,>=0.05,yes
site2/train/video10frame068,EndoVis 2018,site2,train,site2/video10,68,q8_mask_center_5pct_v1,x=25%-75%; y=25%-75%,0.1186889634,>=0.05,yes
site2/train/video10frame069,EndoVis 2018,site2,train,site2/video10,69,q8_mask_center_5pct_v1,x=25%-75%; y=25%-75%,0.1997985840,>=0.05,yes
site2/train/video10frame070,EndoVis 2018,site2,train,site2/video10,70,q8_mask_center_5pct_v1,x=25%-75%; y=25%-75%,0.2147644013,>=0.05,yes
site2/train/video10frame071,EndoVis 2018,site2,train,site2/video10,71,q8_mask_center_5pct_v1,x=25%-75%; y=25%-75%,0.2109832764,>=0.05,yes
site2/train/video10frame072,EndoVis 2018,site2,train,site2/video10,72,q8_mask_center_5pct_v1,x=25%-75%; y=25%-75%,0.1802124083,>=0.05,yes
site2/train/video10frame073,EndoVis 2018,site2,train,site2/video10,73,q8_mask_center_5pct_v1,x=25%-75%; y=25%-75%,0.2039001435,>=0.05,yes
site2/train/video10frame074,EndoVis 2018,site2,train,site2/video10,74,q8_mask_center_5pct_v1,x=25%-75%; y=25%-75%,0.1820282042,>=0.05,yes
site2/train/video10frame075,EndoVis 2018,site2,train,site2/video10,75,q8_mask_center_5pct_v1,x=25%-75%; y=25%-75%,0.2249542177,>=0.05,yes
site2/train/video10frame076,EndoVis 2018,site2,train,site2/video10,76,q8_mask_center_5pct_v1,x=25%-75%; y=25%-75%,0.2473480254,>=0.05,yes
site2/train/video10frame077,EndoVis 2018,site2,train,site2/video10,77,q8_mask_center_5pct_v1,x=25%-75%; y=25%-75%,0.2142395079,>=0.05,yes
site2/train/video10frame078,EndoVis 2018,site2,train,site2/video10,78,q8_mask_center_5pct_v1,x=25%-75%; y=25%-75%,0.2599426210,>=0.05,yes
site2/train/video10frame079,EndoVis 2018,site2,train,site2/video10,79,q8_mask_center_5pct_v1,x=25%-75%; y=25%-75%,0.1266815215,>=0.05,yes
site2/train/video10frame080,EndoVis 2018,site2,train,site2/video10,80,q8_mask_center_5pct_v1,x=25%-75%; y=25%-75%,0.2742736936,>=0.05,yes
site2/train/video10frame081,EndoVis 2018,site2,train,site2/video10,81,q8_mask_center_5pct_v1,x=25%-75%; y=25%-75%,0.0434509292,>=0.05,no
site2/train/video10frame082,EndoVis 2018,site2,train,site2/video10,82,q8_mask_center_5pct_v1,x=25%-75%; y=25%-75%,0.1124694794,>=0.05,yes
site2/train/video10frame083,EndoVis 2018,site2,train,site2/video10,83,q8_mask_center_5pct_v1,x=25%-75%; y=25%-75%,0.0318359360,>=0.05,no
site2/train/video10frame084,EndoVis 2018,site2,train,site2/video10,84,q8_mask_center_5pct_v1,x=25%-75%; y=25%-75%,0.0526214615,>=0.05,yes
site2/train/video10frame085,EndoVis 2018,site2,train,site2/video10,85,q8_mask_center_5pct_v1,x=25%-75%; y=25%-75%,0.0037597655,>=0.05,no
site2/train/video10frame086,EndoVis 2018,site2,train,site2/video10,86,q8_mask_center_5pct_v1,x=25%-75%; y=25%-75%,0.0535217300,>=0.05,yes
site2/train/video10frame087,EndoVis 2018,site2,train,site2/video10,87,q8_mask_center_5pct_v1,x=25%-75%; y=25%-75%,0.0952301025,>=0.05,yes
site2/train/video10frame088,EndoVis 2018,site2,train,site2/video10,88,q8_mask_center_5pct_v1,x=25%-75%; y=25%-75%,0.0336059555,>=0.05,no
site2/train/video10frame089,EndoVis 2018,site2,train,site2/video10,89,q8_mask_center_5pct_v1,x=25%-75%; y=25%-75%,0.0344573967,>=0.05,no
site2/train/video10frame090,EndoVis 2018,site2,train,site2/video10,90,q8_mask_center_5pct_v1,x=25%-75%; y=25%-75%,0.0401885994,>=0.05,no
site2/train/video10frame091,EndoVis 2018,site2,train,site2/video10,91,q8_mask_center_5pct_v1,x=25%-75%; y=25%-75%,0.0278839115,>=0.05,no
site2/train/video10frame092,EndoVis 2018,site2,train,site2/video10,92,q8_mask_center_5pct_v1,x=25%-75%; y=25%-75%,0.0318176262,>=0.05,no
site2/train/video10frame093,EndoVis 2018,site2,train,site2/video10,93,q8_mask_center_5pct_v1,x=25%-75%; y=25%-75%,0.0322479233,>=0.05,no
site2/train/video10frame094,EndoVis 2018,site2,train,site2/video10,94,q8_mask_center_5pct_v1,x=25%-75%; y=25%-75%,0.0052185059,>=0.05,no
site2/train/video10frame095,EndoVis 2018,site2,train,site2/video10,95,q8_mask_center_5pct_v1,x=25%-75%; y=25%-75%,0.0392089859,>=0.05,no
site2/train/video10frame096,EndoVis 2018,site2,train,site2/video10,96,q8_mask_center_5pct_v1,x=25%-75%; y=25%-75%,0.0775238052,>=0.05,yes
site2/train/video10frame097,EndoVis 2018,site2,train,site2/video10,97,q8_mask_center_5pct_v1,x=25%-75%; y=25%-75%,0.1258606017,>=0.05,yes
site2/train/video10frame098,EndoVis 2018,site2,train,site2/video10,98,q8_mask_center_5pct_v1,x=25%-75%; y=25%-75%,0.1714386046,>=0.05,yes
site2/train/video10frame099,EndoVis 2018,site2,train,site2/video10,99,q8_mask_center_5pct_v1,x=25%-75%; y=25%-75%,0.2157165557,>=0.05,yes
site2/train/video10frame100,EndoVis 2018,site2,train,site2/video10,100,q8_mask_center_5pct_v1,x=25%-75%; y=25%-75%,0.0906829834,>=0.05,yes
site2/train/video10frame101,EndoVis 2018,site2,train,site2/video10,101,q8_mask_center_5pct_v1,x=25%-75%; y=25%-75%,0.1245910674,>=0.05,yes
site2/train/video10frame102,EndoVis 2018,site2,train,site2/video10,102,q8_mask_center_5pct_v1,x=25%-75%; y=25%-75%,0.1424255371,>=0.05,yes
site2/train/video10frame103,EndoVis 2018,site2,train,site2/video10,103,q8_mask_center_5pct_v1,x=25%-75%; y=25%-75%,0.0784667954,>=0.05,yes
site2/train/video10frame104,EndoVis 2018,site2,train,site2/video10,104,q8_mask_center_5pct_v1,x=25%-75%; y=25%-75%,0.1233825684,>=0.05,yes
site2/train/video10frame105,EndoVis 2018,site2,train,site2/video10,105,q8_mask_center_5pct_v1,x=25%-75%; y=25%-75%,0.2733093202,>=0.05,yes
site2/train/video10frame106,EndoVis 2018,site2,train,site2/video10,106,q8_mask_center_5pct_v1,x=25%-75%; y=25%-75%,0.1350921690,>=0.05,yes
site2/train/video10frame107,EndoVis 2018,site2,train,site2/video10,107,q8_mask_center_5pct_v1,x=25%-75%; y=25%-75%,0.0155639648,>=0.05,no
site2/train/video10frame108,EndoVis 2018,site2,train,site2/video10,108,q8_mask_center_5pct_v1,x=25%-75%; y=25%-75%,0.0082763676,>=0.05,no
site2/train/video10frame109,EndoVis 2018,site2,train,site2/video10,109,q8_mask_center_5pct_v1,x=25%-75%; y=25%-75%,0.0082763676,>=0.05,no
site2/train/video10frame110,EndoVis 2018,site2,train,site2/video10,110,q8_mask_center_5pct_v1,x=25%-75%; y=25%-75%,0.0108276363,>=0.05,no
site2/train/video10frame111,EndoVis 2018,site2,train,site2/video10,111,q8_mask_center_5pct_v1,x=25%-75%; y=25%-75%,0.0207366943,>=0.05,no
site2/train/video10frame112,EndoVis 2018,site2,train,site2/video10,112,q8_mask_center_5pct_v1,x=25%-75%; y=25%-75%,0.0125122070,>=0.05,no
site2/train/video10frame113,EndoVis 2018,site2,train,site2/video10,113,q8_mask_center_5pct_v1,x=25%-75%; y=25%-75%,0.2397613525,>=0.05,yes
site2/train/video10frame114,EndoVis 2018,site2,train,site2/video10,114,q8_mask_center_5pct_v1,x=25%-75%; y=25%-75%,0.2133148164,>=0.05,yes
site2/train/video10frame115,EndoVis 2018,site2,train,site2/video10,115,q8_mask_center_5pct_v1,x=25%-75%; y=25%-75%,0.2027618438,>=0.05,yes
site2/train/video10frame116,EndoVis 2018,site2,train,site2/video10,116,q8_mask_center_5pct_v1,x=25%-75%; y=25%-75%,0.1531066895,>=0.05,yes
site2/train/video10frame117,EndoVis 2018,site2,train,site2/video10,117,q8_mask_center_5pct_v1,x=25%-75%; y=25%-75%,0.1531066895,>=0.05,yes
site2/train/video10frame118,EndoVis 2018,site2,train,site2/video10,118,q8_mask_center_5pct_v1,x=25%-75%; y=25%-75%,0.1531066895,>=0.05,yes
site2/train/video10frame119,EndoVis 2018,site2,train,site2/video10,119,q8_mask_center_5pct_v1,x=25%-75%; y=25%-75%,0.1531066895,>=0.05,yes
site2/train/video10frame120,EndoVis 2018,site2,train,site2/video10,120,q8_mask_center_5pct_v1,x=25%-75%; y=25%-75%,0.1531066895,>=0.05,yes
site2/train/video10frame121,EndoVis 2018,site2,train,site2/video10,121,q8_mask_center_5pct_v1,x=25%-75%; y=25%-75%,0.1531066895,>=0.05,yes
site2/train/video10frame122,EndoVis 2018,site2,train,site2/video10,122,q8_mask_center_5pct_v1,x=25%-75%; y=25%-75%,0.1531066895,>=0.05,yes
site2/train/video10frame123,EndoVis 2018,site2,train,site2/video10,123,q8_mask_center_5pct_v1,x=25%-75%; y=25%-75%,0.1531066895,>=0.05,yes
site2/train/video10frame124,EndoVis 2018,site2,train,site2/video10,124,q8_mask_center_5pct_v1,x=25%-75%; y=25%-75%,0.1531066895,>=0.05,yes
site2/train/video10frame125,EndoVis 2018,site2,train,site2/video10,125,q8_mask_center_5pct_v1,x=25%-75%; y=25%-75%,0.1530059874,>=0.05,yes
site2/train/video10frame126,EndoVis 2018,site2,train,site2/video10,126,q8_mask_center_5pct_v1,x=25%-75%; y=25%-75%,0.1523040831,>=0.05,yes
site2/train/video10frame127,EndoVis 2018,site2,train,site2/video10,127,q8_mask_center_5pct_v1,x=25%-75%; y=25%-75%,0.0531677231,>=0.05,yes
site2/train/video10frame128,EndoVis 2018,site2,train,site2/video10,128,q8_mask_center_5pct_v1,x=25%-75%; y=25%-75%,0.0524597168,>=0.05,yes
site2/train/video10frame129,EndoVis 2018,site2,train,site2/video10,129,q8_mask_center_5pct_v1,x=25%-75%; y=25%-75%,0.0673217773,>=0.05,yes
site2/train/video10frame130,EndoVis 2018,site2,train,site2/video10,130,q8_mask_center_5pct_v1,x=25%-75%; y=25%-75%,0.1967987120,>=0.05,yes
site2/train/video10frame131,EndoVis 2018,site2,train,site2/video10,131,q8_mask_center_5pct_v1,x=25%-75%; y=25%-75%,0.0620666519,>=0.05,yes
site2/train/video10frame132,EndoVis 2018,site2,train,site2/video10,132,q8_mask_center_5pct_v1,x=25%-75%; y=25%-75%,0.1946960390,>=0.05,yes
site2/train/video10frame133,EndoVis 2018,site2,train,site2/video10,133,q8_mask_center_5pct_v1,x=25%-75%; y=25%-75%,0.1873687804,>=0.05,yes
site2/train/video10frame134,EndoVis 2018,site2,train,site2/video10,134,q8_mask_center_5pct_v1,x=25%-75%; y=25%-75%,0.2773193419,>=0.05,yes
site2/train/video10frame135,EndoVis 2018,site2,train,site2/video10,135,q8_mask_center_5pct_v1,x=25%-75%; y=25%-75%,0.1348693818,>=0.05,yes
site2/train/video10frame136,EndoVis 2018,site2,train,site2/video10,136,q8_mask_center_5pct_v1,x=25%-75%; y=25%-75%,0.1621582061,>=0.05,yes
site2/train/video10frame137,EndoVis 2018,site2,train,site2/video10,137,q8_mask_center_5pct_v1,x=25%-75%; y=25%-75%,0.0615814216,>=0.05,yes
site2/train/video10frame138,EndoVis 2018,site2,train,site2/video10,138,q8_mask_center_5pct_v1,x=25%-75%; y=25%-75%,0.1049743667,>=0.05,yes
site2/train/video10frame139,EndoVis 2018,site2,train,site2/video10,139,q8_mask_center_5pct_v1,x=25%-75%; y=25%-75%,0.0811157227,>=0.05,yes
site2/train/video10frame140,EndoVis 2018,site2,train,site2/video10,140,q8_mask_center_5pct_v1,x=25%-75%; y=25%-75%,0.0085815433,>=0.05,no
site2/train/video10frame141,EndoVis 2018,site2,train,site2/video10,141,q8_mask_center_5pct_v1,x=25%-75%; y=25%-75%,0.0981994644,>=0.05,yes
site2/train/video10frame142,EndoVis 2018,site2,train,site2/video10,142,q8_mask_center_5pct_v1,x=25%-75%; y=25%-75%,0.3265197873,>=0.05,yes
site2/train/video10frame143,EndoVis 2018,site2,train,site2/video10,143,q8_mask_center_5pct_v1,x=25%-75%; y=25%-75%,0.2511810362,>=0.05,yes
site2/train/video10frame144,EndoVis 2018,site2,train,site2/video10,144,q8_mask_center_5pct_v1,x=25%-75%; y=25%-75%,0.3259582520,>=0.05,yes
site2/train/video10frame145,EndoVis 2018,site2,train,site2/video10,145,q8_mask_center_5pct_v1,x=25%-75%; y=25%-75%,0.3309051394,>=0.05,yes
site2/train/video10frame146,EndoVis 2018,site2,train,site2/video10,146,q8_mask_center_5pct_v1,x=25%-75%; y=25%-75%,0.1140472442,>=0.05,yes
site2/train/video10frame147,EndoVis 2018,site2,train,site2/video10,147,q8_mask_center_5pct_v1,x=25%-75%; y=25%-75%,0.0859100372,>=0.05,yes
site2/train/video10frame148,EndoVis 2018,site2,train,site2/video10,148,q8_mask_center_5pct_v1,x=25%-75%; y=25%-75%,0.0468933098,>=0.05,no
site2/train/video11frame000,EndoVis 2018,site2,train,site2/video11,0,q8_mask_center_5pct_v1,x=25%-75%; y=25%-75%,0.0605407730,>=0.05,yes
site2/train/video11frame001,EndoVis 2018,site2,train,site2/video11,1,q8_mask_center_5pct_v1,x=25%-75%; y=25%-75%,0.1521697938,>=0.05,yes
site2/train/video11frame002,EndoVis 2018,site2,train,site2/video11,2,q8_mask_center_5pct_v1,x=25%-75%; y=25%-75%,0.0854461640,>=0.05,yes
site2/train/video11frame003,EndoVis 2018,site2,train,site2/video11,3,q8_mask_center_5pct_v1,x=25%-75%; y=25%-75%,0.1732360870,>=0.05,yes
site2/train/video11frame004,EndoVis 2018,site2,train,site2/video11,4,q8_mask_center_5pct_v1,x=25%-75%; y=25%-75%,0.1819610596,>=0.05,yes
site2/train/video11frame005,EndoVis 2018,site2,train,site2/video11,5,q8_mask_center_5pct_v1,x=25%-75%; y=25%-75%,0.2133605927,>=0.05,yes
site2/train/video11frame006,EndoVis 2018,site2,train,site2/video11,6,q8_mask_center_5pct_v1,x=25%-75%; y=25%-75%,0.2210784853,>=0.05,yes
site2/train/video11frame007,EndoVis 2018,site2,train,site2/video11,7,q8_mask_center_5pct_v1,x=25%-75%; y=25%-75%,0.1228088364,>=0.05,yes
site2/train/video11frame008,EndoVis 2018,site2,train,site2/video11,8,q8_mask_center_5pct_v1,x=25%-75%; y=25%-75%,0.0000000000,>=0.05,no
site2/train/video11frame009,EndoVis 2018,site2,train,site2/video11,9,q8_mask_center_5pct_v1,x=25%-75%; y=25%-75%,0.0364624038,>=0.05,no
site2/train/video11frame010,EndoVis 2018,site2,train,site2/video11,10,q8_mask_center_5pct_v1,x=25%-75%; y=25%-75%,0.0000000000,>=0.05,no
site2/train/video11frame011,EndoVis 2018,site2,train,site2/video11,11,q8_mask_center_5pct_v1,x=25%-75%; y=25%-75%,0.0000000000,>=0.05,no
site2/train/video11frame012,EndoVis 2018,site2,train,site2/video11,12,q8_mask_center_5pct_v1,x=25%-75%; y=25%-75%,0.0000000000,>=0.05,no
site2/train/video11frame013,EndoVis 2018,site2,train,site2/video11,13,q8_mask_center_5pct_v1,x=25%-75%; y=25%-75%,0.0000000000,>=0.05,no
site2/train/video11frame014,EndoVis 2018,site2,train,site2/video11,14,q8_mask_center_5pct_v1,x=25%-75%; y=25%-75%,0.0000000000,>=0.05,no
site2/train/video11frame015,EndoVis 2018,site2,train,site2/video11,15,q8_mask_center_5pct_v1,x=25%-75%; y=25%-75%,0.0000000000,>=0.05,no
site2/train/video11frame016,EndoVis 2018,site2,train,site2/video11,16,q8_mask_center_5pct_v1,x=25%-75%; y=25%-75%,0.0000000000,>=0.05,no
site2/train/video11frame017,EndoVis 2018,site2,train,site2/video11,17,q8_mask_center_5pct_v1,x=25%-75%; y=25%-75%,0.0000183105,>=0.05,no
site2/train/video11frame018,EndoVis 2018,site2,train,site2/video11,18,q8_mask_center_5pct_v1,x=25%-75%; y=25%-75%,0.0000000000,>=0.05,no
site2/train/video11frame019,EndoVis 2018,site2,train,site2/video11,19,q8_mask_center_5pct_v1,x=25%-75%; y=25%-75%,0.0100891115,>=0.05,no
site2/train/video11frame020,EndoVis 2018,site2,train,site2/video11,20,q8_mask_center_5pct_v1,x=25%-75%; y=25%-75%,0.0330718979,>=0.05,no
site2/train/video11frame021,EndoVis 2018,site2,train,site2/video11,21,q8_mask_center_5pct_v1,x=25%-75%; y=25%-75%,0.0527496338,>=0.05,yes
site2/train/video11frame022,EndoVis 2018,site2,train,site2/video11,22,q8_mask_center_5pct_v1,x=25%-75%; y=25%-75%,0.1956268251,>=0.05,yes
site2/train/video11frame023,EndoVis 2018,site2,train,site2/video11,23,q8_mask_center_5pct_v1,x=25%-75%; y=25%-75%,0.0548217781,>=0.05,yes
site2/train/video11frame024,EndoVis 2018,site2,train,site2/video11,24,q8_mask_center_5pct_v1,x=25%-75%; y=25%-75%,0.0000000000,>=0.05,no
site2/train/video11frame025,EndoVis 2018,site2,train,site2/video11,25,q8_mask_center_5pct_v1,x=25%-75%; y=25%-75%,0.0487152115,>=0.05,no
site2/train/video11frame026,EndoVis 2018,site2,train,site2/video11,26,q8_mask_center_5pct_v1,x=25%-75%; y=25%-75%,0.0488403328,>=0.05,no
site2/train/video11frame027,EndoVis 2018,site2,train,site2/video11,27,q8_mask_center_5pct_v1,x=25%-75%; y=25%-75%,0.0178497322,>=0.05,no
site2/train/video11frame028,EndoVis 2018,site2,train,site2/video11,28,q8_mask_center_5pct_v1,x=25%-75%; y=25%-75%,0.0516296402,>=0.05,yes
site2/train/video11frame029,EndoVis 2018,site2,train,site2/video11,29,q8_mask_center_5pct_v1,x=25%-75%; y=25%-75%,0.1214935333,>=0.05,yes
site2/train/video11frame030,EndoVis 2018,site2,train,site2/video11,30,q8_mask_center_5pct_v1,x=25%-75%; y=25%-75%,0.0774536133,>=0.05,yes
site2/train/video11frame031,EndoVis 2018,site2,train,site2/video11,31,q8_mask_center_5pct_v1,x=25%-75%; y=25%-75%,0.0563079827,>=0.05,yes
site2/train/video11frame032,EndoVis 2018,site2,train,site2/video11,32,q8_mask_center_5pct_v1,x=25%-75%; y=25%-75%,0.0000000000,>=0.05,no
site2/train/video11frame033,EndoVis 2018,site2,train,site2/video11,33,q8_mask_center_5pct_v1,x=25%-75%; y=25%-75%,0.0229370110,>=0.05,no
site2/train/video11frame034,EndoVis 2018,site2,train,site2/video11,34,q8_mask_center_5pct_v1,x=25%-75%; y=25%-75%,0.0000000000,>=0.05,no
site2/train/video11frame035,EndoVis 2018,site2,train,site2/video11,35,q8_mask_center_5pct_v1,x=25%-75%; y=25%-75%,0.0000000000,>=0.05,no
site2/train/video11frame036,EndoVis 2018,site2,train,site2/video11,36,q8_mask_center_5pct_v1,x=25%-75%; y=25%-75%,0.0000000000,>=0.05,no
site2/train/video11frame037,EndoVis 2018,site2,train,site2/video11,37,q8_mask_center_5pct_v1,x=25%-75%; y=25%-75%,0.1243652329,>=0.05,yes
site2/train/video11frame038,EndoVis 2018,site2,train,site2/video11,38,q8_mask_center_5pct_v1,x=25%-75%; y=25%-75%,0.0049774172,>=0.05,no
site2/train/video11frame039,EndoVis 2018,site2,train,site2/video11,39,q8_mask_center_5pct_v1,x=25%-75%; y=25%-75%,0.0752899200,>=0.05,yes
site2/train/video11frame040,EndoVis 2018,site2,train,site2/video11,40,q8_mask_center_5pct_v1,x=25%-75%; y=25%-75%,0.2623382509,>=0.05,yes
site2/train/video11frame041,EndoVis 2018,site2,train,site2/video11,41,q8_mask_center_5pct_v1,x=25%-75%; y=25%-75%,0.2667907774,>=0.05,yes
site2/train/video11frame042,EndoVis 2018,site2,train,site2/video11,42,q8_mask_center_5pct_v1,x=25%-75%; y=25%-75%,0.2139862031,>=0.05,yes
site2/train/video11frame043,EndoVis 2018,site2,train,site2/video11,43,q8_mask_center_5pct_v1,x=25%-75%; y=25%-75%,0.1516937315,>=0.05,yes
site2/train/video11frame044,EndoVis 2018,site2,train,site2/video11,44,q8_mask_center_5pct_v1,x=25%-75%; y=25%-75%,0.2241577208,>=0.05,yes
site2/train/video11frame045,EndoVis 2018,site2,train,site2/video11,45,q8_mask_center_5pct_v1,x=25%-75%; y=25%-75%,0.2420257628,>=0.05,yes
site2/train/video11frame046,EndoVis 2018,site2,train,site2/video11,46,q8_mask_center_5pct_v1,x=25%-75%; y=25%-75%,0.2399810851,>=0.05,yes
site2/train/video11frame047,EndoVis 2018,site2,train,site2/video11,47,q8_mask_center_5pct_v1,x=25%-75%; y=25%-75%,0.1722595245,>=0.05,yes
site2/train/video11frame048,EndoVis 2018,site2,train,site2/video11,48,q8_mask_center_5pct_v1,x=25%-75%; y=25%-75%,0.1650390625,>=0.05,yes
site2/train/video11frame049,EndoVis 2018,site2,train,site2/video11,49,q8_mask_center_5pct_v1,x=25%-75%; y=25%-75%,0.4445220828,>=0.05,yes
site2/train/video11frame050,EndoVis 2018,site2,train,site2/video11,50,q8_mask_center_5pct_v1,x=25%-75%; y=25%-75%,0.2203643769,>=0.05,yes
site2/train/video11frame051,EndoVis 2018,site2,train,site2/video11,51,q8_mask_center_5pct_v1,x=25%-75%; y=25%-75%,0.4227966368,>=0.05,yes
site2/train/video11frame052,EndoVis 2018,site2,train,site2/video11,52,q8_mask_center_5pct_v1,x=25%-75%; y=25%-75%,0.2681945860,>=0.05,yes
site2/train/video11frame053,EndoVis 2018,site2,train,site2/video11,53,q8_mask_center_5pct_v1,x=25%-75%; y=25%-75%,0.4347106814,>=0.05,yes
site2/train/video11frame054,EndoVis 2018,site2,train,site2/video11,54,q8_mask_center_5pct_v1,x=25%-75%; y=25%-75%,0.3058380187,>=0.05,yes
site2/train/video11frame055,EndoVis 2018,site2,train,site2/video11,55,q8_mask_center_5pct_v1,x=25%-75%; y=25%-75%,0.3800201416,>=0.05,yes
site2/train/video11frame056,EndoVis 2018,site2,train,site2/video11,56,q8_mask_center_5pct_v1,x=25%-75%; y=25%-75%,0.2960998416,>=0.05,yes
site2/train/video11frame057,EndoVis 2018,site2,train,site2/video11,57,q8_mask_center_5pct_v1,x=25%-75%; y=25%-75%,0.5774688721,>=0.05,yes
site2/train/video11frame058,EndoVis 2018,site2,train,site2/video11,58,q8_mask_center_5pct_v1,x=25%-75%; y=25%-75%,0.5582183599,>=0.05,yes
site2/train/video11frame059,EndoVis 2018,site2,train,site2/video11,59,q8_mask_center_5pct_v1,x=25%-75%; y=25%-75%,0.1605163515,>=0.05,yes
site2/train/video11frame060,EndoVis 2018,site2,train,site2/video11,60,q8_mask_center_5pct_v1,x=25%-75%; y=25%-75%,0.3452941775,>=0.05,yes
site2/train/video11frame061,EndoVis 2018,site2,train,site2/video11,61,q8_mask_center_5pct_v1,x=25%-75%; y=25%-75%,0.2223510742,>=0.05,yes
site2/train/video11frame062,EndoVis 2018,site2,train,site2/video11,62,q8_mask_center_5pct_v1,x=25%-75%; y=25%-75%,0.0072174072,>=0.05,no
site2/train/video11frame063,EndoVis 2018,site2,train,site2/video11,63,q8_mask_center_5pct_v1,x=25%-75%; y=25%-75%,0.0000000000,>=0.05,no
site2/train/video11frame064,EndoVis 2018,site2,train,site2/video11,64,q8_mask_center_5pct_v1,x=25%-75%; y=25%-75%,0.0171020515,>=0.05,no
site2/train/video11frame065,EndoVis 2018,site2,train,site2/video11,65,q8_mask_center_5pct_v1,x=25%-75%; y=25%-75%,0.0000000000,>=0.05,no
site2/train/video11frame066,EndoVis 2018,site2,train,site2/video11,66,q8_mask_center_5pct_v1,x=25%-75%; y=25%-75%,0.0000000000,>=0.05,no
site2/train/video11frame067,EndoVis 2018,site2,train,site2/video11,67,q8_mask_center_5pct_v1,x=25%-75%; y=25%-75%,0.0000000000,>=0.05,no
site2/train/video11frame068,EndoVis 2018,site2,train,site2/video11,68,q8_mask_center_5pct_v1,x=25%-75%; y=25%-75%,0.0002624512,>=0.05,no
site2/train/video11frame069,EndoVis 2018,site2,train,site2/video11,69,q8_mask_center_5pct_v1,x=25%-75%; y=25%-75%,0.0607757568,>=0.05,yes
site2/train/video11frame070,EndoVis 2018,site2,train,site2/video11,70,q8_mask_center_5pct_v1,x=25%-75%; y=25%-75%,0.2303039581,>=0.05,yes
site2/train/video11frame071,EndoVis 2018,site2,train,site2/video11,71,q8_mask_center_5pct_v1,x=25%-75%; y=25%-75%,0.0000000000,>=0.05,no
site2/train/video11frame072,EndoVis 2018,site2,train,site2/video11,72,q8_mask_center_5pct_v1,x=25%-75%; y=25%-75%,0.3360900879,>=0.05,yes
site2/train/video11frame073,EndoVis 2018,site2,train,site2/video11,73,q8_mask_center_5pct_v1,x=25%-75%; y=25%-75%,0.3886871338,>=0.05,yes
site2/train/video11frame074,EndoVis 2018,site2,train,site2/video11,74,q8_mask_center_5pct_v1,x=25%-75%; y=25%-75%,0.2695800662,>=0.05,yes
site2/train/video11frame075,EndoVis 2018,site2,train,site2/video11,75,q8_mask_center_5pct_v1,x=25%-75%; y=25%-75%,0.0000000000,>=0.05,no
site2/train/video11frame076,EndoVis 2018,site2,train,site2/video11,76,q8_mask_center_5pct_v1,x=25%-75%; y=25%-75%,0.0000000000,>=0.05,no
site2/train/video11frame077,EndoVis 2018,site2,train,site2/video11,77,q8_mask_center_5pct_v1,x=25%-75%; y=25%-75%,0.0000000000,>=0.05,no
site2/train/video11frame078,EndoVis 2018,site2,train,site2/video11,78,q8_mask_center_5pct_v1,x=25%-75%; y=25%-75%,0.0389709473,>=0.05,no
site2/train/video11frame079,EndoVis 2018,site2,train,site2/video11,79,q8_mask_center_5pct_v1,x=25%-75%; y=25%-75%,0.1120422333,>=0.05,yes
site2/train/video11frame080,EndoVis 2018,site2,train,site2/video11,80,q8_mask_center_5pct_v1,x=25%-75%; y=25%-75%,0.1109283417,>=0.05,yes
site2/train/video11frame081,EndoVis 2018,site2,train,site2/video11,81,q8_mask_center_5pct_v1,x=25%-75%; y=25%-75%,0.0576019287,>=0.05,yes
site2/train/video11frame082,EndoVis 2018,site2,train,site2/video11,82,q8_mask_center_5pct_v1,x=25%-75%; y=25%-75%,0.0773223862,>=0.05,yes
site2/train/video11frame083,EndoVis 2018,site2,train,site2/video11,83,q8_mask_center_5pct_v1,x=25%-75%; y=25%-75%,0.0819946304,>=0.05,yes
site2/train/video11frame084,EndoVis 2018,site2,train,site2/video11,84,q8_mask_center_5pct_v1,x=25%-75%; y=25%-75%,0.0803253204,>=0.05,yes
site2/train/video11frame085,EndoVis 2018,site2,train,site2/video11,85,q8_mask_center_5pct_v1,x=25%-75%; y=25%-75%,0.0526855476,>=0.05,yes
site2/train/video11frame086,EndoVis 2018,site2,train,site2/video11,86,q8_mask_center_5pct_v1,x=25%-75%; y=25%-75%,0.0443511978,>=0.05,no
site2/train/video11frame087,EndoVis 2018,site2,train,site2/video11,87,q8_mask_center_5pct_v1,x=25%-75%; y=25%-75%,0.0455749519,>=0.05,no
site2/train/video11frame088,EndoVis 2018,site2,train,site2/video11,88,q8_mask_center_5pct_v1,x=25%-75%; y=25%-75%,0.5003662109,>=0.05,yes
site2/train/video11frame089,EndoVis 2018,site2,train,site2/video11,89,q8_mask_center_5pct_v1,x=25%-75%; y=25%-75%,0.3750396669,>=0.05,yes
site2/train/video11frame090,EndoVis 2018,site2,train,site2/video11,90,q8_mask_center_5pct_v1,x=25%-75%; y=25%-75%,0.4497589171,>=0.05,yes
site2/train/video11frame091,EndoVis 2018,site2,train,site2/video11,91,q8_mask_center_5pct_v1,x=25%-75%; y=25%-75%,0.4559753537,>=0.05,yes
site2/train/video11frame092,EndoVis 2018,site2,train,site2/video11,92,q8_mask_center_5pct_v1,x=25%-75%; y=25%-75%,0.3892578185,>=0.05,yes
site2/train/video11frame093,EndoVis 2018,site2,train,site2/video11,93,q8_mask_center_5pct_v1,x=25%-75%; y=25%-75%,0.3892578185,>=0.05,yes
site2/train/video11frame094,EndoVis 2018,site2,train,site2/video11,94,q8_mask_center_5pct_v1,x=25%-75%; y=25%-75%,0.4998626709,>=0.05,yes
site2/train/video11frame095,EndoVis 2018,site2,train,site2/video11,95,q8_mask_center_5pct_v1,x=25%-75%; y=25%-75%,0.3906768858,>=0.05,yes
site2/train/video11frame096,EndoVis 2018,site2,train,site2/video11,96,q8_mask_center_5pct_v1,x=25%-75%; y=25%-75%,0.3934936523,>=0.05,yes
site2/train/video11frame097,EndoVis 2018,site2,train,site2/video11,97,q8_mask_center_5pct_v1,x=25%-75%; y=25%-75%,0.4025146365,>=0.05,yes
site2/train/video11frame098,EndoVis 2018,site2,train,site2/video11,98,q8_mask_center_5pct_v1,x=25%-75%; y=25%-75%,0.2447876036,>=0.05,yes
site2/train/video11frame099,EndoVis 2018,site2,train,site2/video11,99,q8_mask_center_5pct_v1,x=25%-75%; y=25%-75%,0.0544952378,>=0.05,yes
site2/train/video11frame100,EndoVis 2018,site2,train,site2/video11,100,q8_mask_center_5pct_v1,x=25%-75%; y=25%-75%,0.1030426025,>=0.05,yes
site2/train/video11frame101,EndoVis 2018,site2,train,site2/video11,101,q8_mask_center_5pct_v1,x=25%-75%; y=25%-75%,0.0527069084,>=0.05,yes
site2/train/video11frame102,EndoVis 2018,site2,train,site2/video11,102,q8_mask_center_5pct_v1,x=25%-75%; y=25%-75%,0.0568817146,>=0.05,yes
site2/train/video11frame103,EndoVis 2018,site2,train,site2/video11,103,q8_mask_center_5pct_v1,x=25%-75%; y=25%-75%,0.1468139589,>=0.05,yes
site2/train/video11frame104,EndoVis 2018,site2,train,site2/video11,104,q8_mask_center_5pct_v1,x=25%-75%; y=25%-75%,0.1579223573,>=0.05,yes
site2/train/video11frame105,EndoVis 2018,site2,train,site2/video11,105,q8_mask_center_5pct_v1,x=25%-75%; y=25%-75%,0.3556610048,>=0.05,yes
site2/train/video11frame106,EndoVis 2018,site2,train,site2/video11,106,q8_mask_center_5pct_v1,x=25%-75%; y=25%-75%,0.3311309814,>=0.05,yes
site2/train/video11frame107,EndoVis 2018,site2,train,site2/video11,107,q8_mask_center_5pct_v1,x=25%-75%; y=25%-75%,0.2858917117,>=0.05,yes
site2/train/video11frame108,EndoVis 2018,site2,train,site2/video11,108,q8_mask_center_5pct_v1,x=25%-75%; y=25%-75%,0.3898925781,>=0.05,yes
site2/train/video11frame109,EndoVis 2018,site2,train,site2/video11,109,q8_mask_center_5pct_v1,x=25%-75%; y=25%-75%,0.4241699278,>=0.05,yes
site2/train/video11frame110,EndoVis 2018,site2,train,site2/video11,110,q8_mask_center_5pct_v1,x=25%-75%; y=25%-75%,0.4053466916,>=0.05,yes
site2/train/video11frame111,EndoVis 2018,site2,train,site2/video11,111,q8_mask_center_5pct_v1,x=25%-75%; y=25%-75%,0.1104248017,>=0.05,yes
site2/train/video11frame112,EndoVis 2018,site2,train,site2/video11,112,q8_mask_center_5pct_v1,x=25%-75%; y=25%-75%,0.0718200654,>=0.05,yes
site2/train/video11frame113,EndoVis 2018,site2,train,site2/video11,113,q8_mask_center_5pct_v1,x=25%-75%; y=25%-75%,0.1750610322,>=0.05,yes
site2/train/video11frame114,EndoVis 2018,site2,train,site2/video11,114,q8_mask_center_5pct_v1,x=25%-75%; y=25%-75%,0.2598022521,>=0.05,yes
site2/train/video11frame115,EndoVis 2018,site2,train,site2/video11,115,q8_mask_center_5pct_v1,x=25%-75%; y=25%-75%,0.3400940001,>=0.05,yes
site2/train/video11frame116,EndoVis 2018,site2,train,site2/video11,116,q8_mask_center_5pct_v1,x=25%-75%; y=25%-75%,0.3576049805,>=0.05,yes
site2/train/video11frame117,EndoVis 2018,site2,train,site2/video11,117,q8_mask_center_5pct_v1,x=25%-75%; y=25%-75%,0.4453002810,>=0.05,yes
site2/train/video11frame118,EndoVis 2018,site2,train,site2/video11,118,q8_mask_center_5pct_v1,x=25%-75%; y=25%-75%,0.4528869689,>=0.05,yes
site2/train/video11frame119,EndoVis 2018,site2,train,site2/video11,119,q8_mask_center_5pct_v1,x=25%-75%; y=25%-75%,0.0906005874,>=0.05,yes
site2/train/video11frame120,EndoVis 2018,site2,train,site2/video11,120,q8_mask_center_5pct_v1,x=25%-75%; y=25%-75%,0.0611053482,>=0.05,yes
site2/train/video11frame121,EndoVis 2018,site2,train,site2/video11,121,q8_mask_center_5pct_v1,x=25%-75%; y=25%-75%,0.0681884736,>=0.05,yes
site2/train/video11frame122,EndoVis 2018,site2,train,site2/video11,122,q8_mask_center_5pct_v1,x=25%-75%; y=25%-75%,0.1446502656,>=0.05,yes
site2/train/video11frame123,EndoVis 2018,site2,train,site2/video11,123,q8_mask_center_5pct_v1,x=25%-75%; y=25%-75%,0.5538910031,>=0.05,yes
site2/train/video11frame124,EndoVis 2018,site2,train,site2/video11,124,q8_mask_center_5pct_v1,x=25%-75%; y=25%-75%,0.3397064209,>=0.05,yes
site2/train/video11frame125,EndoVis 2018,site2,train,site2/video11,125,q8_mask_center_5pct_v1,x=25%-75%; y=25%-75%,0.6219177246,>=0.05,yes
site2/train/video11frame126,EndoVis 2018,site2,train,site2/video11,126,q8_mask_center_5pct_v1,x=25%-75%; y=25%-75%,0.3867309690,>=0.05,yes
site2/train/video11frame127,EndoVis 2018,site2,train,site2/video11,127,q8_mask_center_5pct_v1,x=25%-75%; y=25%-75%,0.1108764634,>=0.05,yes
site2/train/video11frame128,EndoVis 2018,site2,train,site2/video11,128,q8_mask_center_5pct_v1,x=25%-75%; y=25%-75%,0.0497619621,>=0.05,no
site2/train/video11frame129,EndoVis 2018,site2,train,site2/video11,129,q8_mask_center_5pct_v1,x=25%-75%; y=25%-75%,0.1744476259,>=0.05,yes
site2/train/video11frame130,EndoVis 2018,site2,train,site2/video11,130,q8_mask_center_5pct_v1,x=25%-75%; y=25%-75%,0.2106140107,>=0.05,yes
site2/train/video11frame131,EndoVis 2018,site2,train,site2/video11,131,q8_mask_center_5pct_v1,x=25%-75%; y=25%-75%,0.3869964480,>=0.05,yes
site2/train/video11frame132,EndoVis 2018,site2,train,site2/video11,132,q8_mask_center_5pct_v1,x=25%-75%; y=25%-75%,0.3964385986,>=0.05,yes
site2/train/video11frame133,EndoVis 2018,site2,train,site2/video11,133,q8_mask_center_5pct_v1,x=25%-75%; y=25%-75%,0.2719573975,>=0.05,yes
site2/train/video11frame134,EndoVis 2018,site2,train,site2/video11,134,q8_mask_center_5pct_v1,x=25%-75%; y=25%-75%,0.0502838120,>=0.05,yes
site2/train/video11frame135,EndoVis 2018,site2,train,site2/video11,135,q8_mask_center_5pct_v1,x=25%-75%; y=25%-75%,0.5261077881,>=0.05,yes
site2/train/video11frame136,EndoVis 2018,site2,train,site2/video11,136,q8_mask_center_5pct_v1,x=25%-75%; y=25%-75%,0.1924682558,>=0.05,yes
site2/train/video11frame137,EndoVis 2018,site2,train,site2/video11,137,q8_mask_center_5pct_v1,x=25%-75%; y=25%-75%,0.0544616692,>=0.05,yes
site2/train/video11frame138,EndoVis 2018,site2,train,site2/video11,138,q8_mask_center_5pct_v1,x=25%-75%; y=25%-75%,0.0458892807,>=0.05,no
site2/train/video11frame139,EndoVis 2018,site2,train,site2/video11,139,q8_mask_center_5pct_v1,x=25%-75%; y=25%-75%,0.0000000000,>=0.05,no
site2/train/video11frame140,EndoVis 2018,site2,train,site2/video11,140,q8_mask_center_5pct_v1,x=25%-75%; y=25%-75%,0.0000000000,>=0.05,no
site2/train/video11frame141,EndoVis 2018,site2,train,site2/video11,141,q8_mask_center_5pct_v1,x=25%-75%; y=25%-75%,0.0000000000,>=0.05,no
site2/train/video11frame142,EndoVis 2018,site2,train,site2/video11,142,q8_mask_center_5pct_v1,x=25%-75%; y=25%-75%,0.0000000000,>=0.05,no
site2/train/video11frame143,EndoVis 2018,site2,train,site2/video11,143,q8_mask_center_5pct_v1,x=25%-75%; y=25%-75%,0.0333770737,>=0.05,no
site2/train/video11frame144,EndoVis 2018,site2,train,site2/video11,144,q8_mask_center_5pct_v1,x=25%-75%; y=25%-75%,0.1536010802,>=0.05,yes
site2/train/video11frame145,EndoVis 2018,site2,train,site2/video11,145,q8_mask_center_5pct_v1,x=25%-75%; y=25%-75%,0.1599304229,>=0.05,yes
site2/train/video11frame146,EndoVis 2018,site2,train,site2/video11,146,q8_mask_center_5pct_v1,x=25%-75%; y=25%-75%,0.0399841294,>=0.05,no
site2/train/video11frame147,EndoVis 2018,site2,train,site2/video11,147,q8_mask_center_5pct_v1,x=25%-75%; y=25%-75%,0.0047943117,>=0.05,no
site2/train/video11frame148,EndoVis 2018,site2,train,site2/video11,148,q8_mask_center_5pct_v1,x=25%-75%; y=25%-75%,0.0038726807,>=0.05,no
site2/train/video12frame000,EndoVis 2018,site2,train,site2/video12,0,q8_mask_center_5pct_v1,x=25%-75%; y=25%-75%,0.0000000000,>=0.05,no
site2/train/video12frame001,EndoVis 2018,site2,train,site2/video12,1,q8_mask_center_5pct_v1,x=25%-75%; y=25%-75%,0.2644805908,>=0.05,yes
site2/train/video12frame002,EndoVis 2018,site2,train,site2/video12,2,q8_mask_center_5pct_v1,x=25%-75%; y=25%-75%,0.2297454774,>=0.05,yes
site2/train/video12frame003,EndoVis 2018,site2,train,site2/video12,3,q8_mask_center_5pct_v1,x=25%-75%; y=25%-75%,0.1919891387,>=0.05,yes
site2/train/video12frame004,EndoVis 2018,site2,train,site2/video12,4,q8_mask_center_5pct_v1,x=25%-75%; y=25%-75%,0.0823120102,>=0.05,yes
site2/train/video12frame005,EndoVis 2018,site2,train,site2/video12,5,q8_mask_center_5pct_v1,x=25%-75%; y=25%-75%,0.0132232662,>=0.05,no
site2/train/video12frame006,EndoVis 2018,site2,train,site2/video12,6,q8_mask_center_5pct_v1,x=25%-75%; y=25%-75%,0.0836273208,>=0.05,yes
site2/train/video12frame007,EndoVis 2018,site2,train,site2/video12,7,q8_mask_center_5pct_v1,x=25%-75%; y=25%-75%,0.0319610611,>=0.05,no
site2/train/video12frame008,EndoVis 2018,site2,train,site2/video12,8,q8_mask_center_5pct_v1,x=25%-75%; y=25%-75%,0.0622100830,>=0.05,yes
site2/train/video12frame009,EndoVis 2018,site2,train,site2/video12,9,q8_mask_center_5pct_v1,x=25%-75%; y=25%-75%,0.0827392563,>=0.05,yes
site2/train/video12frame010,EndoVis 2018,site2,train,site2/video12,10,q8_mask_center_5pct_v1,x=25%-75%; y=25%-75%,0.0228301995,>=0.05,no
site2/train/video12frame011,EndoVis 2018,site2,train,site2/video12,11,q8_mask_center_5pct_v1,x=25%-75%; y=25%-75%,0.0084655760,>=0.05,no
site2/train/video12frame012,EndoVis 2018,site2,train,site2/video12,12,q8_mask_center_5pct_v1,x=25%-75%; y=25%-75%,0.0116943363,>=0.05,no
site2/train/video12frame013,EndoVis 2018,site2,train,site2/video12,13,q8_mask_center_5pct_v1,x=25%-75%; y=25%-75%,0.0000000000,>=0.05,no
site2/train/video12frame014,EndoVis 2018,site2,train,site2/video12,14,q8_mask_center_5pct_v1,x=25%-75%; y=25%-75%,0.0053802491,>=0.05,no
site2/train/video12frame015,EndoVis 2018,site2,train,site2/video12,15,q8_mask_center_5pct_v1,x=25%-75%; y=25%-75%,0.0045898436,>=0.05,no
site2/train/video12frame016,EndoVis 2018,site2,train,site2/video12,16,q8_mask_center_5pct_v1,x=25%-75%; y=25%-75%,0.0052978517,>=0.05,no
site2/train/video12frame017,EndoVis 2018,site2,train,site2/video12,17,q8_mask_center_5pct_v1,x=25%-75%; y=25%-75%,0.0156829841,>=0.05,no
site2/train/video12frame018,EndoVis 2018,site2,train,site2/video12,18,q8_mask_center_5pct_v1,x=25%-75%; y=25%-75%,0.0000000000,>=0.05,no
site2/train/video12frame019,EndoVis 2018,site2,train,site2/video12,19,q8_mask_center_5pct_v1,x=25%-75%; y=25%-75%,0.0009796142,>=0.05,no
site2/train/video12frame020,EndoVis 2018,site2,train,site2/video12,20,q8_mask_center_5pct_v1,x=25%-75%; y=25%-75%,0.0272644050,>=0.05,no
site2/train/video12frame021,EndoVis 2018,site2,train,site2/video12,21,q8_mask_center_5pct_v1,x=25%-75%; y=25%-75%,0.0340057388,>=0.05,no
site2/train/video12frame022,EndoVis 2018,site2,train,site2/video12,22,q8_mask_center_5pct_v1,x=25%-75%; y=25%-75%,0.0322601311,>=0.05,no
site2/train/video12frame023,EndoVis 2018,site2,train,site2/video12,23,q8_mask_center_5pct_v1,x=25%-75%; y=25%-75%,0.0443389900,>=0.05,no
site2/train/video12frame024,EndoVis 2018,site2,train,site2/video12,24,q8_mask_center_5pct_v1,x=25%-75%; y=25%-75%,0.0469299331,>=0.05,no
site2/train/video12frame025,EndoVis 2018,site2,train,site2/video12,25,q8_mask_center_5pct_v1,x=25%-75%; y=25%-75%,0.1304077208,>=0.05,yes
site2/train/video12frame026,EndoVis 2018,site2,train,site2/video12,26,q8_mask_center_5pct_v1,x=25%-75%; y=25%-75%,0.1075805649,>=0.05,yes
site2/train/video12frame027,EndoVis 2018,site2,train,site2/video12,27,q8_mask_center_5pct_v1,x=25%-75%; y=25%-75%,0.1306915283,>=0.05,yes
site2/train/video12frame028,EndoVis 2018,site2,train,site2/video12,28,q8_mask_center_5pct_v1,x=25%-75%; y=25%-75%,0.0388305672,>=0.05,no
site2/train/video12frame029,EndoVis 2018,site2,train,site2/video12,29,q8_mask_center_5pct_v1,x=25%-75%; y=25%-75%,0.3936187625,>=0.05,yes
site2/train/video12frame030,EndoVis 2018,site2,train,site2/video12,30,q8_mask_center_5pct_v1,x=25%-75%; y=25%-75%,0.4339569211,>=0.05,yes
site2/train/video12frame031,EndoVis 2018,site2,train,site2/video12,31,q8_mask_center_5pct_v1,x=25%-75%; y=25%-75%,0.4082489014,>=0.05,yes
site2/train/video12frame032,EndoVis 2018,site2,train,site2/video12,32,q8_mask_center_5pct_v1,x=25%-75%; y=25%-75%,0.4040557742,>=0.05,yes
site2/train/video12frame033,EndoVis 2018,site2,train,site2/video12,33,q8_mask_center_5pct_v1,x=25%-75%; y=25%-75%,0.4121887088,>=0.05,yes
site2/train/video12frame034,EndoVis 2018,site2,train,site2/video12,34,q8_mask_center_5pct_v1,x=25%-75%; y=25%-75%,0.3835601807,>=0.05,yes
site2/train/video12frame035,EndoVis 2018,site2,train,site2/video12,35,q8_mask_center_5pct_v1,x=25%-75%; y=25%-75%,0.3861328065,>=0.05,yes
site2/train/video12frame036,EndoVis 2018,site2,train,site2/video12,36,q8_mask_center_5pct_v1,x=25%-75%; y=25%-75%,0.3354827762,>=0.05,yes
site2/train/video12frame037,EndoVis 2018,site2,train,site2/video12,37,q8_mask_center_5pct_v1,x=25%-75%; y=25%-75%,0.3416839540,>=0.05,yes
site2/train/video12frame038,EndoVis 2018,site2,train,site2/video12,38,q8_mask_center_5pct_v1,x=25%-75%; y=25%-75%,0.3611663878,>=0.05,yes
site2/train/video12frame039,EndoVis 2018,site2,train,site2/video12,39,q8_mask_center_5pct_v1,x=25%-75%; y=25%-75%,0.3951995969,>=0.05,yes
site2/train/video12frame040,EndoVis 2018,site2,train,site2/video12,40,q8_mask_center_5pct_v1,x=25%-75%; y=25%-75%,0.3634124696,>=0.05,yes
site2/train/video12frame041,EndoVis 2018,site2,train,site2/video12,41,q8_mask_center_5pct_v1,x=25%-75%; y=25%-75%,0.3516143858,>=0.05,yes
site2/train/video12frame042,EndoVis 2018,site2,train,site2/video12,42,q8_mask_center_5pct_v1,x=25%-75%; y=25%-75%,0.4117736816,>=0.05,yes
site2/train/video12frame043,EndoVis 2018,site2,train,site2/video12,43,q8_mask_center_5pct_v1,x=25%-75%; y=25%-75%,0.4139739871,>=0.05,yes
site2/train/video12frame044,EndoVis 2018,site2,train,site2/video12,44,q8_mask_center_5pct_v1,x=25%-75%; y=25%-75%,0.3862670958,>=0.05,yes
site2/train/video12frame045,EndoVis 2018,site2,train,site2/video12,45,q8_mask_center_5pct_v1,x=25%-75%; y=25%-75%,0.2761566043,>=0.05,yes
site2/train/video12frame046,EndoVis 2018,site2,train,site2/video12,46,q8_mask_center_5pct_v1,x=25%-75%; y=25%-75%,0.1738616973,>=0.05,yes
site2/train/video12frame047,EndoVis 2018,site2,train,site2/video12,47,q8_mask_center_5pct_v1,x=25%-75%; y=25%-75%,0.1244567856,>=0.05,yes
site2/train/video12frame048,EndoVis 2018,site2,train,site2/video12,48,q8_mask_center_5pct_v1,x=25%-75%; y=25%-75%,0.1301238984,>=0.05,yes
site2/train/video12frame049,EndoVis 2018,site2,train,site2/video12,49,q8_mask_center_5pct_v1,x=25%-75%; y=25%-75%,0.1997283995,>=0.05,yes
site2/train/video12frame050,EndoVis 2018,site2,train,site2/video12,50,q8_mask_center_5pct_v1,x=25%-75%; y=25%-75%,0.3346008360,>=0.05,yes
site2/train/video12frame051,EndoVis 2018,site2,train,site2/video12,51,q8_mask_center_5pct_v1,x=25%-75%; y=25%-75%,0.3450866640,>=0.05,yes
site2/train/video12frame052,EndoVis 2018,site2,train,site2/video12,52,q8_mask_center_5pct_v1,x=25%-75%; y=25%-75%,0.4551208615,>=0.05,yes
site2/train/video12frame053,EndoVis 2018,site2,train,site2/video12,53,q8_mask_center_5pct_v1,x=25%-75%; y=25%-75%,0.1299438477,>=0.05,yes
site2/train/video12frame054,EndoVis 2018,site2,train,site2/video12,54,q8_mask_center_5pct_v1,x=25%-75%; y=25%-75%,0.0009124756,>=0.05,no
site2/train/video12frame055,EndoVis 2018,site2,train,site2/video12,55,q8_mask_center_5pct_v1,x=25%-75%; y=25%-75%,0.0129058836,>=0.05,no
site2/train/video12frame056,EndoVis 2018,site2,train,site2/video12,56,q8_mask_center_5pct_v1,x=25%-75%; y=25%-75%,0.0064971922,>=0.05,no
site2/train/video12frame057,EndoVis 2018,site2,train,site2/video12,57,q8_mask_center_5pct_v1,x=25%-75%; y=25%-75%,0.0575073250,>=0.05,yes
site2/train/video12frame058,EndoVis 2018,site2,train,site2/video12,58,q8_mask_center_5pct_v1,x=25%-75%; y=25%-75%,0.0889709443,>=0.05,yes
site2/train/video12frame059,EndoVis 2018,site2,train,site2/video12,59,q8_mask_center_5pct_v1,x=25%-75%; y=25%-75%,0.1891601533,>=0.05,yes
site2/train/video12frame060,EndoVis 2018,site2,train,site2/video12,60,q8_mask_center_5pct_v1,x=25%-75%; y=25%-75%,0.2750854492,>=0.05,yes
site2/train/video12frame061,EndoVis 2018,site2,train,site2/video12,61,q8_mask_center_5pct_v1,x=25%-75%; y=25%-75%,0.3149200380,>=0.05,yes
site2/train/video12frame062,EndoVis 2018,site2,train,site2/video12,62,q8_mask_center_5pct_v1,x=25%-75%; y=25%-75%,0.0188232418,>=0.05,no
site2/train/video12frame063,EndoVis 2018,site2,train,site2/video12,63,q8_mask_center_5pct_v1,x=25%-75%; y=25%-75%,0.0192565918,>=0.05,no
site2/train/video12frame064,EndoVis 2018,site2,train,site2/video12,64,q8_mask_center_5pct_v1,x=25%-75%; y=25%-75%,0.1386596709,>=0.05,yes
site2/train/video12frame065,EndoVis 2018,site2,train,site2/video12,65,q8_mask_center_5pct_v1,x=25%-75%; y=25%-75%,0.0260467529,>=0.05,no
site2/train/video12frame066,EndoVis 2018,site2,train,site2/video12,66,q8_mask_center_5pct_v1,x=25%-75%; y=25%-75%,0.0717102066,>=0.05,yes
site2/train/video12frame067,EndoVis 2018,site2,train,site2/video12,67,q8_mask_center_5pct_v1,x=25%-75%; y=25%-75%,0.1016876251,>=0.05,yes
site2/train/video12frame068,EndoVis 2018,site2,train,site2/video12,68,q8_mask_center_5pct_v1,x=25%-75%; y=25%-75%,0.0027954101,>=0.05,no
site2/train/video12frame069,EndoVis 2018,site2,train,site2/video12,69,q8_mask_center_5pct_v1,x=25%-75%; y=25%-75%,0.4015350342,>=0.05,yes
site2/train/video12frame070,EndoVis 2018,site2,train,site2/video12,70,q8_mask_center_5pct_v1,x=25%-75%; y=25%-75%,0.4144470096,>=0.05,yes
site2/train/video12frame071,EndoVis 2018,site2,train,site2/video12,71,q8_mask_center_5pct_v1,x=25%-75%; y=25%-75%,0.3827606142,>=0.05,yes
site2/train/video12frame072,EndoVis 2018,site2,train,site2/video12,72,q8_mask_center_5pct_v1,x=25%-75%; y=25%-75%,0.4419769347,>=0.05,yes
site2/train/video12frame073,EndoVis 2018,site2,train,site2/video12,73,q8_mask_center_5pct_v1,x=25%-75%; y=25%-75%,0.2617126405,>=0.05,yes
site2/train/video12frame074,EndoVis 2018,site2,train,site2/video12,74,q8_mask_center_5pct_v1,x=25%-75%; y=25%-75%,0.1632293761,>=0.05,yes
site2/train/video12frame075,EndoVis 2018,site2,train,site2/video12,75,q8_mask_center_5pct_v1,x=25%-75%; y=25%-75%,0.1846527159,>=0.05,yes
site2/train/video12frame076,EndoVis 2018,site2,train,site2/video12,76,q8_mask_center_5pct_v1,x=25%-75%; y=25%-75%,0.0284179691,>=0.05,no
site2/train/video12frame077,EndoVis 2018,site2,train,site2/video12,77,q8_mask_center_5pct_v1,x=25%-75%; y=25%-75%,0.1142852753,>=0.05,yes
site2/train/video12frame078,EndoVis 2018,site2,train,site2/video12,78,q8_mask_center_5pct_v1,x=25%-75%; y=25%-75%,0.1896057129,>=0.05,yes
site2/train/video12frame079,EndoVis 2018,site2,train,site2/video12,79,q8_mask_center_5pct_v1,x=25%-75%; y=25%-75%,0.0090240482,>=0.05,no
site2/train/video12frame080,EndoVis 2018,site2,train,site2/video12,80,q8_mask_center_5pct_v1,x=25%-75%; y=25%-75%,0.3050781190,>=0.05,yes
site2/train/video12frame081,EndoVis 2018,site2,train,site2/video12,81,q8_mask_center_5pct_v1,x=25%-75%; y=25%-75%,0.4675262570,>=0.05,yes
site2/train/video12frame082,EndoVis 2018,site2,train,site2/video12,82,q8_mask_center_5pct_v1,x=25%-75%; y=25%-75%,0.4083190858,>=0.05,yes
site2/train/video12frame083,EndoVis 2018,site2,train,site2/video12,83,q8_mask_center_5pct_v1,x=25%-75%; y=25%-75%,0.3929748535,>=0.05,yes
site2/train/video12frame084,EndoVis 2018,site2,train,site2/video12,84,q8_mask_center_5pct_v1,x=25%-75%; y=25%-75%,0.3940490782,>=0.05,yes
site2/train/video12frame085,EndoVis 2018,site2,train,site2/video12,85,q8_mask_center_5pct_v1,x=25%-75%; y=25%-75%,0.3843933046,>=0.05,yes
site2/train/video12frame086,EndoVis 2018,site2,train,site2/video12,86,q8_mask_center_5pct_v1,x=25%-75%; y=25%-75%,0.4359039366,>=0.05,yes
site2/train/video12frame087,EndoVis 2018,site2,train,site2/video12,87,q8_mask_center_5pct_v1,x=25%-75%; y=25%-75%,0.4549499452,>=0.05,yes
site2/train/video12frame088,EndoVis 2018,site2,train,site2/video12,88,q8_mask_center_5pct_v1,x=25%-75%; y=25%-75%,0.4594604373,>=0.05,yes
site2/train/video12frame089,EndoVis 2018,site2,train,site2/video12,89,q8_mask_center_5pct_v1,x=25%-75%; y=25%-75%,0.4438018799,>=0.05,yes
site2/train/video12frame090,EndoVis 2018,site2,train,site2/video12,90,q8_mask_center_5pct_v1,x=25%-75%; y=25%-75%,0.4457885623,>=0.05,yes
site2/train/video12frame091,EndoVis 2018,site2,train,site2/video12,91,q8_mask_center_5pct_v1,x=25%-75%; y=25%-75%,0.4742004275,>=0.05,yes
site2/train/video12frame092,EndoVis 2018,site2,train,site2/video12,92,q8_mask_center_5pct_v1,x=25%-75%; y=25%-75%,0.4302001894,>=0.05,yes
site2/train/video12frame093,EndoVis 2018,site2,train,site2/video12,93,q8_mask_center_5pct_v1,x=25%-75%; y=25%-75%,0.3829894960,>=0.05,yes
site2/train/video12frame094,EndoVis 2018,site2,train,site2/video12,94,q8_mask_center_5pct_v1,x=25%-75%; y=25%-75%,0.3900054991,>=0.05,yes
site2/train/video12frame095,EndoVis 2018,site2,train,site2/video12,95,q8_mask_center_5pct_v1,x=25%-75%; y=25%-75%,0.3944549561,>=0.05,yes
site2/train/video12frame096,EndoVis 2018,site2,train,site2/video12,96,q8_mask_center_5pct_v1,x=25%-75%; y=25%-75%,0.4032806456,>=0.05,yes
site2/train/video12frame097,EndoVis 2018,site2,train,site2/video12,97,q8_mask_center_5pct_v1,x=25%-75%; y=25%-75%,0.4858337343,>=0.05,yes
site2/train/video12frame098,EndoVis 2018,site2,train,site2/video12,98,q8_mask_center_5pct_v1,x=25%-75%; y=25%-75%,0.3943572938,>=0.05,yes
site2/train/video12frame099,EndoVis 2018,site2,train,site2/video12,99,q8_mask_center_5pct_v1,x=25%-75%; y=25%-75%,0.3849395812,>=0.05,yes
site2/train/video12frame100,EndoVis 2018,site2,train,site2/video12,100,q8_mask_center_5pct_v1,x=25%-75%; y=25%-75%,0.3555297852,>=0.05,yes
site2/train/video12frame101,EndoVis 2018,site2,train,site2/video12,101,q8_mask_center_5pct_v1,x=25%-75%; y=25%-75%,0.4201721251,>=0.05,yes
site2/train/video12frame102,EndoVis 2018,site2,train,site2/video12,102,q8_mask_center_5pct_v1,x=25%-75%; y=25%-75%,0.3938812315,>=0.05,yes
site2/train/video12frame103,EndoVis 2018,site2,train,site2/video12,103,q8_mask_center_5pct_v1,x=25%-75%; y=25%-75%,0.3385803103,>=0.05,yes
site2/train/video12frame104,EndoVis 2018,site2,train,site2/video12,104,q8_mask_center_5pct_v1,x=25%-75%; y=25%-75%,0.0348358154,>=0.05,no
site2/train/video12frame105,EndoVis 2018,site2,train,site2/video12,105,q8_mask_center_5pct_v1,x=25%-75%; y=25%-75%,0.0036529540,>=0.05,no
site2/train/video12frame106,EndoVis 2018,site2,train,site2/video12,106,q8_mask_center_5pct_v1,x=25%-75%; y=25%-75%,0.0340393074,>=0.05,no
site2/train/video12frame107,EndoVis 2018,site2,train,site2/video12,107,q8_mask_center_5pct_v1,x=25%-75%; y=25%-75%,0.0572692864,>=0.05,yes
site2/train/video12frame108,EndoVis 2018,site2,train,site2/video12,108,q8_mask_center_5pct_v1,x=25%-75%; y=25%-75%,0.0749328583,>=0.05,yes
site2/train/video12frame109,EndoVis 2018,site2,train,site2/video12,109,q8_mask_center_5pct_v1,x=25%-75%; y=25%-75%,0.1504577696,>=0.05,yes
site2/train/video12frame110,EndoVis 2018,site2,train,site2/video12,110,q8_mask_center_5pct_v1,x=25%-75%; y=25%-75%,0.0865051299,>=0.05,yes
site2/train/video12frame111,EndoVis 2018,site2,train,site2/video12,111,q8_mask_center_5pct_v1,x=25%-75%; y=25%-75%,0.0000000000,>=0.05,no
site2/train/video12frame112,EndoVis 2018,site2,train,site2/video12,112,q8_mask_center_5pct_v1,x=25%-75%; y=25%-75%,0.0099487305,>=0.05,no
site2/train/video12frame113,EndoVis 2018,site2,train,site2/video12,113,q8_mask_center_5pct_v1,x=25%-75%; y=25%-75%,0.0992462188,>=0.05,yes
site2/train/video12frame114,EndoVis 2018,site2,train,site2/video12,114,q8_mask_center_5pct_v1,x=25%-75%; y=25%-75%,0.2174194306,>=0.05,yes
site2/train/video12frame115,EndoVis 2018,site2,train,site2/video12,115,q8_mask_center_5pct_v1,x=25%-75%; y=25%-75%,0.2097259462,>=0.05,yes
site2/train/video12frame116,EndoVis 2018,site2,train,site2/video12,116,q8_mask_center_5pct_v1,x=25%-75%; y=25%-75%,0.2940185666,>=0.05,yes
site2/train/video12frame117,EndoVis 2018,site2,train,site2/video12,117,q8_mask_center_5pct_v1,x=25%-75%; y=25%-75%,0.2649841309,>=0.05,yes
site2/train/video12frame118,EndoVis 2018,site2,train,site2/video12,118,q8_mask_center_5pct_v1,x=25%-75%; y=25%-75%,0.2334228456,>=0.05,yes
site2/train/video12frame119,EndoVis 2018,site2,train,site2/video12,119,q8_mask_center_5pct_v1,x=25%-75%; y=25%-75%,0.2122955322,>=0.05,yes
site2/train/video12frame120,EndoVis 2018,site2,train,site2/video12,120,q8_mask_center_5pct_v1,x=25%-75%; y=25%-75%,0.1281646788,>=0.05,yes
site2/train/video12frame121,EndoVis 2018,site2,train,site2/video12,121,q8_mask_center_5pct_v1,x=25%-75%; y=25%-75%,0.1575408876,>=0.05,yes
site2/train/video12frame122,EndoVis 2018,site2,train,site2/video12,122,q8_mask_center_5pct_v1,x=25%-75%; y=25%-75%,0.0654907227,>=0.05,yes
site2/train/video12frame123,EndoVis 2018,site2,train,site2/video12,123,q8_mask_center_5pct_v1,x=25%-75%; y=25%-75%,0.0194610599,>=0.05,no
site2/train/video12frame124,EndoVis 2018,site2,train,site2/video12,124,q8_mask_center_5pct_v1,x=25%-75%; y=25%-75%,0.0182739254,>=0.05,no
site2/train/video12frame125,EndoVis 2018,site2,train,site2/video12,125,q8_mask_center_5pct_v1,x=25%-75%; y=25%-75%,0.0443237312,>=0.05,no
site2/train/video12frame126,EndoVis 2018,site2,train,site2/video12,126,q8_mask_center_5pct_v1,x=25%-75%; y=25%-75%,0.0589874275,>=0.05,yes
site2/train/video12frame127,EndoVis 2018,site2,train,site2/video12,127,q8_mask_center_5pct_v1,x=25%-75%; y=25%-75%,0.1364654601,>=0.05,yes
site2/train/video12frame128,EndoVis 2018,site2,train,site2/video12,128,q8_mask_center_5pct_v1,x=25%-75%; y=25%-75%,0.1909851134,>=0.05,yes
site2/train/video12frame129,EndoVis 2018,site2,train,site2/video12,129,q8_mask_center_5pct_v1,x=25%-75%; y=25%-75%,0.0285888668,>=0.05,no
site2/train/video12frame130,EndoVis 2018,site2,train,site2/video12,130,q8_mask_center_5pct_v1,x=25%-75%; y=25%-75%,0.0135009764,>=0.05,no
site2/train/video12frame131,EndoVis 2018,site2,train,site2/video12,131,q8_mask_center_5pct_v1,x=25%-75%; y=25%-75%,0.1328674257,>=0.05,yes
site2/train/video12frame132,EndoVis 2018,site2,train,site2/video12,132,q8_mask_center_5pct_v1,x=25%-75%; y=25%-75%,0.2073150575,>=0.05,yes
site2/train/video12frame133,EndoVis 2018,site2,train,site2/video12,133,q8_mask_center_5pct_v1,x=25%-75%; y=25%-75%,0.2121368349,>=0.05,yes
site2/train/video12frame134,EndoVis 2018,site2,train,site2/video12,134,q8_mask_center_5pct_v1,x=25%-75%; y=25%-75%,0.2765258849,>=0.05,yes
site2/train/video12frame135,EndoVis 2018,site2,train,site2/video12,135,q8_mask_center_5pct_v1,x=25%-75%; y=25%-75%,0.3554260135,>=0.05,yes
site2/train/video12frame136,EndoVis 2018,site2,train,site2/video12,136,q8_mask_center_5pct_v1,x=25%-75%; y=25%-75%,0.2531860471,>=0.05,yes
site2/train/video12frame137,EndoVis 2018,site2,train,site2/video12,137,q8_mask_center_5pct_v1,x=25%-75%; y=25%-75%,0.2944244444,>=0.05,yes
site2/train/video12frame138,EndoVis 2018,site2,train,site2/video12,138,q8_mask_center_5pct_v1,x=25%-75%; y=25%-75%,0.3642425537,>=0.05,yes
site2/train/video12frame139,EndoVis 2018,site2,train,site2/video12,139,q8_mask_center_5pct_v1,x=25%-75%; y=25%-75%,0.2725006044,>=0.05,yes
site2/train/video12frame140,EndoVis 2018,site2,train,site2/video12,140,q8_mask_center_5pct_v1,x=25%-75%; y=25%-75%,0.2489044219,>=0.05,yes
site2/train/video12frame141,EndoVis 2018,site2,train,site2/video12,141,q8_mask_center_5pct_v1,x=25%-75%; y=25%-75%,0.1893859804,>=0.05,yes
site2/train/video12frame142,EndoVis 2018,site2,train,site2/video12,142,q8_mask_center_5pct_v1,x=25%-75%; y=25%-75%,0.2773498595,>=0.05,yes
site2/train/video12frame143,EndoVis 2018,site2,train,site2/video12,143,q8_mask_center_5pct_v1,x=25%-75%; y=25%-75%,0.1109954864,>=0.05,yes
site2/train/video12frame144,EndoVis 2018,site2,train,site2/video12,144,q8_mask_center_5pct_v1,x=25%-75%; y=25%-75%,0.0251922607,>=0.05,no
site2/train/video12frame145,EndoVis 2018,site2,train,site2/video12,145,q8_mask_center_5pct_v1,x=25%-75%; y=25%-75%,0.1300750673,>=0.05,yes
site2/train/video12frame146,EndoVis 2018,site2,train,site2/video12,146,q8_mask_center_5pct_v1,x=25%-75%; y=25%-75%,0.0970489532,>=0.05,yes
site2/train/video12frame147,EndoVis 2018,site2,train,site2/video12,147,q8_mask_center_5pct_v1,x=25%-75%; y=25%-75%,0.0141235348,>=0.05,no
site2/train/video12frame148,EndoVis 2018,site2,train,site2/video12,148,q8_mask_center_5pct_v1,x=25%-75%; y=25%-75%,0.0561218262,>=0.05,yes
site2/train/video13frame000,EndoVis 2018,site2,train,site2/video13,0,q8_mask_center_5pct_v1,x=25%-75%; y=25%-75%,0.2235229462,>=0.05,yes
site2/train/video13frame001,EndoVis 2018,site2,train,site2/video13,1,q8_mask_center_5pct_v1,x=25%-75%; y=25%-75%,0.2400512695,>=0.05,yes
site2/train/video13frame002,EndoVis 2018,site2,train,site2/video13,2,q8_mask_center_5pct_v1,x=25%-75%; y=25%-75%,0.2376770079,>=0.05,yes
site2/train/video13frame003,EndoVis 2018,site2,train,site2/video13,3,q8_mask_center_5pct_v1,x=25%-75%; y=25%-75%,0.2511627078,>=0.05,yes
site2/train/video13frame004,EndoVis 2018,site2,train,site2/video13,4,q8_mask_center_5pct_v1,x=25%-75%; y=25%-75%,0.3414001465,>=0.05,yes
site2/train/video13frame005,EndoVis 2018,site2,train,site2/video13,5,q8_mask_center_5pct_v1,x=25%-75%; y=25%-75%,0.3809387088,>=0.05,yes
site2/train/video13frame006,EndoVis 2018,site2,train,site2/video13,6,q8_mask_center_5pct_v1,x=25%-75%; y=25%-75%,0.4051117003,>=0.05,yes
site2/train/video13frame007,EndoVis 2018,site2,train,site2/video13,7,q8_mask_center_5pct_v1,x=25%-75%; y=25%-75%,0.4027801454,>=0.05,yes
site2/train/video13frame008,EndoVis 2018,site2,train,site2/video13,8,q8_mask_center_5pct_v1,x=25%-75%; y=25%-75%,0.3888519406,>=0.05,yes
site2/train/video13frame009,EndoVis 2018,site2,train,site2/video13,9,q8_mask_center_5pct_v1,x=25%-75%; y=25%-75%,0.2094268799,>=0.05,yes
site2/train/video13frame010,EndoVis 2018,site2,train,site2/video13,10,q8_mask_center_5pct_v1,x=25%-75%; y=25%-75%,0.1042205840,>=0.05,yes
site2/train/video13frame011,EndoVis 2018,site2,train,site2/video13,11,q8_mask_center_5pct_v1,x=25%-75%; y=25%-75%,0.1039764434,>=0.05,yes
site2/train/video13frame012,EndoVis 2018,site2,train,site2/video13,12,q8_mask_center_5pct_v1,x=25%-75%; y=25%-75%,0.1074157730,>=0.05,yes
site2/train/video13frame013,EndoVis 2018,site2,train,site2/video13,13,q8_mask_center_5pct_v1,x=25%-75%; y=25%-75%,0.1035095230,>=0.05,yes
site2/train/video13frame014,EndoVis 2018,site2,train,site2/video13,14,q8_mask_center_5pct_v1,x=25%-75%; y=25%-75%,0.1477386504,>=0.05,yes
site2/train/video13frame015,EndoVis 2018,site2,train,site2/video13,15,q8_mask_center_5pct_v1,x=25%-75%; y=25%-75%,0.1659973115,>=0.05,yes
site2/train/video13frame016,EndoVis 2018,site2,train,site2/video13,16,q8_mask_center_5pct_v1,x=25%-75%; y=25%-75%,0.1949798614,>=0.05,yes
site2/train/video13frame017,EndoVis 2018,site2,train,site2/video13,17,q8_mask_center_5pct_v1,x=25%-75%; y=25%-75%,0.2421936095,>=0.05,yes
site2/train/video13frame018,EndoVis 2018,site2,train,site2/video13,18,q8_mask_center_5pct_v1,x=25%-75%; y=25%-75%,0.2893676758,>=0.05,yes
site2/train/video13frame019,EndoVis 2018,site2,train,site2/video13,19,q8_mask_center_5pct_v1,x=25%-75%; y=25%-75%,0.2580780089,>=0.05,yes
site2/train/video13frame020,EndoVis 2018,site2,train,site2/video13,20,q8_mask_center_5pct_v1,x=25%-75%; y=25%-75%,0.2283813506,>=0.05,yes
site2/train/video13frame021,EndoVis 2018,site2,train,site2/video13,21,q8_mask_center_5pct_v1,x=25%-75%; y=25%-75%,0.2093719542,>=0.05,yes
site2/train/video13frame022,EndoVis 2018,site2,train,site2/video13,22,q8_mask_center_5pct_v1,x=25%-75%; y=25%-75%,0.2618011534,>=0.05,yes
site2/train/video13frame023,EndoVis 2018,site2,train,site2/video13,23,q8_mask_center_5pct_v1,x=25%-75%; y=25%-75%,0.3219482303,>=0.05,yes
site2/train/video13frame024,EndoVis 2018,site2,train,site2/video13,24,q8_mask_center_5pct_v1,x=25%-75%; y=25%-75%,0.3342987001,>=0.05,yes
site2/train/video13frame025,EndoVis 2018,site2,train,site2/video13,25,q8_mask_center_5pct_v1,x=25%-75%; y=25%-75%,0.3016845584,>=0.05,yes
site2/train/video13frame026,EndoVis 2018,site2,train,site2/video13,26,q8_mask_center_5pct_v1,x=25%-75%; y=25%-75%,0.1890136749,>=0.05,yes
site2/train/video13frame027,EndoVis 2018,site2,train,site2/video13,27,q8_mask_center_5pct_v1,x=25%-75%; y=25%-75%,0.1938079894,>=0.05,yes
site2/train/video13frame028,EndoVis 2018,site2,train,site2/video13,28,q8_mask_center_5pct_v1,x=25%-75%; y=25%-75%,0.2257263213,>=0.05,yes
site2/train/video13frame029,EndoVis 2018,site2,train,site2/video13,29,q8_mask_center_5pct_v1,x=25%-75%; y=25%-75%,0.2881744504,>=0.05,yes
site2/train/video13frame030,EndoVis 2018,site2,train,site2/video13,30,q8_mask_center_5pct_v1,x=25%-75%; y=25%-75%,0.2807006836,>=0.05,yes
site2/train/video13frame031,EndoVis 2018,site2,train,site2/video13,31,q8_mask_center_5pct_v1,x=25%-75%; y=25%-75%,0.2403595001,>=0.05,yes
site2/train/video13frame032,EndoVis 2018,site2,train,site2/video13,32,q8_mask_center_5pct_v1,x=25%-75%; y=25%-75%,0.1621032655,>=0.05,yes
site2/train/video13frame033,EndoVis 2018,site2,train,site2/video13,33,q8_mask_center_5pct_v1,x=25%-75%; y=25%-75%,0.2532226443,>=0.05,yes
site2/train/video13frame034,EndoVis 2018,site2,train,site2/video13,34,q8_mask_center_5pct_v1,x=25%-75%; y=25%-75%,0.2481689453,>=0.05,yes
site2/train/video13frame035,EndoVis 2018,site2,train,site2/video13,35,q8_mask_center_5pct_v1,x=25%-75%; y=25%-75%,0.2519164979,>=0.05,yes
site2/train/video13frame036,EndoVis 2018,site2,train,site2/video13,36,q8_mask_center_5pct_v1,x=25%-75%; y=25%-75%,0.2451232970,>=0.05,yes
site2/train/video13frame037,EndoVis 2018,site2,train,site2/video13,37,q8_mask_center_5pct_v1,x=25%-75%; y=25%-75%,0.2242767364,>=0.05,yes
site2/train/video13frame038,EndoVis 2018,site2,train,site2/video13,38,q8_mask_center_5pct_v1,x=25%-75%; y=25%-75%,0.2105377167,>=0.05,yes
site2/train/video13frame039,EndoVis 2018,site2,train,site2/video13,39,q8_mask_center_5pct_v1,x=25%-75%; y=25%-75%,0.2198242247,>=0.05,yes
site2/train/video13frame040,EndoVis 2018,site2,train,site2/video13,40,q8_mask_center_5pct_v1,x=25%-75%; y=25%-75%,0.2258300781,>=0.05,yes
site2/train/video13frame041,EndoVis 2018,site2,train,site2/video13,41,q8_mask_center_5pct_v1,x=25%-75%; y=25%-75%,0.2162322998,>=0.05,yes
site2/train/video13frame042,EndoVis 2018,site2,train,site2/video13,42,q8_mask_center_5pct_v1,x=25%-75%; y=25%-75%,0.2751861513,>=0.05,yes
site2/train/video13frame043,EndoVis 2018,site2,train,site2/video13,43,q8_mask_center_5pct_v1,x=25%-75%; y=25%-75%,0.2739868164,>=0.05,yes
site2/train/video13frame044,EndoVis 2018,site2,train,site2/video13,44,q8_mask_center_5pct_v1,x=25%-75%; y=25%-75%,0.3013305664,>=0.05,yes
site2/train/video13frame045,EndoVis 2018,site2,train,site2/video13,45,q8_mask_center_5pct_v1,x=25%-75%; y=25%-75%,0.1994323730,>=0.05,yes
site2/train/video13frame046,EndoVis 2018,site2,train,site2/video13,46,q8_mask_center_5pct_v1,x=25%-75%; y=25%-75%,0.2122558653,>=0.05,yes
site2/train/video13frame047,EndoVis 2018,site2,train,site2/video13,47,q8_mask_center_5pct_v1,x=25%-75%; y=25%-75%,0.1746612489,>=0.05,yes
site2/train/video13frame048,EndoVis 2018,site2,train,site2/video13,48,q8_mask_center_5pct_v1,x=25%-75%; y=25%-75%,0.1746612489,>=0.05,yes
site2/train/video13frame049,EndoVis 2018,site2,train,site2/video13,49,q8_mask_center_5pct_v1,x=25%-75%; y=25%-75%,0.1759094298,>=0.05,yes
site2/train/video13frame050,EndoVis 2018,site2,train,site2/video13,50,q8_mask_center_5pct_v1,x=25%-75%; y=25%-75%,0.1801605225,>=0.05,yes
site2/train/video13frame051,EndoVis 2018,site2,train,site2/video13,51,q8_mask_center_5pct_v1,x=25%-75%; y=25%-75%,0.1379974335,>=0.05,yes
site2/train/video13frame052,EndoVis 2018,site2,train,site2/video13,52,q8_mask_center_5pct_v1,x=25%-75%; y=25%-75%,0.1270965636,>=0.05,yes
site2/train/video13frame053,EndoVis 2018,site2,train,site2/video13,53,q8_mask_center_5pct_v1,x=25%-75%; y=25%-75%,0.0391265862,>=0.05,no
site2/train/video13frame054,EndoVis 2018,site2,train,site2/video13,54,q8_mask_center_5pct_v1,x=25%-75%; y=25%-75%,0.0392669663,>=0.05,no
site2/train/video13frame055,EndoVis 2018,site2,train,site2/video13,55,q8_mask_center_5pct_v1,x=25%-75%; y=25%-75%,0.0573028550,>=0.05,yes
site2/train/video13frame056,EndoVis 2018,site2,train,site2/video13,56,q8_mask_center_5pct_v1,x=25%-75%; y=25%-75%,0.0161437988,>=0.05,no
site2/train/video13frame057,EndoVis 2018,site2,train,site2/video13,57,q8_mask_center_5pct_v1,x=25%-75%; y=25%-75%,0.2858184874,>=0.05,yes
site2/train/video13frame058,EndoVis 2018,site2,train,site2/video13,58,q8_mask_center_5pct_v1,x=25%-75%; y=25%-75%,0.2023895234,>=0.05,yes
site2/train/video13frame059,EndoVis 2018,site2,train,site2/video13,59,q8_mask_center_5pct_v1,x=25%-75%; y=25%-75%,0.2023895234,>=0.05,yes
site2/train/video13frame060,EndoVis 2018,site2,train,site2/video13,60,q8_mask_center_5pct_v1,x=25%-75%; y=25%-75%,0.2072601318,>=0.05,yes
site2/train/video13frame061,EndoVis 2018,site2,train,site2/video13,61,q8_mask_center_5pct_v1,x=25%-75%; y=25%-75%,0.2890960574,>=0.05,yes
site2/train/video13frame062,EndoVis 2018,site2,train,site2/video13,62,q8_mask_center_5pct_v1,x=25%-75%; y=25%-75%,0.2763885558,>=0.05,yes
site2/train/video13frame063,EndoVis 2018,site2,train,site2/video13,63,q8_mask_center_5pct_v1,x=25%-75%; y=25%-75%,0.3421142697,>=0.05,yes
site2/train/video13frame064,EndoVis 2018,site2,train,site2/video13,64,q8_mask_center_5pct_v1,x=25%-75%; y=25%-75%,0.3216461241,>=0.05,yes
site2/train/video13frame065,EndoVis 2018,site2,train,site2/video13,65,q8_mask_center_5pct_v1,x=25%-75%; y=25%-75%,0.1993133575,>=0.05,yes
site2/train/video13frame066,EndoVis 2018,site2,train,site2/video13,66,q8_mask_center_5pct_v1,x=25%-75%; y=25%-75%,0.2644897401,>=0.05,yes
site2/train/video13frame067,EndoVis 2018,site2,train,site2/video13,67,q8_mask_center_5pct_v1,x=25%-75%; y=25%-75%,0.2894897461,>=0.05,yes
site2/train/video13frame068,EndoVis 2018,site2,train,site2/video13,68,q8_mask_center_5pct_v1,x=25%-75%; y=25%-75%,0.2331176698,>=0.05,yes
site2/train/video13frame069,EndoVis 2018,site2,train,site2/video13,69,q8_mask_center_5pct_v1,x=25%-75%; y=25%-75%,0.1669555604,>=0.05,yes
site2/train/video13frame070,EndoVis 2018,site2,train,site2/video13,70,q8_mask_center_5pct_v1,x=25%-75%; y=25%-75%,0.1281402558,>=0.05,yes
site2/train/video13frame071,EndoVis 2018,site2,train,site2/video13,71,q8_mask_center_5pct_v1,x=25%-75%; y=25%-75%,0.1412963867,>=0.05,yes
site2/train/video13frame072,EndoVis 2018,site2,train,site2/video13,72,q8_mask_center_5pct_v1,x=25%-75%; y=25%-75%,0.1386840791,>=0.05,yes
site2/train/video13frame073,EndoVis 2018,site2,train,site2/video13,73,q8_mask_center_5pct_v1,x=25%-75%; y=25%-75%,0.1263061464,>=0.05,yes
site2/train/video13frame074,EndoVis 2018,site2,train,site2/video13,74,q8_mask_center_5pct_v1,x=25%-75%; y=25%-75%,0.2115631104,>=0.05,yes
site2/train/video13frame075,EndoVis 2018,site2,train,site2/video13,75,q8_mask_center_5pct_v1,x=25%-75%; y=25%-75%,0.1549163759,>=0.05,yes
site2/train/video13frame076,EndoVis 2018,site2,train,site2/video13,76,q8_mask_center_5pct_v1,x=25%-75%; y=25%-75%,0.1809448302,>=0.05,yes
site2/train/video13frame077,EndoVis 2018,site2,train,site2/video13,77,q8_mask_center_5pct_v1,x=25%-75%; y=25%-75%,0.1587890685,>=0.05,yes
site2/train/video13frame078,EndoVis 2018,site2,train,site2/video13,78,q8_mask_center_5pct_v1,x=25%-75%; y=25%-75%,0.1254821718,>=0.05,yes
site2/train/video13frame079,EndoVis 2018,site2,train,site2/video13,79,q8_mask_center_5pct_v1,x=25%-75%; y=25%-75%,0.1206237823,>=0.05,yes
site2/train/video13frame080,EndoVis 2018,site2,train,site2/video13,80,q8_mask_center_5pct_v1,x=25%-75%; y=25%-75%,0.1192199737,>=0.05,yes
site2/train/video13frame081,EndoVis 2018,site2,train,site2/video13,81,q8_mask_center_5pct_v1,x=25%-75%; y=25%-75%,0.0766235366,>=0.05,yes
site2/train/video13frame082,EndoVis 2018,site2,train,site2/video13,82,q8_mask_center_5pct_v1,x=25%-75%; y=25%-75%,0.1345703155,>=0.05,yes
site2/train/video13frame083,EndoVis 2018,site2,train,site2/video13,83,q8_mask_center_5pct_v1,x=25%-75%; y=25%-75%,0.1537017822,>=0.05,yes
site2/train/video13frame084,EndoVis 2018,site2,train,site2/video13,84,q8_mask_center_5pct_v1,x=25%-75%; y=25%-75%,0.1451873779,>=0.05,yes
site2/train/video13frame085,EndoVis 2018,site2,train,site2/video13,85,q8_mask_center_5pct_v1,x=25%-75%; y=25%-75%,0.1331420839,>=0.05,yes
site2/train/video13frame086,EndoVis 2018,site2,train,site2/video13,86,q8_mask_center_5pct_v1,x=25%-75%; y=25%-75%,0.2276397645,>=0.05,yes
site2/train/video13frame087,EndoVis 2018,site2,train,site2/video13,87,q8_mask_center_5pct_v1,x=25%-75%; y=25%-75%,0.1582244933,>=0.05,yes
site2/train/video13frame088,EndoVis 2018,site2,train,site2/video13,88,q8_mask_center_5pct_v1,x=25%-75%; y=25%-75%,0.2470825166,>=0.05,yes
site2/train/video13frame089,EndoVis 2018,site2,train,site2/video13,89,q8_mask_center_5pct_v1,x=25%-75%; y=25%-75%,0.2335571349,>=0.05,yes
site2/train/video13frame090,EndoVis 2018,site2,train,site2/video13,90,q8_mask_center_5pct_v1,x=25%-75%; y=25%-75%,0.2478332520,>=0.05,yes
site2/train/video13frame091,EndoVis 2018,site2,train,site2/video13,91,q8_mask_center_5pct_v1,x=25%-75%; y=25%-75%,0.3077880740,>=0.05,yes
site2/train/video13frame092,EndoVis 2018,site2,train,site2/video13,92,q8_mask_center_5pct_v1,x=25%-75%; y=25%-75%,0.1421020478,>=0.05,yes
site2/train/video13frame093,EndoVis 2018,site2,train,site2/video13,93,q8_mask_center_5pct_v1,x=25%-75%; y=25%-75%,0.1033264175,>=0.05,yes
site2/train/video13frame094,EndoVis 2018,site2,train,site2/video13,94,q8_mask_center_5pct_v1,x=25%-75%; y=25%-75%,0.0986358672,>=0.05,yes
site2/train/video13frame095,EndoVis 2018,site2,train,site2/video13,95,q8_mask_center_5pct_v1,x=25%-75%; y=25%-75%,0.1260986328,>=0.05,yes
site2/train/video13frame096,EndoVis 2018,site2,train,site2/video13,96,q8_mask_center_5pct_v1,x=25%-75%; y=25%-75%,0.1254913360,>=0.05,yes
site2/train/video13frame097,EndoVis 2018,site2,train,site2/video13,97,q8_mask_center_5pct_v1,x=25%-75%; y=25%-75%,0.1461395323,>=0.05,yes
site2/train/video13frame098,EndoVis 2018,site2,train,site2/video13,98,q8_mask_center_5pct_v1,x=25%-75%; y=25%-75%,0.1373291016,>=0.05,yes
site2/train/video13frame099,EndoVis 2018,site2,train,site2/video13,99,q8_mask_center_5pct_v1,x=25%-75%; y=25%-75%,0.1300476044,>=0.05,yes
site2/train/video13frame100,EndoVis 2018,site2,train,site2/video13,100,q8_mask_center_5pct_v1,x=25%-75%; y=25%-75%,0.1527435333,>=0.05,yes
site2/train/video13frame101,EndoVis 2018,site2,train,site2/video13,101,q8_mask_center_5pct_v1,x=25%-75%; y=25%-75%,0.1915435791,>=0.05,yes
site2/train/video13frame102,EndoVis 2018,site2,train,site2/video13,102,q8_mask_center_5pct_v1,x=25%-75%; y=25%-75%,0.1705291718,>=0.05,yes
site2/train/video13frame103,EndoVis 2018,site2,train,site2/video13,103,q8_mask_center_5pct_v1,x=25%-75%; y=25%-75%,0.1164520234,>=0.05,yes
site2/train/video13frame104,EndoVis 2018,site2,train,site2/video13,104,q8_mask_center_5pct_v1,x=25%-75%; y=25%-75%,0.1657501161,>=0.05,yes
site2/train/video13frame105,EndoVis 2018,site2,train,site2/video13,105,q8_mask_center_5pct_v1,x=25%-75%; y=25%-75%,0.2759277225,>=0.05,yes
site2/train/video13frame106,EndoVis 2018,site2,train,site2/video13,106,q8_mask_center_5pct_v1,x=25%-75%; y=25%-75%,0.0372222885,>=0.05,no
site2/train/video13frame107,EndoVis 2018,site2,train,site2/video13,107,q8_mask_center_5pct_v1,x=25%-75%; y=25%-75%,0.0986480713,>=0.05,yes
site2/train/video13frame108,EndoVis 2018,site2,train,site2/video13,108,q8_mask_center_5pct_v1,x=25%-75%; y=25%-75%,0.1169555634,>=0.05,yes
site2/train/video13frame109,EndoVis 2018,site2,train,site2/video13,109,q8_mask_center_5pct_v1,x=25%-75%; y=25%-75%,0.1718902588,>=0.05,yes
site2/train/video13frame110,EndoVis 2018,site2,train,site2/video13,110,q8_mask_center_5pct_v1,x=25%-75%; y=25%-75%,0.1712707579,>=0.05,yes
site2/train/video13frame111,EndoVis 2018,site2,train,site2/video13,111,q8_mask_center_5pct_v1,x=25%-75%; y=25%-75%,0.2162841856,>=0.05,yes
site2/train/video13frame112,EndoVis 2018,site2,train,site2/video13,112,q8_mask_center_5pct_v1,x=25%-75%; y=25%-75%,0.2252166718,>=0.05,yes
site2/train/video13frame113,EndoVis 2018,site2,train,site2/video13,113,q8_mask_center_5pct_v1,x=25%-75%; y=25%-75%,0.2123169005,>=0.05,yes
site2/train/video13frame114,EndoVis 2018,site2,train,site2/video13,114,q8_mask_center_5pct_v1,x=25%-75%; y=25%-75%,0.2446533144,>=0.05,yes
site2/train/video13frame115,EndoVis 2018,site2,train,site2/video13,115,q8_mask_center_5pct_v1,x=25%-75%; y=25%-75%,0.2446533144,>=0.05,yes
site2/train/video13frame116,EndoVis 2018,site2,train,site2/video13,116,q8_mask_center_5pct_v1,x=25%-75%; y=25%-75%,0.2552123964,>=0.05,yes
site2/train/video13frame117,EndoVis 2018,site2,train,site2/video13,117,q8_mask_center_5pct_v1,x=25%-75%; y=25%-75%,0.2932220399,>=0.05,yes
site2/train/video13frame118,EndoVis 2018,site2,train,site2/video13,118,q8_mask_center_5pct_v1,x=25%-75%; y=25%-75%,0.2499847412,>=0.05,yes
site2/train/video13frame119,EndoVis 2018,site2,train,site2/video13,119,q8_mask_center_5pct_v1,x=25%-75%; y=25%-75%,0.2520202696,>=0.05,yes
site2/train/video13frame120,EndoVis 2018,site2,train,site2/video13,120,q8_mask_center_5pct_v1,x=25%-75%; y=25%-75%,0.2470916808,>=0.05,yes
site2/train/video13frame121,EndoVis 2018,site2,train,site2/video13,121,q8_mask_center_5pct_v1,x=25%-75%; y=25%-75%,0.2517608702,>=0.05,yes
site2/train/video13frame122,EndoVis 2018,site2,train,site2/video13,122,q8_mask_center_5pct_v1,x=25%-75%; y=25%-75%,0.1752593964,>=0.05,yes
site2/train/video13frame123,EndoVis 2018,site2,train,site2/video13,123,q8_mask_center_5pct_v1,x=25%-75%; y=25%-75%,0.2338317931,>=0.05,yes
site2/train/video13frame124,EndoVis 2018,site2,train,site2/video13,124,q8_mask_center_5pct_v1,x=25%-75%; y=25%-75%,0.2684203982,>=0.05,yes
site2/train/video13frame125,EndoVis 2018,site2,train,site2/video13,125,q8_mask_center_5pct_v1,x=25%-75%; y=25%-75%,0.2475128174,>=0.05,yes
site2/train/video13frame126,EndoVis 2018,site2,train,site2/video13,126,q8_mask_center_5pct_v1,x=25%-75%; y=25%-75%,0.3141509891,>=0.05,yes
site2/train/video13frame127,EndoVis 2018,site2,train,site2/video13,127,q8_mask_center_5pct_v1,x=25%-75%; y=25%-75%,0.2748748660,>=0.05,yes
site2/train/video13frame128,EndoVis 2018,site2,train,site2/video13,128,q8_mask_center_5pct_v1,x=25%-75%; y=25%-75%,0.2223541290,>=0.05,yes
site2/train/video13frame129,EndoVis 2018,site2,train,site2/video13,129,q8_mask_center_5pct_v1,x=25%-75%; y=25%-75%,0.2712554932,>=0.05,yes
site2/train/video13frame130,EndoVis 2018,site2,train,site2/video13,130,q8_mask_center_5pct_v1,x=25%-75%; y=25%-75%,0.2786804140,>=0.05,yes
site2/train/video13frame131,EndoVis 2018,site2,train,site2/video13,131,q8_mask_center_5pct_v1,x=25%-75%; y=25%-75%,0.2640014589,>=0.05,yes
site2/train/video13frame132,EndoVis 2018,site2,train,site2/video13,132,q8_mask_center_5pct_v1,x=25%-75%; y=25%-75%,0.2640014589,>=0.05,yes
site2/train/video13frame133,EndoVis 2018,site2,train,site2/video13,133,q8_mask_center_5pct_v1,x=25%-75%; y=25%-75%,0.3227722049,>=0.05,yes
site2/train/video13frame134,EndoVis 2018,site2,train,site2/video13,134,q8_mask_center_5pct_v1,x=25%-75%; y=25%-75%,0.2595642209,>=0.05,yes
site2/train/video13frame135,EndoVis 2018,site2,train,site2/video13,135,q8_mask_center_5pct_v1,x=25%-75%; y=25%-75%,0.3260955811,>=0.05,yes
site2/train/video13frame136,EndoVis 2018,site2,train,site2/video13,136,q8_mask_center_5pct_v1,x=25%-75%; y=25%-75%,0.2672699094,>=0.05,yes
site2/train/video13frame137,EndoVis 2018,site2,train,site2/video13,137,q8_mask_center_5pct_v1,x=25%-75%; y=25%-75%,0.2609191835,>=0.05,yes
site2/train/video13frame138,EndoVis 2018,site2,train,site2/video13,138,q8_mask_center_5pct_v1,x=25%-75%; y=25%-75%,0.3198944032,>=0.05,yes
site2/train/video13frame139,EndoVis 2018,site2,train,site2/video13,139,q8_mask_center_5pct_v1,x=25%-75%; y=25%-75%,0.3127624393,>=0.05,yes
site2/train/video13frame140,EndoVis 2018,site2,train,site2/video13,140,q8_mask_center_5pct_v1,x=25%-75%; y=25%-75%,0.3127624393,>=0.05,yes
site2/train/video13frame141,EndoVis 2018,site2,train,site2/video13,141,q8_mask_center_5pct_v1,x=25%-75%; y=25%-75%,0.3538177609,>=0.05,yes
site2/train/video13frame142,EndoVis 2018,site2,train,site2/video13,142,q8_mask_center_5pct_v1,x=25%-75%; y=25%-75%,0.3064819276,>=0.05,yes
site2/train/video13frame143,EndoVis 2018,site2,train,site2/video13,143,q8_mask_center_5pct_v1,x=25%-75%; y=25%-75%,0.2725006044,>=0.05,yes
site2/train/video13frame144,EndoVis 2018,site2,train,site2/video13,144,q8_mask_center_5pct_v1,x=25%-75%; y=25%-75%,0.2757171690,>=0.05,yes
site2/train/video13frame145,EndoVis 2018,site2,train,site2/video13,145,q8_mask_center_5pct_v1,x=25%-75%; y=25%-75%,0.2808654904,>=0.05,yes
site2/train/video13frame146,EndoVis 2018,site2,train,site2/video13,146,q8_mask_center_5pct_v1,x=25%-75%; y=25%-75%,0.2409393340,>=0.05,yes
site2/train/video13frame147,EndoVis 2018,site2,train,site2/video13,147,q8_mask_center_5pct_v1,x=25%-75%; y=25%-75%,0.1729766876,>=0.05,yes
site2/train/video13frame148,EndoVis 2018,site2,train,site2/video13,148,q8_mask_center_5pct_v1,x=25%-75%; y=25%-75%,0.1761199981,>=0.05,yes
site2/train/video14frame000,EndoVis 2018,site2,train,site2/video14,0,q8_mask_center_5pct_v1,x=25%-75%; y=25%-75%,0.0000000000,>=0.05,no
site2/train/video14frame001,EndoVis 2018,site2,train,site2/video14,1,q8_mask_center_5pct_v1,x=25%-75%; y=25%-75%,0.0000000000,>=0.05,no
site2/train/video14frame002,EndoVis 2018,site2,train,site2/video14,2,q8_mask_center_5pct_v1,x=25%-75%; y=25%-75%,0.0619964600,>=0.05,yes
site2/train/video14frame003,EndoVis 2018,site2,train,site2/video14,3,q8_mask_center_5pct_v1,x=25%-75%; y=25%-75%,0.1806579530,>=0.05,yes
site2/train/video14frame004,EndoVis 2018,site2,train,site2/video14,4,q8_mask_center_5pct_v1,x=25%-75%; y=25%-75%,0.2043975890,>=0.05,yes
site2/train/video14frame005,EndoVis 2018,site2,train,site2/video14,5,q8_mask_center_5pct_v1,x=25%-75%; y=25%-75%,0.2763763368,>=0.05,yes
site2/train/video14frame006,EndoVis 2018,site2,train,site2/video14,6,q8_mask_center_5pct_v1,x=25%-75%; y=25%-75%,0.1943084747,>=0.05,yes
site2/train/video14frame007,EndoVis 2018,site2,train,site2/video14,7,q8_mask_center_5pct_v1,x=25%-75%; y=25%-75%,0.2660125792,>=0.05,yes
site2/train/video14frame008,EndoVis 2018,site2,train,site2/video14,8,q8_mask_center_5pct_v1,x=25%-75%; y=25%-75%,0.3624725342,>=0.05,yes
site2/train/video14frame009,EndoVis 2018,site2,train,site2/video14,9,q8_mask_center_5pct_v1,x=25%-75%; y=25%-75%,0.2878967226,>=0.05,yes
site2/train/video14frame010,EndoVis 2018,site2,train,site2/video14,10,q8_mask_center_5pct_v1,x=25%-75%; y=25%-75%,0.2257904112,>=0.05,yes
site2/train/video14frame011,EndoVis 2018,site2,train,site2/video14,11,q8_mask_center_5pct_v1,x=25%-75%; y=25%-75%,0.2706604004,>=0.05,yes
site2/train/video14frame012,EndoVis 2018,site2,train,site2/video14,12,q8_mask_center_5pct_v1,x=25%-75%; y=25%-75%,0.0984863266,>=0.05,yes
site2/train/video14frame013,EndoVis 2018,site2,train,site2/video14,13,q8_mask_center_5pct_v1,x=25%-75%; y=25%-75%,0.0910308808,>=0.05,yes
site2/train/video14frame014,EndoVis 2018,site2,train,site2/video14,14,q8_mask_center_5pct_v1,x=25%-75%; y=25%-75%,0.3070861697,>=0.05,yes
site2/train/video14frame015,EndoVis 2018,site2,train,site2/video14,15,q8_mask_center_5pct_v1,x=25%-75%; y=25%-75%,0.0130279539,>=0.05,no
site2/train/video14frame016,EndoVis 2018,site2,train,site2/video14,16,q8_mask_center_5pct_v1,x=25%-75%; y=25%-75%,0.0000000000,>=0.05,no
site2/train/video14frame017,EndoVis 2018,site2,train,site2/video14,17,q8_mask_center_5pct_v1,x=25%-75%; y=25%-75%,0.2734771669,>=0.05,yes
site2/train/video14frame018,EndoVis 2018,site2,train,site2/video14,18,q8_mask_center_5pct_v1,x=25%-75%; y=25%-75%,0.1011199951,>=0.05,yes
site2/train/video14frame019,EndoVis 2018,site2,train,site2/video14,19,q8_mask_center_5pct_v1,x=25%-75%; y=25%-75%,0.1153289825,>=0.05,yes
site2/train/video14frame020,EndoVis 2018,site2,train,site2/video14,20,q8_mask_center_5pct_v1,x=25%-75%; y=25%-75%,0.2106079161,>=0.05,yes
site2/train/video14frame021,EndoVis 2018,site2,train,site2/video14,21,q8_mask_center_5pct_v1,x=25%-75%; y=25%-75%,0.1190917939,>=0.05,yes
site2/train/video14frame022,EndoVis 2018,site2,train,site2/video14,22,q8_mask_center_5pct_v1,x=25%-75%; y=25%-75%,0.1066375747,>=0.05,yes
site2/train/video14frame023,EndoVis 2018,site2,train,site2/video14,23,q8_mask_center_5pct_v1,x=25%-75%; y=25%-75%,0.0951782241,>=0.05,yes
site2/train/video14frame024,EndoVis 2018,site2,train,site2/video14,24,q8_mask_center_5pct_v1,x=25%-75%; y=25%-75%,0.0912475586,>=0.05,yes
site2/train/video14frame025,EndoVis 2018,site2,train,site2/video14,25,q8_mask_center_5pct_v1,x=25%-75%; y=25%-75%,0.2016143799,>=0.05,yes
site2/train/video14frame026,EndoVis 2018,site2,train,site2/video14,26,q8_mask_center_5pct_v1,x=25%-75%; y=25%-75%,0.1311279237,>=0.05,yes
site2/train/video14frame027,EndoVis 2018,site2,train,site2/video14,27,q8_mask_center_5pct_v1,x=25%-75%; y=25%-75%,0.1939117461,>=0.05,yes
site2/train/video14frame028,EndoVis 2018,site2,train,site2/video14,28,q8_mask_center_5pct_v1,x=25%-75%; y=25%-75%,0.3072814941,>=0.05,yes
site2/train/video14frame029,EndoVis 2018,site2,train,site2/video14,29,q8_mask_center_5pct_v1,x=25%-75%; y=25%-75%,0.2573547363,>=0.05,yes
site2/train/video14frame030,EndoVis 2018,site2,train,site2/video14,30,q8_mask_center_5pct_v1,x=25%-75%; y=25%-75%,0.2207397521,>=0.05,yes
site2/train/video14frame031,EndoVis 2018,site2,train,site2/video14,31,q8_mask_center_5pct_v1,x=25%-75%; y=25%-75%,0.2096923888,>=0.05,yes
site2/train/video14frame032,EndoVis 2018,site2,train,site2/video14,32,q8_mask_center_5pct_v1,x=25%-75%; y=25%-75%,0.0963287354,>=0.05,yes
site2/train/video14frame033,EndoVis 2018,site2,train,site2/video14,33,q8_mask_center_5pct_v1,x=25%-75%; y=25%-75%,0.0271392819,>=0.05,no
site2/train/video14frame034,EndoVis 2018,site2,train,site2/video14,34,q8_mask_center_5pct_v1,x=25%-75%; y=25%-75%,0.1286499053,>=0.05,yes
site2/train/video14frame035,EndoVis 2018,site2,train,site2/video14,35,q8_mask_center_5pct_v1,x=25%-75%; y=25%-75%,0.1357055604,>=0.05,yes
site2/train/video14frame036,EndoVis 2018,site2,train,site2/video14,36,q8_mask_center_5pct_v1,x=25%-75%; y=25%-75%,0.1003234833,>=0.05,yes
site2/train/video14frame037,EndoVis 2018,site2,train,site2/video14,37,q8_mask_center_5pct_v1,x=25%-75%; y=25%-75%,0.1447174102,>=0.05,yes
site2/train/video14frame038,EndoVis 2018,site2,train,site2/video14,38,q8_mask_center_5pct_v1,x=25%-75%; y=25%-75%,0.1785797179,>=0.05,yes
site2/train/video14frame039,EndoVis 2018,site2,train,site2/video14,39,q8_mask_center_5pct_v1,x=25%-75%; y=25%-75%,0.1824890077,>=0.05,yes
site2/train/video14frame040,EndoVis 2018,site2,train,site2/video14,40,q8_mask_center_5pct_v1,x=25%-75%; y=25%-75%,0.1960754395,>=0.05,yes
site2/train/video14frame041,EndoVis 2018,site2,train,site2/video14,41,q8_mask_center_5pct_v1,x=25%-75%; y=25%-75%,0.2152404785,>=0.05,yes
site2/train/video14frame042,EndoVis 2018,site2,train,site2/video14,42,q8_mask_center_5pct_v1,x=25%-75%; y=25%-75%,0.2155242860,>=0.05,yes
site2/train/video14frame043,EndoVis 2018,site2,train,site2/video14,43,q8_mask_center_5pct_v1,x=25%-75%; y=25%-75%,0.1897186339,>=0.05,yes
site2/train/video14frame044,EndoVis 2018,site2,train,site2/video14,44,q8_mask_center_5pct_v1,x=25%-75%; y=25%-75%,0.1897186339,>=0.05,yes
site2/train/video14frame045,EndoVis 2018,site2,train,site2/video14,45,q8_mask_center_5pct_v1,x=25%-75%; y=25%-75%,0.2048645020,>=0.05,yes
site2/train/video14frame046,EndoVis 2018,site2,train,site2/video14,46,q8_mask_center_5pct_v1,x=25%-75%; y=25%-75%,0.3109161258,>=0.05,yes
site2/train/video14frame047,EndoVis 2018,site2,train,site2/video14,47,q8_mask_center_5pct_v1,x=25%-75%; y=25%-75%,0.2440612763,>=0.05,yes
site2/train/video14frame048,EndoVis 2018,site2,train,site2/video14,48,q8_mask_center_5pct_v1,x=25%-75%; y=25%-75%,0.2455841005,>=0.05,yes
site2/train/video14frame049,EndoVis 2018,site2,train,site2/video14,49,q8_mask_center_5pct_v1,x=25%-75%; y=25%-75%,0.2096038759,>=0.05,yes
site2/train/video14frame050,EndoVis 2018,site2,train,site2/video14,50,q8_mask_center_5pct_v1,x=25%-75%; y=25%-75%,0.2022918761,>=0.05,yes
site2/train/video14frame051,EndoVis 2018,site2,train,site2/video14,51,q8_mask_center_5pct_v1,x=25%-75%; y=25%-75%,0.1085418686,>=0.05,yes
site2/train/video14frame052,EndoVis 2018,site2,train,site2/video14,52,q8_mask_center_5pct_v1,x=25%-75%; y=25%-75%,0.1210815459,>=0.05,yes
site2/train/video14frame053,EndoVis 2018,site2,train,site2/video14,53,q8_mask_center_5pct_v1,x=25%-75%; y=25%-75%,0.0950256363,>=0.05,yes
site2/train/video14frame054,EndoVis 2018,site2,train,site2/video14,54,q8_mask_center_5pct_v1,x=25%-75%; y=25%-75%,0.0955261216,>=0.05,yes
site2/train/video14frame055,EndoVis 2018,site2,train,site2/video14,55,q8_mask_center_5pct_v1,x=25%-75%; y=25%-75%,0.1063201874,>=0.05,yes
site2/train/video14frame056,EndoVis 2018,site2,train,site2/video14,56,q8_mask_center_5pct_v1,x=25%-75%; y=25%-75%,0.0784667954,>=0.05,yes
site2/train/video14frame057,EndoVis 2018,site2,train,site2/video14,57,q8_mask_center_5pct_v1,x=25%-75%; y=25%-75%,0.0433074944,>=0.05,no
site2/train/video14frame058,EndoVis 2018,site2,train,site2/video14,58,q8_mask_center_5pct_v1,x=25%-75%; y=25%-75%,0.0162048340,>=0.05,no
site2/train/video14frame059,EndoVis 2018,site2,train,site2/video14,59,q8_mask_center_5pct_v1,x=25%-75%; y=25%-75%,0.0588409416,>=0.05,yes
site2/train/video14frame060,EndoVis 2018,site2,train,site2/video14,60,q8_mask_center_5pct_v1,x=25%-75%; y=25%-75%,0.0615844727,>=0.05,yes
site2/train/video14frame061,EndoVis 2018,site2,train,site2/video14,61,q8_mask_center_5pct_v1,x=25%-75%; y=25%-75%,0.1306030303,>=0.05,yes
site2/train/video14frame062,EndoVis 2018,site2,train,site2/video14,62,q8_mask_center_5pct_v1,x=25%-75%; y=25%-75%,0.1129028350,>=0.05,yes
site2/train/video14frame063,EndoVis 2018,site2,train,site2/video14,63,q8_mask_center_5pct_v1,x=25%-75%; y=25%-75%,0.1298034638,>=0.05,yes
site2/train/video14frame064,EndoVis 2018,site2,train,site2/video14,64,q8_mask_center_5pct_v1,x=25%-75%; y=25%-75%,0.1610717773,>=0.05,yes
site2/train/video14frame065,EndoVis 2018,site2,train,site2/video14,65,q8_mask_center_5pct_v1,x=25%-75%; y=25%-75%,0.0634674057,>=0.05,yes
site2/train/video14frame066,EndoVis 2018,site2,train,site2/video14,66,q8_mask_center_5pct_v1,x=25%-75%; y=25%-75%,0.0038787841,>=0.05,no
site2/train/video14frame067,EndoVis 2018,site2,train,site2/video14,67,q8_mask_center_5pct_v1,x=25%-75%; y=25%-75%,0.0081634521,>=0.05,no
site2/train/video14frame068,EndoVis 2018,site2,train,site2/video14,68,q8_mask_center_5pct_v1,x=25%-75%; y=25%-75%,0.0058837892,>=0.05,no
site2/train/video14frame069,EndoVis 2018,site2,train,site2/video14,69,q8_mask_center_5pct_v1,x=25%-75%; y=25%-75%,0.0060394285,>=0.05,no
site2/train/video14frame070,EndoVis 2018,site2,train,site2/video14,70,q8_mask_center_5pct_v1,x=25%-75%; y=25%-75%,0.0182983391,>=0.05,no
site2/train/video14frame071,EndoVis 2018,site2,train,site2/video14,71,q8_mask_center_5pct_v1,x=25%-75%; y=25%-75%,0.1111541763,>=0.05,yes
site2/train/video14frame072,EndoVis 2018,site2,train,site2/video14,72,q8_mask_center_5pct_v1,x=25%-75%; y=25%-75%,0.1146972626,>=0.05,yes
site2/train/video14frame073,EndoVis 2018,site2,train,site2/video14,73,q8_mask_center_5pct_v1,x=25%-75%; y=25%-75%,0.1422210634,>=0.05,yes
site2/train/video14frame074,EndoVis 2018,site2,train,site2/video14,74,q8_mask_center_5pct_v1,x=25%-75%; y=25%-75%,0.1422088593,>=0.05,yes
site2/train/video14frame075,EndoVis 2018,site2,train,site2/video14,75,q8_mask_center_5pct_v1,x=25%-75%; y=25%-75%,0.1584686339,>=0.05,yes
site2/train/video14frame076,EndoVis 2018,site2,train,site2/video14,76,q8_mask_center_5pct_v1,x=25%-75%; y=25%-75%,0.1582061797,>=0.05,yes
site2/train/video14frame077,EndoVis 2018,site2,train,site2/video14,77,q8_mask_center_5pct_v1,x=25%-75%; y=25%-75%,0.1478912383,>=0.05,yes
site2/train/video14frame078,EndoVis 2018,site2,train,site2/video14,78,q8_mask_center_5pct_v1,x=25%-75%; y=25%-75%,0.1617065370,>=0.05,yes
site2/train/video14frame079,EndoVis 2018,site2,train,site2/video14,79,q8_mask_center_5pct_v1,x=25%-75%; y=25%-75%,0.1228973418,>=0.05,yes
site2/train/video14frame080,EndoVis 2018,site2,train,site2/video14,80,q8_mask_center_5pct_v1,x=25%-75%; y=25%-75%,0.1057434082,>=0.05,yes
site2/train/video14frame081,EndoVis 2018,site2,train,site2/video14,81,q8_mask_center_5pct_v1,x=25%-75%; y=25%-75%,0.0778717026,>=0.05,yes
site2/train/video14frame082,EndoVis 2018,site2,train,site2/video14,82,q8_mask_center_5pct_v1,x=25%-75%; y=25%-75%,0.0678588897,>=0.05,yes
site2/train/video14frame083,EndoVis 2018,site2,train,site2/video14,83,q8_mask_center_5pct_v1,x=25%-75%; y=25%-75%,0.1212860122,>=0.05,yes
site2/train/video14frame084,EndoVis 2018,site2,train,site2/video14,84,q8_mask_center_5pct_v1,x=25%-75%; y=25%-75%,0.1507446319,>=0.05,yes
site2/train/video14frame085,EndoVis 2018,site2,train,site2/video14,85,q8_mask_center_5pct_v1,x=25%-75%; y=25%-75%,0.1262329072,>=0.05,yes
site2/train/video14frame086,EndoVis 2018,site2,train,site2/video14,86,q8_mask_center_5pct_v1,x=25%-75%; y=25%-75%,0.2716827393,>=0.05,yes
site2/train/video14frame087,EndoVis 2018,site2,train,site2/video14,87,q8_mask_center_5pct_v1,x=25%-75%; y=25%-75%,0.2482543886,>=0.05,yes
site2/train/video14frame088,EndoVis 2018,site2,train,site2/video14,88,q8_mask_center_5pct_v1,x=25%-75%; y=25%-75%,0.2804504335,>=0.05,yes
site2/train/video14frame089,EndoVis 2018,site2,train,site2/video14,89,q8_mask_center_5pct_v1,x=25%-75%; y=25%-75%,0.1163879409,>=0.05,yes
site2/train/video14frame090,EndoVis 2018,site2,train,site2/video14,90,q8_mask_center_5pct_v1,x=25%-75%; y=25%-75%,0.1820770204,>=0.05,yes
site2/train/video14frame091,EndoVis 2018,site2,train,site2/video14,91,q8_mask_center_5pct_v1,x=25%-75%; y=25%-75%,0.1787261963,>=0.05,yes
site2/train/video14frame092,EndoVis 2018,site2,train,site2/video14,92,q8_mask_center_5pct_v1,x=25%-75%; y=25%-75%,0.1681701690,>=0.05,yes
site2/train/video14frame093,EndoVis 2018,site2,train,site2/video14,93,q8_mask_center_5pct_v1,x=25%-75%; y=25%-75%,0.1530944854,>=0.05,yes
site2/train/video14frame094,EndoVis 2018,site2,train,site2/video14,94,q8_mask_center_5pct_v1,x=25%-75%; y=25%-75%,0.1296234131,>=0.05,yes
site2/train/video14frame095,EndoVis 2018,site2,train,site2/video14,95,q8_mask_center_5pct_v1,x=25%-75%; y=25%-75%,0.1248596162,>=0.05,yes
site2/train/video14frame096,EndoVis 2018,site2,train,site2/video14,96,q8_mask_center_5pct_v1,x=25%-75%; y=25%-75%,0.0313568115,>=0.05,no
site2/train/video14frame097,EndoVis 2018,site2,train,site2/video14,97,q8_mask_center_5pct_v1,x=25%-75%; y=25%-75%,0.0165679939,>=0.05,no
site2/train/video14frame098,EndoVis 2018,site2,train,site2/video14,98,q8_mask_center_5pct_v1,x=25%-75%; y=25%-75%,0.0224456787,>=0.05,no
site2/train/video14frame099,EndoVis 2018,site2,train,site2/video14,99,q8_mask_center_5pct_v1,x=25%-75%; y=25%-75%,0.0312622078,>=0.05,no
site2/train/video14frame100,EndoVis 2018,site2,train,site2/video14,100,q8_mask_center_5pct_v1,x=25%-75%; y=25%-75%,0.0767639130,>=0.05,yes
site2/train/video14frame101,EndoVis 2018,site2,train,site2/video14,101,q8_mask_center_5pct_v1,x=25%-75%; y=25%-75%,0.0183166508,>=0.05,no
site2/train/video14frame102,EndoVis 2018,site2,train,site2/video14,102,q8_mask_center_5pct_v1,x=25%-75%; y=25%-75%,0.0190734863,>=0.05,no
site2/train/video14frame103,EndoVis 2018,site2,train,site2/video14,103,q8_mask_center_5pct_v1,x=25%-75%; y=25%-75%,0.0453857407,>=0.05,no
site2/train/video14frame104,EndoVis 2018,site2,train,site2/video14,104,q8_mask_center_5pct_v1,x=25%-75%; y=25%-75%,0.0453857407,>=0.05,no
site2/train/video14frame105,EndoVis 2018,site2,train,site2/video14,105,q8_mask_center_5pct_v1,x=25%-75%; y=25%-75%,0.0148559567,>=0.05,no
site2/train/video14frame106,EndoVis 2018,site2,train,site2/video14,106,q8_mask_center_5pct_v1,x=25%-75%; y=25%-75%,0.0139373783,>=0.05,no
site2/train/video14frame107,EndoVis 2018,site2,train,site2/video14,107,q8_mask_center_5pct_v1,x=25%-75%; y=25%-75%,0.1177551299,>=0.05,yes
site2/train/video14frame108,EndoVis 2018,site2,train,site2/video14,108,q8_mask_center_5pct_v1,x=25%-75%; y=25%-75%,0.1002258286,>=0.05,yes
site2/train/video14frame109,EndoVis 2018,site2,train,site2/video14,109,q8_mask_center_5pct_v1,x=25%-75%; y=25%-75%,0.0905670151,>=0.05,yes
site2/train/video14frame110,EndoVis 2018,site2,train,site2/video14,110,q8_mask_center_5pct_v1,x=25%-75%; y=25%-75%,0.0196228027,>=0.05,no
site2/train/video14frame111,EndoVis 2018,site2,train,site2/video14,111,q8_mask_center_5pct_v1,x=25%-75%; y=25%-75%,0.1646240205,>=0.05,yes
site2/train/video14frame112,EndoVis 2018,site2,train,site2/video14,112,q8_mask_center_5pct_v1,x=25%-75%; y=25%-75%,0.1439025849,>=0.05,yes
site2/train/video14frame113,EndoVis 2018,site2,train,site2/video14,113,q8_mask_center_5pct_v1,x=25%-75%; y=25%-75%,0.1686248779,>=0.05,yes
site2/train/video14frame114,EndoVis 2018,site2,train,site2/video14,114,q8_mask_center_5pct_v1,x=25%-75%; y=25%-75%,0.1407775879,>=0.05,yes
site2/train/video14frame115,EndoVis 2018,site2,train,site2/video14,115,q8_mask_center_5pct_v1,x=25%-75%; y=25%-75%,0.1185943633,>=0.05,yes
site2/train/video14frame116,EndoVis 2018,site2,train,site2/video14,116,q8_mask_center_5pct_v1,x=25%-75%; y=25%-75%,0.1509429961,>=0.05,yes
site2/train/video14frame117,EndoVis 2018,site2,train,site2/video14,117,q8_mask_center_5pct_v1,x=25%-75%; y=25%-75%,0.0624359138,>=0.05,yes
site2/train/video14frame118,EndoVis 2018,site2,train,site2/video14,118,q8_mask_center_5pct_v1,x=25%-75%; y=25%-75%,0.0463531502,>=0.05,no
site2/train/video14frame119,EndoVis 2018,site2,train,site2/video14,119,q8_mask_center_5pct_v1,x=25%-75%; y=25%-75%,0.1103881821,>=0.05,yes
site2/train/video14frame120,EndoVis 2018,site2,train,site2/video14,120,q8_mask_center_5pct_v1,x=25%-75%; y=25%-75%,0.1828124970,>=0.05,yes
site2/train/video14frame121,EndoVis 2018,site2,train,site2/video14,121,q8_mask_center_5pct_v1,x=25%-75%; y=25%-75%,0.1564605683,>=0.05,yes
site2/train/video14frame122,EndoVis 2018,site2,train,site2/video14,122,q8_mask_center_5pct_v1,x=25%-75%; y=25%-75%,0.1273956299,>=0.05,yes
site2/train/video14frame123,EndoVis 2018,site2,train,site2/video14,123,q8_mask_center_5pct_v1,x=25%-75%; y=25%-75%,0.1224426255,>=0.05,yes
site2/train/video14frame124,EndoVis 2018,site2,train,site2/video14,124,q8_mask_center_5pct_v1,x=25%-75%; y=25%-75%,0.0338409431,>=0.05,no
site2/train/video14frame125,EndoVis 2018,site2,train,site2/video14,125,q8_mask_center_5pct_v1,x=25%-75%; y=25%-75%,0.0394287109,>=0.05,no
site2/train/video14frame126,EndoVis 2018,site2,train,site2/video14,126,q8_mask_center_5pct_v1,x=25%-75%; y=25%-75%,0.1055358872,>=0.05,yes
site2/train/video14frame127,EndoVis 2018,site2,train,site2/video14,127,q8_mask_center_5pct_v1,x=25%-75%; y=25%-75%,0.1027740464,>=0.05,yes
site2/train/video14frame128,EndoVis 2018,site2,train,site2/video14,128,q8_mask_center_5pct_v1,x=25%-75%; y=25%-75%,0.0782104507,>=0.05,yes
site2/train/video14frame129,EndoVis 2018,site2,train,site2/video14,129,q8_mask_center_5pct_v1,x=25%-75%; y=25%-75%,0.0837982148,>=0.05,yes
site2/train/video14frame130,EndoVis 2018,site2,train,site2/video14,130,q8_mask_center_5pct_v1,x=25%-75%; y=25%-75%,0.1077728271,>=0.05,yes
site2/train/video14frame131,EndoVis 2018,site2,train,site2/video14,131,q8_mask_center_5pct_v1,x=25%-75%; y=25%-75%,0.0856445283,>=0.05,yes
site2/train/video14frame132,EndoVis 2018,site2,train,site2/video14,132,q8_mask_center_5pct_v1,x=25%-75%; y=25%-75%,0.0863403305,>=0.05,yes
site2/train/video14frame133,EndoVis 2018,site2,train,site2/video14,133,q8_mask_center_5pct_v1,x=25%-75%; y=25%-75%,0.1719634980,>=0.05,yes
site2/train/video14frame134,EndoVis 2018,site2,train,site2/video14,134,q8_mask_center_5pct_v1,x=25%-75%; y=25%-75%,0.1180847138,>=0.05,yes
site2/train/video14frame135,EndoVis 2018,site2,train,site2/video14,135,q8_mask_center_5pct_v1,x=25%-75%; y=25%-75%,0.1256072968,>=0.05,yes
site2/train/video14frame136,EndoVis 2018,site2,train,site2/video14,136,q8_mask_center_5pct_v1,x=25%-75%; y=25%-75%,0.0855590850,>=0.05,yes
site2/train/video14frame137,EndoVis 2018,site2,train,site2/video14,137,q8_mask_center_5pct_v1,x=25%-75%; y=25%-75%,0.2140533477,>=0.05,yes
site2/train/video14frame138,EndoVis 2018,site2,train,site2/video14,138,q8_mask_center_5pct_v1,x=25%-75%; y=25%-75%,0.2254638672,>=0.05,yes
site2/train/video14frame139,EndoVis 2018,site2,train,site2/video14,139,q8_mask_center_5pct_v1,x=25%-75%; y=25%-75%,0.2800537050,>=0.05,yes
site2/train/video14frame140,EndoVis 2018,site2,train,site2/video14,140,q8_mask_center_5pct_v1,x=25%-75%; y=25%-75%,0.3749603331,>=0.05,yes
site2/train/video14frame141,EndoVis 2018,site2,train,site2/video14,141,q8_mask_center_5pct_v1,x=25%-75%; y=25%-75%,0.2862854004,>=0.05,yes
site2/train/video14frame142,EndoVis 2018,site2,train,site2/video14,142,q8_mask_center_5pct_v1,x=25%-75%; y=25%-75%,0.2335479707,>=0.05,yes
site2/train/video14frame143,EndoVis 2018,site2,train,site2/video14,143,q8_mask_center_5pct_v1,x=25%-75%; y=25%-75%,0.2139770538,>=0.05,yes
site2/train/video14frame144,EndoVis 2018,site2,train,site2/video14,144,q8_mask_center_5pct_v1,x=25%-75%; y=25%-75%,0.0731658936,>=0.05,yes
site2/train/video14frame145,EndoVis 2018,site2,train,site2/video14,145,q8_mask_center_5pct_v1,x=25%-75%; y=25%-75%,0.1074432358,>=0.05,yes
site2/train/video14frame146,EndoVis 2018,site2,train,site2/video14,146,q8_mask_center_5pct_v1,x=25%-75%; y=25%-75%,0.1712951660,>=0.05,yes
site2/train/video14frame147,EndoVis 2018,site2,train,site2/video14,147,q8_mask_center_5pct_v1,x=25%-75%; y=25%-75%,0.1373352110,>=0.05,yes
site2/train/video14frame148,EndoVis 2018,site2,train,site2/video14,148,q8_mask_center_5pct_v1,x=25%-75%; y=25%-75%,0.1957305968,>=0.05,yes
site2/train/video15frame000,EndoVis 2018,site2,train,site2/video15,0,q8_mask_center_5pct_v1,x=25%-75%; y=25%-75%,0.0339172371,>=0.05,no
site2/train/video15frame001,EndoVis 2018,site2,train,site2/video15,1,q8_mask_center_5pct_v1,x=25%-75%; y=25%-75%,0.0358734131,>=0.05,no
site2/train/video15frame002,EndoVis 2018,site2,train,site2/video15,2,q8_mask_center_5pct_v1,x=25%-75%; y=25%-75%,0.0358734131,>=0.05,no
site2/train/video15frame003,EndoVis 2018,site2,train,site2/video15,3,q8_mask_center_5pct_v1,x=25%-75%; y=25%-75%,0.0535583496,>=0.05,yes
site2/train/video15frame004,EndoVis 2018,site2,train,site2/video15,4,q8_mask_center_5pct_v1,x=25%-75%; y=25%-75%,0.0572265610,>=0.05,yes
site2/train/video15frame005,EndoVis 2018,site2,train,site2/video15,5,q8_mask_center_5pct_v1,x=25%-75%; y=25%-75%,0.1006286591,>=0.05,yes
site2/train/video15frame006,EndoVis 2018,site2,train,site2/video15,6,q8_mask_center_5pct_v1,x=25%-75%; y=25%-75%,0.1049224883,>=0.05,yes
site2/train/video15frame007,EndoVis 2018,site2,train,site2/video15,7,q8_mask_center_5pct_v1,x=25%-75%; y=25%-75%,0.0406249985,>=0.05,no
site2/train/video15frame008,EndoVis 2018,site2,train,site2/video15,8,q8_mask_center_5pct_v1,x=25%-75%; y=25%-75%,0.0528503433,>=0.05,yes
site2/train/video15frame009,EndoVis 2018,site2,train,site2/video15,9,q8_mask_center_5pct_v1,x=25%-75%; y=25%-75%,0.0613769516,>=0.05,yes
site2/train/video15frame010,EndoVis 2018,site2,train,site2/video15,10,q8_mask_center_5pct_v1,x=25%-75%; y=25%-75%,0.0555145256,>=0.05,yes
site2/train/video15frame011,EndoVis 2018,site2,train,site2/video15,11,q8_mask_center_5pct_v1,x=25%-75%; y=25%-75%,0.0218566898,>=0.05,no
site2/train/video15frame012,EndoVis 2018,site2,train,site2/video15,12,q8_mask_center_5pct_v1,x=25%-75%; y=25%-75%,0.0245025642,>=0.05,no
site2/train/video15frame013,EndoVis 2018,site2,train,site2/video15,13,q8_mask_center_5pct_v1,x=25%-75%; y=25%-75%,0.0247161873,>=0.05,no
site2/train/video15frame014,EndoVis 2018,site2,train,site2/video15,14,q8_mask_center_5pct_v1,x=25%-75%; y=25%-75%,0.0368438736,>=0.05,no
site2/train/video15frame015,EndoVis 2018,site2,train,site2/video15,15,q8_mask_center_5pct_v1,x=25%-75%; y=25%-75%,0.0166961662,>=0.05,no
site2/train/video15frame016,EndoVis 2018,site2,train,site2/video15,16,q8_mask_center_5pct_v1,x=25%-75%; y=25%-75%,0.1217437759,>=0.05,yes
site2/train/video15frame017,EndoVis 2018,site2,train,site2/video15,17,q8_mask_center_5pct_v1,x=25%-75%; y=25%-75%,0.0785156265,>=0.05,yes
site2/train/video15frame018,EndoVis 2018,site2,train,site2/video15,18,q8_mask_center_5pct_v1,x=25%-75%; y=25%-75%,0.0541259758,>=0.05,yes
site2/train/video15frame019,EndoVis 2018,site2,train,site2/video15,19,q8_mask_center_5pct_v1,x=25%-75%; y=25%-75%,0.0318573005,>=0.05,no
site2/train/video15frame020,EndoVis 2018,site2,train,site2/video15,20,q8_mask_center_5pct_v1,x=25%-75%; y=25%-75%,0.0602996834,>=0.05,yes
site2/train/video15frame021,EndoVis 2018,site2,train,site2/video15,21,q8_mask_center_5pct_v1,x=25%-75%; y=25%-75%,0.0695922822,>=0.05,yes
site2/train/video15frame022,EndoVis 2018,site2,train,site2/video15,22,q8_mask_center_5pct_v1,x=25%-75%; y=25%-75%,0.1162353531,>=0.05,yes
site2/train/video15frame023,EndoVis 2018,site2,train,site2/video15,23,q8_mask_center_5pct_v1,x=25%-75%; y=25%-75%,0.1167022735,>=0.05,yes
site2/train/video15frame024,EndoVis 2018,site2,train,site2/video15,24,q8_mask_center_5pct_v1,x=25%-75%; y=25%-75%,0.1228027344,>=0.05,yes
site2/train/video15frame025,EndoVis 2018,site2,train,site2/video15,25,q8_mask_center_5pct_v1,x=25%-75%; y=25%-75%,0.0514312759,>=0.05,yes
site2/train/video15frame026,EndoVis 2018,site2,train,site2/video15,26,q8_mask_center_5pct_v1,x=25%-75%; y=25%-75%,0.1383941621,>=0.05,yes
site2/train/video15frame027,EndoVis 2018,site2,train,site2/video15,27,q8_mask_center_5pct_v1,x=25%-75%; y=25%-75%,0.3340606689,>=0.05,yes
site2/train/video15frame028,EndoVis 2018,site2,train,site2/video15,28,q8_mask_center_5pct_v1,x=25%-75%; y=25%-75%,0.2971710265,>=0.05,yes
site2/train/video15frame029,EndoVis 2018,site2,train,site2/video15,29,q8_mask_center_5pct_v1,x=25%-75%; y=25%-75%,0.3000854552,>=0.05,yes
site2/train/video15frame030,EndoVis 2018,site2,train,site2/video15,30,q8_mask_center_5pct_v1,x=25%-75%; y=25%-75%,0.2948303223,>=0.05,yes
site2/train/video15frame031,EndoVis 2018,site2,train,site2/video15,31,q8_mask_center_5pct_v1,x=25%-75%; y=25%-75%,0.3207214475,>=0.05,yes
site2/train/video15frame032,EndoVis 2018,site2,train,site2/video15,32,q8_mask_center_5pct_v1,x=25%-75%; y=25%-75%,0.2680969238,>=0.05,yes
site2/train/video15frame033,EndoVis 2018,site2,train,site2/video15,33,q8_mask_center_5pct_v1,x=25%-75%; y=25%-75%,0.3355163634,>=0.05,yes
site2/train/video15frame034,EndoVis 2018,site2,train,site2/video15,34,q8_mask_center_5pct_v1,x=25%-75%; y=25%-75%,0.1399383545,>=0.05,yes
site2/train/video15frame035,EndoVis 2018,site2,train,site2/video15,35,q8_mask_center_5pct_v1,x=25%-75%; y=25%-75%,0.3628082275,>=0.05,yes
site2/train/video15frame036,EndoVis 2018,site2,train,site2/video15,36,q8_mask_center_5pct_v1,x=25%-75%; y=25%-75%,0.2526367307,>=0.05,yes
site2/train/video15frame037,EndoVis 2018,site2,train,site2/video15,37,q8_mask_center_5pct_v1,x=25%-75%; y=25%-75%,0.2467224151,>=0.05,yes
site2/train/video15frame038,EndoVis 2018,site2,train,site2/video15,38,q8_mask_center_5pct_v1,x=25%-75%; y=25%-75%,0.1209594756,>=0.05,yes
site2/train/video15frame039,EndoVis 2018,site2,train,site2/video15,39,q8_mask_center_5pct_v1,x=25%-75%; y=25%-75%,0.0465820320,>=0.05,no
site2/train/video15frame040,EndoVis 2018,site2,train,site2/video15,40,q8_mask_center_5pct_v1,x=25%-75%; y=25%-75%,0.1644470245,>=0.05,yes
site2/train/video15frame041,EndoVis 2018,site2,train,site2/video15,41,q8_mask_center_5pct_v1,x=25%-75%; y=25%-75%,0.2472106963,>=0.05,yes
site2/train/video15frame042,EndoVis 2018,site2,train,site2/video15,42,q8_mask_center_5pct_v1,x=25%-75%; y=25%-75%,0.1788543761,>=0.05,yes
site2/train/video15frame043,EndoVis 2018,site2,train,site2/video15,43,q8_mask_center_5pct_v1,x=25%-75%; y=25%-75%,0.2678924501,>=0.05,yes
site2/train/video15frame044,EndoVis 2018,site2,train,site2/video15,44,q8_mask_center_5pct_v1,x=25%-75%; y=25%-75%,0.2750274539,>=0.05,yes
site2/train/video15frame045,EndoVis 2018,site2,train,site2/video15,45,q8_mask_center_5pct_v1,x=25%-75%; y=25%-75%,0.1822601259,>=0.05,yes
site2/train/video15frame046,EndoVis 2018,site2,train,site2/video15,46,q8_mask_center_5pct_v1,x=25%-75%; y=25%-75%,0.1902343780,>=0.05,yes
site2/train/video15frame047,EndoVis 2018,site2,train,site2/video15,47,q8_mask_center_5pct_v1,x=25%-75%; y=25%-75%,0.1915374696,>=0.05,yes
site2/train/video15frame048,EndoVis 2018,site2,train,site2/video15,48,q8_mask_center_5pct_v1,x=25%-75%; y=25%-75%,0.2081359923,>=0.05,yes
site2/train/video15frame049,EndoVis 2018,site2,train,site2/video15,49,q8_mask_center_5pct_v1,x=25%-75%; y=25%-75%,0.1632537842,>=0.05,yes
site2/train/video15frame050,EndoVis 2018,site2,train,site2/video15,50,q8_mask_center_5pct_v1,x=25%-75%; y=25%-75%,0.2414947450,>=0.05,yes
site2/train/video15frame051,EndoVis 2018,site2,train,site2/video15,51,q8_mask_center_5pct_v1,x=25%-75%; y=25%-75%,0.2791351378,>=0.05,yes
site2/train/video15frame052,EndoVis 2018,site2,train,site2/video15,52,q8_mask_center_5pct_v1,x=25%-75%; y=25%-75%,0.2560485899,>=0.05,yes
site2/train/video15frame053,EndoVis 2018,site2,train,site2/video15,53,q8_mask_center_5pct_v1,x=25%-75%; y=25%-75%,0.3364929259,>=0.05,yes
site2/train/video15frame054,EndoVis 2018,site2,train,site2/video15,54,q8_mask_center_5pct_v1,x=25%-75%; y=25%-75%,0.2156982422,>=0.05,yes
site2/train/video15frame055,EndoVis 2018,site2,train,site2/video15,55,q8_mask_center_5pct_v1,x=25%-75%; y=25%-75%,0.0467193611,>=0.05,no
site2/train/video15frame056,EndoVis 2018,site2,train,site2/video15,56,q8_mask_center_5pct_v1,x=25%-75%; y=25%-75%,0.1361999512,>=0.05,yes
site2/train/video15frame057,EndoVis 2018,site2,train,site2/video15,57,q8_mask_center_5pct_v1,x=25%-75%; y=25%-75%,0.1752533019,>=0.05,yes
site2/train/video15frame058,EndoVis 2018,site2,train,site2/video15,58,q8_mask_center_5pct_v1,x=25%-75%; y=25%-75%,0.1770813018,>=0.05,yes
site2/train/video15frame059,EndoVis 2018,site2,train,site2/video15,59,q8_mask_center_5pct_v1,x=25%-75%; y=25%-75%,0.1640197784,>=0.05,yes
site2/train/video15frame060,EndoVis 2018,site2,train,site2/video15,60,q8_mask_center_5pct_v1,x=25%-75%; y=25%-75%,0.0000000000,>=0.05,no
site2/train/video15frame061,EndoVis 2018,site2,train,site2/video15,61,q8_mask_center_5pct_v1,x=25%-75%; y=25%-75%,0.0608032234,>=0.05,yes
site2/train/video15frame062,EndoVis 2018,site2,train,site2/video15,62,q8_mask_center_5pct_v1,x=25%-75%; y=25%-75%,0.1060821563,>=0.05,yes
site2/train/video15frame063,EndoVis 2018,site2,train,site2/video15,63,q8_mask_center_5pct_v1,x=25%-75%; y=25%-75%,0.2481323183,>=0.05,yes
site2/train/video15frame064,EndoVis 2018,site2,train,site2/video15,64,q8_mask_center_5pct_v1,x=25%-75%; y=25%-75%,0.4124542177,>=0.05,yes
site2/train/video15frame065,EndoVis 2018,site2,train,site2/video15,65,q8_mask_center_5pct_v1,x=25%-75%; y=25%-75%,0.3302795291,>=0.05,yes
site2/train/video15frame066,EndoVis 2018,site2,train,site2/video15,66,q8_mask_center_5pct_v1,x=25%-75%; y=25%-75%,0.3806457520,>=0.05,yes
site2/train/video15frame067,EndoVis 2018,site2,train,site2/video15,67,q8_mask_center_5pct_v1,x=25%-75%; y=25%-75%,0.2348022461,>=0.05,yes
site2/train/video15frame068,EndoVis 2018,site2,train,site2/video15,68,q8_mask_center_5pct_v1,x=25%-75%; y=25%-75%,0.1128082275,>=0.05,yes
site2/train/video15frame069,EndoVis 2018,site2,train,site2/video15,69,q8_mask_center_5pct_v1,x=25%-75%; y=25%-75%,0.2010711730,>=0.05,yes
site2/train/video15frame070,EndoVis 2018,site2,train,site2/video15,70,q8_mask_center_5pct_v1,x=25%-75%; y=25%-75%,0.2519195676,>=0.05,yes
site2/train/video15frame071,EndoVis 2018,site2,train,site2/video15,71,q8_mask_center_5pct_v1,x=25%-75%; y=25%-75%,0.2208343446,>=0.05,yes
site2/train/video15frame072,EndoVis 2018,site2,train,site2/video15,72,q8_mask_center_5pct_v1,x=25%-75%; y=25%-75%,0.1683349609,>=0.05,yes
site2/train/video15frame073,EndoVis 2018,site2,train,site2/video15,73,q8_mask_center_5pct_v1,x=25%-75%; y=25%-75%,0.3019042909,>=0.05,yes
site2/train/video15frame074,EndoVis 2018,site2,train,site2/video15,74,q8_mask_center_5pct_v1,x=25%-75%; y=25%-75%,0.0000000000,>=0.05,no
site2/train/video15frame075,EndoVis 2018,site2,train,site2/video15,75,q8_mask_center_5pct_v1,x=25%-75%; y=25%-75%,0.1465454102,>=0.05,yes
site2/train/video15frame076,EndoVis 2018,site2,train,site2/video15,76,q8_mask_center_5pct_v1,x=25%-75%; y=25%-75%,0.1070770249,>=0.05,yes
site2/train/video15frame077,EndoVis 2018,site2,train,site2/video15,77,q8_mask_center_5pct_v1,x=25%-75%; y=25%-75%,0.3752136230,>=0.05,yes
site2/train/video15frame078,EndoVis 2018,site2,train,site2/video15,78,q8_mask_center_5pct_v1,x=25%-75%; y=25%-75%,0.5628539920,>=0.05,yes
site2/train/video15frame079,EndoVis 2018,site2,train,site2/video15,79,q8_mask_center_5pct_v1,x=25%-75%; y=25%-75%,0.5303192139,>=0.05,yes
site2/train/video15frame080,EndoVis 2018,site2,train,site2/video15,80,q8_mask_center_5pct_v1,x=25%-75%; y=25%-75%,0.5787628293,>=0.05,yes
site2/train/video15frame081,EndoVis 2018,site2,train,site2/video15,81,q8_mask_center_5pct_v1,x=25%-75%; y=25%-75%,0.2773223817,>=0.05,yes
site2/train/video15frame082,EndoVis 2018,site2,train,site2/video15,82,q8_mask_center_5pct_v1,x=25%-75%; y=25%-75%,0.0714904815,>=0.05,yes
site2/train/video15frame083,EndoVis 2018,site2,train,site2/video15,83,q8_mask_center_5pct_v1,x=25%-75%; y=25%-75%,0.0693145767,>=0.05,yes
site2/train/video15frame084,EndoVis 2018,site2,train,site2/video15,84,q8_mask_center_5pct_v1,x=25%-75%; y=25%-75%,0.2374237031,>=0.05,yes
site2/train/video15frame085,EndoVis 2018,site2,train,site2/video15,85,q8_mask_center_5pct_v1,x=25%-75%; y=25%-75%,0.1795105040,>=0.05,yes
site2/train/video15frame086,EndoVis 2018,site2,train,site2/video15,86,q8_mask_center_5pct_v1,x=25%-75%; y=25%-75%,0.2039489746,>=0.05,yes
site2/train/video15frame087,EndoVis 2018,site2,train,site2/video15,87,q8_mask_center_5pct_v1,x=25%-75%; y=25%-75%,0.3567748964,>=0.05,yes
site2/train/video15frame088,EndoVis 2018,site2,train,site2/video15,88,q8_mask_center_5pct_v1,x=25%-75%; y=25%-75%,0.2714599669,>=0.05,yes
site2/train/video15frame089,EndoVis 2018,site2,train,site2/video15,89,q8_mask_center_5pct_v1,x=25%-75%; y=25%-75%,0.1710083038,>=0.05,yes
site2/train/video15frame090,EndoVis 2018,site2,train,site2/video15,90,q8_mask_center_5pct_v1,x=25%-75%; y=25%-75%,0.0357879624,>=0.05,no
site2/train/video15frame091,EndoVis 2018,site2,train,site2/video15,91,q8_mask_center_5pct_v1,x=25%-75%; y=25%-75%,0.0877288803,>=0.05,yes
site2/train/video15frame092,EndoVis 2018,site2,train,site2/video15,92,q8_mask_center_5pct_v1,x=25%-75%; y=25%-75%,0.2020965517,>=0.05,yes
site2/train/video15frame093,EndoVis 2018,site2,train,site2/video15,93,q8_mask_center_5pct_v1,x=25%-75%; y=25%-75%,0.1929534972,>=0.05,yes
site2/train/video15frame094,EndoVis 2018,site2,train,site2/video15,94,q8_mask_center_5pct_v1,x=25%-75%; y=25%-75%,0.1724517792,>=0.05,yes
site2/train/video15frame095,EndoVis 2018,site2,train,site2/video15,95,q8_mask_center_5pct_v1,x=25%-75%; y=25%-75%,0.0905395523,>=0.05,yes
site2/train/video15frame096,EndoVis 2018,site2,train,site2/video15,96,q8_mask_center_5pct_v1,x=25%-75%; y=25%-75%,0.1676727235,>=0.05,yes
site2/train/video15frame097,EndoVis 2018,site2,train,site2/video15,97,q8_mask_center_5pct_v1,x=25%-75%; y=25%-75%,0.1630828828,>=0.05,yes
site2/train/video15frame098,EndoVis 2018,site2,train,site2/video15,98,q8_mask_center_5pct_v1,x=25%-75%; y=25%-75%,0.1748413146,>=0.05,yes
site2/train/video15frame099,EndoVis 2018,site2,train,site2/video15,99,q8_mask_center_5pct_v1,x=25%-75%; y=25%-75%,0.1635681093,>=0.05,yes
site2/train/video15frame100,EndoVis 2018,site2,train,site2/video15,100,q8_mask_center_5pct_v1,x=25%-75%; y=25%-75%,0.2353301942,>=0.05,yes
site2/train/video15frame101,EndoVis 2018,site2,train,site2/video15,101,q8_mask_center_5pct_v1,x=25%-75%; y=25%-75%,0.1155181900,>=0.05,yes
site2/train/video15frame102,EndoVis 2018,site2,train,site2/video15,102,q8_mask_center_5pct_v1,x=25%-75%; y=25%-75%,0.1353698671,>=0.05,yes
site2/train/video15frame103,EndoVis 2018,site2,train,site2/video15,103,q8_mask_center_5pct_v1,x=25%-75%; y=25%-75%,0.1381408721,>=0.05,yes
site2/train/video15frame104,EndoVis 2018,site2,train,site2/video15,104,q8_mask_center_5pct_v1,x=25%-75%; y=25%-75%,0.3927063048,>=0.05,yes
site2/train/video15frame105,EndoVis 2018,site2,train,site2/video15,105,q8_mask_center_5pct_v1,x=25%-75%; y=25%-75%,0.1549407989,>=0.05,yes
site2/train/video15frame106,EndoVis 2018,site2,train,site2/video15,106,q8_mask_center_5pct_v1,x=25%-75%; y=25%-75%,0.1343139708,>=0.05,yes
site2/train/video15frame107,EndoVis 2018,site2,train,site2/video15,107,q8_mask_center_5pct_v1,x=25%-75%; y=25%-75%,0.2281738222,>=0.05,yes
site2/train/video15frame108,EndoVis 2018,site2,train,site2/video15,108,q8_mask_center_5pct_v1,x=25%-75%; y=25%-75%,0.2669860721,>=0.05,yes
site2/train/video15frame109,EndoVis 2018,site2,train,site2/video15,109,q8_mask_center_5pct_v1,x=25%-75%; y=25%-75%,0.1899200380,>=0.05,yes
site2/train/video15frame110,EndoVis 2018,site2,train,site2/video15,110,q8_mask_center_5pct_v1,x=25%-75%; y=25%-75%,0.2417724580,>=0.05,yes
site2/train/video15frame111,EndoVis 2018,site2,train,site2/video15,111,q8_mask_center_5pct_v1,x=25%-75%; y=25%-75%,0.1625732481,>=0.05,yes
site2/train/video15frame112,EndoVis 2018,site2,train,site2/video15,112,q8_mask_center_5pct_v1,x=25%-75%; y=25%-75%,0.1724670380,>=0.05,yes
site2/train/video15frame113,EndoVis 2018,site2,train,site2/video15,113,q8_mask_center_5pct_v1,x=25%-75%; y=25%-75%,0.3018005490,>=0.05,yes
site2/train/video15frame114,EndoVis 2018,site2,train,site2/video15,114,q8_mask_center_5pct_v1,x=25%-75%; y=25%-75%,0.2521972656,>=0.05,yes
site2/train/video15frame115,EndoVis 2018,site2,train,site2/video15,115,q8_mask_center_5pct_v1,x=25%-75%; y=25%-75%,0.2813507020,>=0.05,yes
site2/train/video15frame116,EndoVis 2018,site2,train,site2/video15,116,q8_mask_center_5pct_v1,x=25%-75%; y=25%-75%,0.2693725526,>=0.05,yes
site2/train/video15frame117,EndoVis 2018,site2,train,site2/video15,117,q8_mask_center_5pct_v1,x=25%-75%; y=25%-75%,0.0036712647,>=0.05,no
site2/train/video15frame118,EndoVis 2018,site2,train,site2/video15,118,q8_mask_center_5pct_v1,x=25%-75%; y=25%-75%,0.0110626221,>=0.05,no
site2/train/video15frame119,EndoVis 2018,site2,train,site2/video15,119,q8_mask_center_5pct_v1,x=25%-75%; y=25%-75%,0.1798706055,>=0.05,yes
site2/train/video15frame120,EndoVis 2018,site2,train,site2/video15,120,q8_mask_center_5pct_v1,x=25%-75%; y=25%-75%,0.1958465576,>=0.05,yes
site2/train/video15frame121,EndoVis 2018,site2,train,site2/video15,121,q8_mask_center_5pct_v1,x=25%-75%; y=25%-75%,0.1287933290,>=0.05,yes
site2/train/video15frame122,EndoVis 2018,site2,train,site2/video15,122,q8_mask_center_5pct_v1,x=25%-75%; y=25%-75%,0.1913146973,>=0.05,yes
site2/train/video15frame123,EndoVis 2018,site2,train,site2/video15,123,q8_mask_center_5pct_v1,x=25%-75%; y=25%-75%,0.1902465820,>=0.05,yes
site2/train/video15frame124,EndoVis 2018,site2,train,site2/video15,124,q8_mask_center_5pct_v1,x=25%-75%; y=25%-75%,0.1251953095,>=0.05,yes
site2/train/video15frame125,EndoVis 2018,site2,train,site2/video15,125,q8_mask_center_5pct_v1,x=25%-75%; y=25%-75%,0.0000000000,>=0.05,no
site2/train/video15frame126,EndoVis 2018,site2,train,site2/video15,126,q8_mask_center_5pct_v1,x=25%-75%; y=25%-75%,0.1306945831,>=0.05,yes
site2/train/video15frame127,EndoVis 2018,site2,train,site2/video15,127,q8_mask_center_5pct_v1,x=25%-75%; y=25%-75%,0.1097167954,>=0.05,yes
site2/train/video15frame128,EndoVis 2018,site2,train,site2/video15,128,q8_mask_center_5pct_v1,x=25%-75%; y=25%-75%,0.0400604233,>=0.05,no
site2/train/video15frame129,EndoVis 2018,site2,train,site2/video15,129,q8_mask_center_5pct_v1,x=25%-75%; y=25%-75%,0.2646789551,>=0.05,yes
site2/train/video15frame130,EndoVis 2018,site2,train,site2/video15,130,q8_mask_center_5pct_v1,x=25%-75%; y=25%-75%,0.2282806337,>=0.05,yes
site2/train/video15frame131,EndoVis 2018,site2,train,site2/video15,131,q8_mask_center_5pct_v1,x=25%-75%; y=25%-75%,0.2581756711,>=0.05,yes
site2/train/video15frame132,EndoVis 2018,site2,train,site2/video15,132,q8_mask_center_5pct_v1,x=25%-75%; y=25%-75%,0.2160491943,>=0.05,yes
site2/train/video15frame133,EndoVis 2018,site2,train,site2/video15,133,q8_mask_center_5pct_v1,x=25%-75%; y=25%-75%,0.2080291808,>=0.05,yes
site2/train/video15frame134,EndoVis 2018,site2,train,site2/video15,134,q8_mask_center_5pct_v1,x=25%-75%; y=25%-75%,0.2106109560,>=0.05,yes
site2/train/video15frame135,EndoVis 2018,site2,train,site2/video15,135,q8_mask_center_5pct_v1,x=25%-75%; y=25%-75%,0.4160644412,>=0.05,yes
site2/train/video15frame136,EndoVis 2018,site2,train,site2/video15,136,q8_mask_center_5pct_v1,x=25%-75%; y=25%-75%,0.3067871034,>=0.05,yes
site2/train/video15frame137,EndoVis 2018,site2,train,site2/video15,137,q8_mask_center_5pct_v1,x=25%-75%; y=25%-75%,0.3163787723,>=0.05,yes
site2/train/video15frame138,EndoVis 2018,site2,train,site2/video15,138,q8_mask_center_5pct_v1,x=25%-75%; y=25%-75%,0.0400909409,>=0.05,no
site2/train/video15frame139,EndoVis 2018,site2,train,site2/video15,139,q8_mask_center_5pct_v1,x=25%-75%; y=25%-75%,0.0165771488,>=0.05,no
site2/train/video15frame140,EndoVis 2018,site2,train,site2/video15,140,q8_mask_center_5pct_v1,x=25%-75%; y=25%-75%,0.1113098115,>=0.05,yes
site2/train/video15frame141,EndoVis 2018,site2,train,site2/video15,141,q8_mask_center_5pct_v1,x=25%-75%; y=25%-75%,0.0340301506,>=0.05,no
site2/train/video15frame142,EndoVis 2018,site2,train,site2/video15,142,q8_mask_center_5pct_v1,x=25%-75%; y=25%-75%,0.1250122041,>=0.05,yes
site2/train/video15frame143,EndoVis 2018,site2,train,site2/video15,143,q8_mask_center_5pct_v1,x=25%-75%; y=25%-75%,0.1481597871,>=0.05,yes
site2/train/video15frame144,EndoVis 2018,site2,train,site2/video15,144,q8_mask_center_5pct_v1,x=25%-75%; y=25%-75%,0.1167724580,>=0.05,yes
site2/train/video15frame145,EndoVis 2018,site2,train,site2/video15,145,q8_mask_center_5pct_v1,x=25%-75%; y=25%-75%,0.1733001769,>=0.05,yes
site2/train/video15frame146,EndoVis 2018,site2,train,site2/video15,146,q8_mask_center_5pct_v1,x=25%-75%; y=25%-75%,0.1423248351,>=0.05,yes
site2/train/video15frame147,EndoVis 2018,site2,train,site2/video15,147,q8_mask_center_5pct_v1,x=25%-75%; y=25%-75%,0.0915374756,>=0.05,yes
site2/train/video15frame148,EndoVis 2018,site2,train,site2/video15,148,q8_mask_center_5pct_v1,x=25%-75%; y=25%-75%,0.1320831329,>=0.05,yes
site2/train/video16frame000,EndoVis 2018,site2,train,site2/video16,0,q8_mask_center_5pct_v1,x=25%-75%; y=25%-75%,0.1617340147,>=0.05,yes
site2/train/video16frame001,EndoVis 2018,site2,train,site2/video16,1,q8_mask_center_5pct_v1,x=25%-75%; y=25%-75%,0.1143066436,>=0.05,yes
site2/train/video16frame002,EndoVis 2018,site2,train,site2/video16,2,q8_mask_center_5pct_v1,x=25%-75%; y=25%-75%,0.0758972168,>=0.05,yes
site2/train/video16frame003,EndoVis 2018,site2,train,site2/video16,3,q8_mask_center_5pct_v1,x=25%-75%; y=25%-75%,0.0981323272,>=0.05,yes
site2/train/video16frame004,EndoVis 2018,site2,train,site2/video16,4,q8_mask_center_5pct_v1,x=25%-75%; y=25%-75%,0.0803833008,>=0.05,yes
site2/train/video16frame005,EndoVis 2018,site2,train,site2/video16,5,q8_mask_center_5pct_v1,x=25%-75%; y=25%-75%,0.0000000000,>=0.05,no
site2/train/video16frame006,EndoVis 2018,site2,train,site2/video16,6,q8_mask_center_5pct_v1,x=25%-75%; y=25%-75%,0.0222503655,>=0.05,no
site2/train/video16frame007,EndoVis 2018,site2,train,site2/video16,7,q8_mask_center_5pct_v1,x=25%-75%; y=25%-75%,0.0000000000,>=0.05,no
site2/train/video16frame008,EndoVis 2018,site2,train,site2/video16,8,q8_mask_center_5pct_v1,x=25%-75%; y=25%-75%,0.0287567135,>=0.05,no
site2/train/video16frame009,EndoVis 2018,site2,train,site2/video16,9,q8_mask_center_5pct_v1,x=25%-75%; y=25%-75%,0.0608184822,>=0.05,yes
site2/train/video16frame010,EndoVis 2018,site2,train,site2/video16,10,q8_mask_center_5pct_v1,x=25%-75%; y=25%-75%,0.0471771248,>=0.05,no
site2/train/video16frame011,EndoVis 2018,site2,train,site2/video16,11,q8_mask_center_5pct_v1,x=25%-75%; y=25%-75%,0.0985382050,>=0.05,yes
site2/train/video16frame012,EndoVis 2018,site2,train,site2/video16,12,q8_mask_center_5pct_v1,x=25%-75%; y=25%-75%,0.1406127959,>=0.05,yes
site2/train/video16frame013,EndoVis 2018,site2,train,site2/video16,13,q8_mask_center_5pct_v1,x=25%-75%; y=25%-75%,0.0437866226,>=0.05,no
site2/train/video16frame014,EndoVis 2018,site2,train,site2/video16,14,q8_mask_center_5pct_v1,x=25%-75%; y=25%-75%,0.1169372573,>=0.05,yes
site2/train/video16frame015,EndoVis 2018,site2,train,site2/video16,15,q8_mask_center_5pct_v1,x=25%-75%; y=25%-75%,0.0578826889,>=0.05,yes
site2/train/video16frame016,EndoVis 2018,site2,train,site2/video16,16,q8_mask_center_5pct_v1,x=25%-75%; y=25%-75%,0.2253845185,>=0.05,yes
site2/train/video16frame017,EndoVis 2018,site2,train,site2/video16,17,q8_mask_center_5pct_v1,x=25%-75%; y=25%-75%,0.0414031968,>=0.05,no
site2/train/video16frame018,EndoVis 2018,site2,train,site2/video16,18,q8_mask_center_5pct_v1,x=25%-75%; y=25%-75%,0.1467376649,>=0.05,yes
site2/train/video16frame019,EndoVis 2018,site2,train,site2/video16,19,q8_mask_center_5pct_v1,x=25%-75%; y=25%-75%,0.1628997773,>=0.05,yes
site2/train/video16frame020,EndoVis 2018,site2,train,site2/video16,20,q8_mask_center_5pct_v1,x=25%-75%; y=25%-75%,0.1671447754,>=0.05,yes
site2/train/video16frame021,EndoVis 2018,site2,train,site2/video16,21,q8_mask_center_5pct_v1,x=25%-75%; y=25%-75%,0.1694610566,>=0.05,yes
site2/train/video16frame022,EndoVis 2018,site2,train,site2/video16,22,q8_mask_center_5pct_v1,x=25%-75%; y=25%-75%,0.2511016726,>=0.05,yes
site2/train/video16frame023,EndoVis 2018,site2,train,site2/video16,23,q8_mask_center_5pct_v1,x=25%-75%; y=25%-75%,0.1889862120,>=0.05,yes
site2/train/video16frame024,EndoVis 2018,site2,train,site2/video16,24,q8_mask_center_5pct_v1,x=25%-75%; y=25%-75%,0.0013397217,>=0.05,no
site2/train/video16frame025,EndoVis 2018,site2,train,site2/video16,25,q8_mask_center_5pct_v1,x=25%-75%; y=25%-75%,0.2348785400,>=0.05,yes
site2/train/video16frame026,EndoVis 2018,site2,train,site2/video16,26,q8_mask_center_5pct_v1,x=25%-75%; y=25%-75%,0.1121917740,>=0.05,yes
site2/train/video16frame027,EndoVis 2018,site2,train,site2/video16,27,q8_mask_center_5pct_v1,x=25%-75%; y=25%-75%,0.3114471436,>=0.05,yes
site2/train/video16frame028,EndoVis 2018,site2,train,site2/video16,28,q8_mask_center_5pct_v1,x=25%-75%; y=25%-75%,0.3622924685,>=0.05,yes
site2/train/video16frame029,EndoVis 2018,site2,train,site2/video16,29,q8_mask_center_5pct_v1,x=25%-75%; y=25%-75%,0.0989990234,>=0.05,yes
site2/train/video16frame030,EndoVis 2018,site2,train,site2/video16,30,q8_mask_center_5pct_v1,x=25%-75%; y=25%-75%,0.0203948971,>=0.05,no
site2/train/video16frame031,EndoVis 2018,site2,train,site2/video16,31,q8_mask_center_5pct_v1,x=25%-75%; y=25%-75%,0.0252044685,>=0.05,no
site2/train/video16frame032,EndoVis 2018,site2,train,site2/video16,32,q8_mask_center_5pct_v1,x=25%-75%; y=25%-75%,0.0130767822,>=0.05,no
site2/train/video16frame033,EndoVis 2018,site2,train,site2/video16,33,q8_mask_center_5pct_v1,x=25%-75%; y=25%-75%,0.0163848884,>=0.05,no
site2/train/video16frame034,EndoVis 2018,site2,train,site2/video16,34,q8_mask_center_5pct_v1,x=25%-75%; y=25%-75%,0.0161529537,>=0.05,no
site2/train/video16frame035,EndoVis 2018,site2,train,site2/video16,35,q8_mask_center_5pct_v1,x=25%-75%; y=25%-75%,0.0179901123,>=0.05,no
site2/train/video16frame036,EndoVis 2018,site2,train,site2/video16,36,q8_mask_center_5pct_v1,x=25%-75%; y=25%-75%,0.0248687752,>=0.05,no
site2/train/video16frame037,EndoVis 2018,site2,train,site2/video16,37,q8_mask_center_5pct_v1,x=25%-75%; y=25%-75%,0.0426788330,>=0.05,no
site2/train/video16frame038,EndoVis 2018,site2,train,site2/video16,38,q8_mask_center_5pct_v1,x=25%-75%; y=25%-75%,0.0655914322,>=0.05,yes
site2/train/video16frame039,EndoVis 2018,site2,train,site2/video16,39,q8_mask_center_5pct_v1,x=25%-75%; y=25%-75%,0.1171966568,>=0.05,yes
site2/train/video16frame040,EndoVis 2018,site2,train,site2/video16,40,q8_mask_center_5pct_v1,x=25%-75%; y=25%-75%,0.0218414310,>=0.05,no
site2/train/video16frame041,EndoVis 2018,site2,train,site2/video16,41,q8_mask_center_5pct_v1,x=25%-75%; y=25%-75%,0.0235565193,>=0.05,no
site2/train/video16frame042,EndoVis 2018,site2,train,site2/video16,42,q8_mask_center_5pct_v1,x=25%-75%; y=25%-75%,0.0085968021,>=0.05,no
site2/train/video16frame043,EndoVis 2018,site2,train,site2/video16,43,q8_mask_center_5pct_v1,x=25%-75%; y=25%-75%,0.0086700441,>=0.05,no
site2/train/video16frame044,EndoVis 2018,site2,train,site2/video16,44,q8_mask_center_5pct_v1,x=25%-75%; y=25%-75%,0.0000000000,>=0.05,no
site2/train/video16frame045,EndoVis 2018,site2,train,site2/video16,45,q8_mask_center_5pct_v1,x=25%-75%; y=25%-75%,0.0335815437,>=0.05,no
site2/train/video16frame046,EndoVis 2018,site2,train,site2/video16,46,q8_mask_center_5pct_v1,x=25%-75%; y=25%-75%,0.0390136726,>=0.05,no
site2/train/video16frame047,EndoVis 2018,site2,train,site2/video16,47,q8_mask_center_5pct_v1,x=25%-75%; y=25%-75%,0.0265533440,>=0.05,no
site2/train/video16frame048,EndoVis 2018,site2,train,site2/video16,48,q8_mask_center_5pct_v1,x=25%-75%; y=25%-75%,0.0100341793,>=0.05,no
site2/train/video16frame049,EndoVis 2018,site2,train,site2/video16,49,q8_mask_center_5pct_v1,x=25%-75%; y=25%-75%,0.0280517582,>=0.05,no
site2/train/video16frame050,EndoVis 2018,site2,train,site2/video16,50,q8_mask_center_5pct_v1,x=25%-75%; y=25%-75%,0.0401702896,>=0.05,no
site2/train/video16frame051,EndoVis 2018,site2,train,site2/video16,51,q8_mask_center_5pct_v1,x=25%-75%; y=25%-75%,0.0671508759,>=0.05,yes
site2/train/video16frame052,EndoVis 2018,site2,train,site2/video16,52,q8_mask_center_5pct_v1,x=25%-75%; y=25%-75%,0.0262145996,>=0.05,no
site2/train/video16frame053,EndoVis 2018,site2,train,site2/video16,53,q8_mask_center_5pct_v1,x=25%-75%; y=25%-75%,0.0383422859,>=0.05,no
site2/train/video16frame054,EndoVis 2018,site2,train,site2/video16,54,q8_mask_center_5pct_v1,x=25%-75%; y=25%-75%,0.0340270996,>=0.05,no
site2/train/video16frame055,EndoVis 2018,site2,train,site2/video16,55,q8_mask_center_5pct_v1,x=25%-75%; y=25%-75%,0.0726654083,>=0.05,yes
site2/train/video16frame056,EndoVis 2018,site2,train,site2/video16,56,q8_mask_center_5pct_v1,x=25%-75%; y=25%-75%,0.0912994370,>=0.05,yes
site2/train/video16frame057,EndoVis 2018,site2,train,site2/video16,57,q8_mask_center_5pct_v1,x=25%-75%; y=25%-75%,0.0376953110,>=0.05,no
site2/train/video16frame058,EndoVis 2018,site2,train,site2/video16,58,q8_mask_center_5pct_v1,x=25%-75%; y=25%-75%,0.0306610111,>=0.05,no
site2/train/video16frame059,EndoVis 2018,site2,train,site2/video16,59,q8_mask_center_5pct_v1,x=25%-75%; y=25%-75%,0.0353088379,>=0.05,no
site2/train/video16frame060,EndoVis 2018,site2,train,site2/video16,60,q8_mask_center_5pct_v1,x=25%-75%; y=25%-75%,0.0353088379,>=0.05,no
site2/train/video16frame061,EndoVis 2018,site2,train,site2/video16,61,q8_mask_center_5pct_v1,x=25%-75%; y=25%-75%,0.0652008057,>=0.05,yes
site2/train/video16frame062,EndoVis 2018,site2,train,site2/video16,62,q8_mask_center_5pct_v1,x=25%-75%; y=25%-75%,0.1363525391,>=0.05,yes
site2/train/video16frame063,EndoVis 2018,site2,train,site2/video16,63,q8_mask_center_5pct_v1,x=25%-75%; y=25%-75%,0.1463806182,>=0.05,yes
site2/train/video16frame064,EndoVis 2018,site2,train,site2/video16,64,q8_mask_center_5pct_v1,x=25%-75%; y=25%-75%,0.1332214326,>=0.05,yes
site2/train/video16frame065,EndoVis 2018,site2,train,site2/video16,65,q8_mask_center_5pct_v1,x=25%-75%; y=25%-75%,0.1634460390,>=0.05,yes
site2/train/video16frame066,EndoVis 2018,site2,train,site2/video16,66,q8_mask_center_5pct_v1,x=25%-75%; y=25%-75%,0.0642242432,>=0.05,yes
site2/train/video16frame067,EndoVis 2018,site2,train,site2/video16,67,q8_mask_center_5pct_v1,x=25%-75%; y=25%-75%,0.1570648253,>=0.05,yes
site2/train/video16frame068,EndoVis 2018,site2,train,site2/video16,68,q8_mask_center_5pct_v1,x=25%-75%; y=25%-75%,0.1519592255,>=0.05,yes
site2/train/video16frame069,EndoVis 2018,site2,train,site2/video16,69,q8_mask_center_5pct_v1,x=25%-75%; y=25%-75%,0.0117980959,>=0.05,no
site2/train/video16frame070,EndoVis 2018,site2,train,site2/video16,70,q8_mask_center_5pct_v1,x=25%-75%; y=25%-75%,0.0249267574,>=0.05,no
site2/train/video16frame071,EndoVis 2018,site2,train,site2/video16,71,q8_mask_center_5pct_v1,x=25%-75%; y=25%-75%,0.2093536407,>=0.05,yes
site2/train/video16frame072,EndoVis 2018,site2,train,site2/video16,72,q8_mask_center_5pct_v1,x=25%-75%; y=25%-75%,0.0758087188,>=0.05,yes
site2/train/video16frame073,EndoVis 2018,site2,train,site2/video16,73,q8_mask_center_5pct_v1,x=25%-75%; y=25%-75%,0.0984527618,>=0.05,yes
site2/train/video16frame074,EndoVis 2018,site2,train,site2/video16,74,q8_mask_center_5pct_v1,x=25%-75%; y=25%-75%,0.1242919937,>=0.05,yes
site2/train/video16frame075,EndoVis 2018,site2,train,site2/video16,75,q8_mask_center_5pct_v1,x=25%-75%; y=25%-75%,0.0322509781,>=0.05,no
site2/train/video16frame076,EndoVis 2018,site2,train,site2/video16,76,q8_mask_center_5pct_v1,x=25%-75%; y=25%-75%,0.0370697007,>=0.05,no
site2/train/video16frame077,EndoVis 2018,site2,train,site2/video16,77,q8_mask_center_5pct_v1,x=25%-75%; y=25%-75%,0.1089965850,>=0.05,yes
site2/train/video16frame078,EndoVis 2018,site2,train,site2/video16,78,q8_mask_center_5pct_v1,x=25%-75%; y=25%-75%,0.0070404052,>=0.05,no
site2/train/video16frame079,EndoVis 2018,site2,train,site2/video16,79,q8_mask_center_5pct_v1,x=25%-75%; y=25%-75%,0.0330810547,>=0.05,no
site2/train/video16frame080,EndoVis 2018,site2,train,site2/video16,80,q8_mask_center_5pct_v1,x=25%-75%; y=25%-75%,0.0677307099,>=0.05,yes
site2/train/video16frame081,EndoVis 2018,site2,train,site2/video16,81,q8_mask_center_5pct_v1,x=25%-75%; y=25%-75%,0.0874725357,>=0.05,yes
site2/train/video16frame082,EndoVis 2018,site2,train,site2/video16,82,q8_mask_center_5pct_v1,x=25%-75%; y=25%-75%,0.1016326919,>=0.05,yes
site2/train/video16frame083,EndoVis 2018,site2,train,site2/video16,83,q8_mask_center_5pct_v1,x=25%-75%; y=25%-75%,0.0611114502,>=0.05,yes
site2/train/video16frame084,EndoVis 2018,site2,train,site2/video16,84,q8_mask_center_5pct_v1,x=25%-75%; y=25%-75%,0.0766235366,>=0.05,yes
site2/train/video16frame085,EndoVis 2018,site2,train,site2/video16,85,q8_mask_center_5pct_v1,x=25%-75%; y=25%-75%,0.0902191177,>=0.05,yes
site2/train/video16frame086,EndoVis 2018,site2,train,site2/video16,86,q8_mask_center_5pct_v1,x=25%-75%; y=25%-75%,0.0696777329,>=0.05,yes
site2/train/video16frame087,EndoVis 2018,site2,train,site2/video16,87,q8_mask_center_5pct_v1,x=25%-75%; y=25%-75%,0.0418914780,>=0.05,no
site2/train/video16frame088,EndoVis 2018,site2,train,site2/video16,88,q8_mask_center_5pct_v1,x=25%-75%; y=25%-75%,0.0430908203,>=0.05,no
site2/train/video16frame089,EndoVis 2018,site2,train,site2/video16,89,q8_mask_center_5pct_v1,x=25%-75%; y=25%-75%,0.1078247055,>=0.05,yes
site2/train/video16frame090,EndoVis 2018,site2,train,site2/video16,90,q8_mask_center_5pct_v1,x=25%-75%; y=25%-75%,0.1437194794,>=0.05,yes
site2/train/video16frame091,EndoVis 2018,site2,train,site2/video16,91,q8_mask_center_5pct_v1,x=25%-75%; y=25%-75%,0.1564483643,>=0.05,yes
site2/train/video16frame092,EndoVis 2018,site2,train,site2/video16,92,q8_mask_center_5pct_v1,x=25%-75%; y=25%-75%,0.0381866470,>=0.05,no
site2/train/video16frame093,EndoVis 2018,site2,train,site2/video16,93,q8_mask_center_5pct_v1,x=25%-75%; y=25%-75%,0.0691711456,>=0.05,yes
site2/train/video16frame094,EndoVis 2018,site2,train,site2/video16,94,q8_mask_center_5pct_v1,x=25%-75%; y=25%-75%,0.0456787124,>=0.05,no
site2/train/video16frame095,EndoVis 2018,site2,train,site2/video16,95,q8_mask_center_5pct_v1,x=25%-75%; y=25%-75%,0.1161590591,>=0.05,yes
site2/train/video16frame096,EndoVis 2018,site2,train,site2/video16,96,q8_mask_center_5pct_v1,x=25%-75%; y=25%-75%,0.0877868682,>=0.05,yes
site2/train/video16frame097,EndoVis 2018,site2,train,site2/video16,97,q8_mask_center_5pct_v1,x=25%-75%; y=25%-75%,0.0639648438,>=0.05,yes
site2/train/video16frame098,EndoVis 2018,site2,train,site2/video16,98,q8_mask_center_5pct_v1,x=25%-75%; y=25%-75%,0.0356872566,>=0.05,no
site2/train/video16frame099,EndoVis 2018,site2,train,site2/video16,99,q8_mask_center_5pct_v1,x=25%-75%; y=25%-75%,0.0460937507,>=0.05,no
site2/train/video16frame100,EndoVis 2018,site2,train,site2/video16,100,q8_mask_center_5pct_v1,x=25%-75%; y=25%-75%,0.3110778928,>=0.05,yes
site2/train/video16frame101,EndoVis 2018,site2,train,site2/video16,101,q8_mask_center_5pct_v1,x=25%-75%; y=25%-75%,0.0860046372,>=0.05,yes
site2/train/video16frame102,EndoVis 2018,site2,train,site2/video16,102,q8_mask_center_5pct_v1,x=25%-75%; y=25%-75%,0.0685089082,>=0.05,yes
site2/train/video16frame103,EndoVis 2018,site2,train,site2/video16,103,q8_mask_center_5pct_v1,x=25%-75%; y=25%-75%,0.0827789307,>=0.05,yes
site2/train/video16frame104,EndoVis 2018,site2,train,site2/video16,104,q8_mask_center_5pct_v1,x=25%-75%; y=25%-75%,0.0859741196,>=0.05,yes
site2/train/video16frame105,EndoVis 2018,site2,train,site2/video16,105,q8_mask_center_5pct_v1,x=25%-75%; y=25%-75%,0.0757843032,>=0.05,yes
site2/train/video16frame106,EndoVis 2018,site2,train,site2/video16,106,q8_mask_center_5pct_v1,x=25%-75%; y=25%-75%,0.1733886749,>=0.05,yes
site2/train/video16frame107,EndoVis 2018,site2,train,site2/video16,107,q8_mask_center_5pct_v1,x=25%-75%; y=25%-75%,0.1632415801,>=0.05,yes
site2/train/video16frame108,EndoVis 2018,site2,train,site2/video16,108,q8_mask_center_5pct_v1,x=25%-75%; y=25%-75%,0.2529815733,>=0.05,yes
site2/train/video16frame109,EndoVis 2018,site2,train,site2/video16,109,q8_mask_center_5pct_v1,x=25%-75%; y=25%-75%,0.0734649673,>=0.05,yes
site2/train/video16frame110,EndoVis 2018,site2,train,site2/video16,110,q8_mask_center_5pct_v1,x=25%-75%; y=25%-75%,0.0626861602,>=0.05,yes
site2/train/video16frame111,EndoVis 2018,site2,train,site2/video16,111,q8_mask_center_5pct_v1,x=25%-75%; y=25%-75%,0.0000000000,>=0.05,no
site2/train/video16frame112,EndoVis 2018,site2,train,site2/video16,112,q8_mask_center_5pct_v1,x=25%-75%; y=25%-75%,0.0839080811,>=0.05,yes
site2/train/video16frame113,EndoVis 2018,site2,train,site2/video16,113,q8_mask_center_5pct_v1,x=25%-75%; y=25%-75%,0.0786010772,>=0.05,yes
site2/train/video16frame114,EndoVis 2018,site2,train,site2/video16,114,q8_mask_center_5pct_v1,x=25%-75%; y=25%-75%,0.0823242217,>=0.05,yes
site2/train/video16frame115,EndoVis 2018,site2,train,site2/video16,115,q8_mask_center_5pct_v1,x=25%-75%; y=25%-75%,0.0879699737,>=0.05,yes
site2/train/video16frame116,EndoVis 2018,site2,train,site2/video16,116,q8_mask_center_5pct_v1,x=25%-75%; y=25%-75%,0.0836334229,>=0.05,yes
site2/train/video16frame117,EndoVis 2018,site2,train,site2/video16,117,q8_mask_center_5pct_v1,x=25%-75%; y=25%-75%,0.0897735581,>=0.05,yes
site2/train/video16frame118,EndoVis 2018,site2,train,site2/video16,118,q8_mask_center_5pct_v1,x=25%-75%; y=25%-75%,0.1440124512,>=0.05,yes
site2/train/video16frame119,EndoVis 2018,site2,train,site2/video16,119,q8_mask_center_5pct_v1,x=25%-75%; y=25%-75%,0.0916564912,>=0.05,yes
site2/train/video16frame120,EndoVis 2018,site2,train,site2/video16,120,q8_mask_center_5pct_v1,x=25%-75%; y=25%-75%,0.1822936982,>=0.05,yes
site2/train/video16frame121,EndoVis 2018,site2,train,site2/video16,121,q8_mask_center_5pct_v1,x=25%-75%; y=25%-75%,0.1599487364,>=0.05,yes
site2/train/video16frame122,EndoVis 2018,site2,train,site2/video16,122,q8_mask_center_5pct_v1,x=25%-75%; y=25%-75%,0.1163909882,>=0.05,yes
site2/train/video16frame123,EndoVis 2018,site2,train,site2/video16,123,q8_mask_center_5pct_v1,x=25%-75%; y=25%-75%,0.0871795639,>=0.05,yes
site2/train/video16frame124,EndoVis 2018,site2,train,site2/video16,124,q8_mask_center_5pct_v1,x=25%-75%; y=25%-75%,0.0660522431,>=0.05,yes
site2/train/video16frame125,EndoVis 2018,site2,train,site2/video16,125,q8_mask_center_5pct_v1,x=25%-75%; y=25%-75%,0.1017700210,>=0.05,yes
site2/train/video16frame126,EndoVis 2018,site2,train,site2/video16,126,q8_mask_center_5pct_v1,x=25%-75%; y=25%-75%,0.1553466767,>=0.05,yes
site2/train/video16frame127,EndoVis 2018,site2,train,site2/video16,127,q8_mask_center_5pct_v1,x=25%-75%; y=25%-75%,0.0473724380,>=0.05,no
site2/train/video16frame128,EndoVis 2018,site2,train,site2/video16,128,q8_mask_center_5pct_v1,x=25%-75%; y=25%-75%,0.1404144317,>=0.05,yes
site2/train/video16frame129,EndoVis 2018,site2,train,site2/video16,129,q8_mask_center_5pct_v1,x=25%-75%; y=25%-75%,0.1162872314,>=0.05,yes
site2/train/video16frame130,EndoVis 2018,site2,train,site2/video16,130,q8_mask_center_5pct_v1,x=25%-75%; y=25%-75%,0.0749053955,>=0.05,yes
site2/train/video16frame131,EndoVis 2018,site2,train,site2/video16,131,q8_mask_center_5pct_v1,x=25%-75%; y=25%-75%,0.1276458800,>=0.05,yes
site2/train/video16frame132,EndoVis 2018,site2,train,site2/video16,132,q8_mask_center_5pct_v1,x=25%-75%; y=25%-75%,0.0607910156,>=0.05,yes
site2/train/video16frame133,EndoVis 2018,site2,train,site2/video16,133,q8_mask_center_5pct_v1,x=25%-75%; y=25%-75%,0.1940063536,>=0.05,yes
site2/train/video16frame134,EndoVis 2018,site2,train,site2/video16,134,q8_mask_center_5pct_v1,x=25%-75%; y=25%-75%,0.3004882932,>=0.05,yes
site2/train/video16frame135,EndoVis 2018,site2,train,site2/video16,135,q8_mask_center_5pct_v1,x=25%-75%; y=25%-75%,0.2433349639,>=0.05,yes
site2/train/video16frame136,EndoVis 2018,site2,train,site2/video16,136,q8_mask_center_5pct_v1,x=25%-75%; y=25%-75%,0.2822814882,>=0.05,yes
site2/train/video16frame137,EndoVis 2018,site2,train,site2/video16,137,q8_mask_center_5pct_v1,x=25%-75%; y=25%-75%,0.3463531435,>=0.05,yes
site2/train/video16frame138,EndoVis 2018,site2,train,site2/video16,138,q8_mask_center_5pct_v1,x=25%-75%; y=25%-75%,0.2724731565,>=0.05,yes
site2/train/video16frame139,EndoVis 2018,site2,train,site2/video16,139,q8_mask_center_5pct_v1,x=25%-75%; y=25%-75%,0.2649169862,>=0.05,yes
site2/train/video16frame140,EndoVis 2018,site2,train,site2/video16,140,q8_mask_center_5pct_v1,x=25%-75%; y=25%-75%,0.2727996707,>=0.05,yes
site2/train/video16frame141,EndoVis 2018,site2,train,site2/video16,141,q8_mask_center_5pct_v1,x=25%-75%; y=25%-75%,0.2257690430,>=0.05,yes
site2/train/video16frame142,EndoVis 2018,site2,train,site2/video16,142,q8_mask_center_5pct_v1,x=25%-75%; y=25%-75%,0.1772430390,>=0.05,yes
site2/train/video16frame143,EndoVis 2018,site2,train,site2/video16,143,q8_mask_center_5pct_v1,x=25%-75%; y=25%-75%,0.5506134033,>=0.05,yes
site2/train/video16frame144,EndoVis 2018,site2,train,site2/video16,144,q8_mask_center_5pct_v1,x=25%-75%; y=25%-75%,0.1187988296,>=0.05,yes
site2/train/video16frame145,EndoVis 2018,site2,train,site2/video16,145,q8_mask_center_5pct_v1,x=25%-75%; y=25%-75%,0.4488555789,>=0.05,yes
site2/train/video16frame146,EndoVis 2018,site2,train,site2/video16,146,q8_mask_center_5pct_v1,x=25%-75%; y=25%-75%,0.4132537842,>=0.05,yes
site2/train/video16frame147,EndoVis 2018,site2,train,site2/video16,147,q8_mask_center_5pct_v1,x=25%-75%; y=25%-75%,0.2929351926,>=0.05,yes
site2/train/video16frame148,EndoVis 2018,site2,train,site2/video16,148,q8_mask_center_5pct_v1,x=25%-75%; y=25%-75%,0.3056549132,>=0.05,yes
site2/train/video1frame000,EndoVis 2018,site2,train,site2/video1,0,q8_mask_center_5pct_v1,x=25%-75%; y=25%-75%,0.2666687071,>=0.05,yes
site2/train/video1frame001,EndoVis 2018,site2,train,site2/video1,1,q8_mask_center_5pct_v1,x=25%-75%; y=25%-75%,0.2817016542,>=0.05,yes
site2/train/video1frame002,EndoVis 2018,site2,train,site2/video1,2,q8_mask_center_5pct_v1,x=25%-75%; y=25%-75%,0.1265747100,>=0.05,yes
site2/train/video1frame003,EndoVis 2018,site2,train,site2/video1,3,q8_mask_center_5pct_v1,x=25%-75%; y=25%-75%,0.0857330337,>=0.05,yes
site2/train/video1frame004,EndoVis 2018,site2,train,site2/video1,4,q8_mask_center_5pct_v1,x=25%-75%; y=25%-75%,0.0731292740,>=0.05,yes
site2/train/video1frame005,EndoVis 2018,site2,train,site2/video1,5,q8_mask_center_5pct_v1,x=25%-75%; y=25%-75%,0.1005401611,>=0.05,yes
site2/train/video1frame006,EndoVis 2018,site2,train,site2/video1,6,q8_mask_center_5pct_v1,x=25%-75%; y=25%-75%,0.0005950928,>=0.05,no
site2/train/video1frame007,EndoVis 2018,site2,train,site2/video1,7,q8_mask_center_5pct_v1,x=25%-75%; y=25%-75%,0.0000000000,>=0.05,no
site2/train/video1frame008,EndoVis 2018,site2,train,site2/video1,8,q8_mask_center_5pct_v1,x=25%-75%; y=25%-75%,0.0000000000,>=0.05,no
site2/train/video1frame009,EndoVis 2018,site2,train,site2/video1,9,q8_mask_center_5pct_v1,x=25%-75%; y=25%-75%,0.0083587645,>=0.05,no
site2/train/video1frame010,EndoVis 2018,site2,train,site2/video1,10,q8_mask_center_5pct_v1,x=25%-75%; y=25%-75%,0.0004058838,>=0.05,no
site2/train/video1frame011,EndoVis 2018,site2,train,site2/video1,11,q8_mask_center_5pct_v1,x=25%-75%; y=25%-75%,0.0002380371,>=0.05,no
site2/train/video1frame012,EndoVis 2018,site2,train,site2/video1,12,q8_mask_center_5pct_v1,x=25%-75%; y=25%-75%,0.0000000000,>=0.05,no
site2/train/video1frame013,EndoVis 2018,site2,train,site2/video1,13,q8_mask_center_5pct_v1,x=25%-75%; y=25%-75%,0.0393402092,>=0.05,no
site2/train/video1frame014,EndoVis 2018,site2,train,site2/video1,14,q8_mask_center_5pct_v1,x=25%-75%; y=25%-75%,0.0688690171,>=0.05,yes
site2/train/video1frame015,EndoVis 2018,site2,train,site2/video1,15,q8_mask_center_5pct_v1,x=25%-75%; y=25%-75%,0.0759155303,>=0.05,yes
site2/train/video1frame016,EndoVis 2018,site2,train,site2/video1,16,q8_mask_center_5pct_v1,x=25%-75%; y=25%-75%,0.1128051728,>=0.05,yes
site2/train/video1frame017,EndoVis 2018,site2,train,site2/video1,17,q8_mask_center_5pct_v1,x=25%-75%; y=25%-75%,0.0740112290,>=0.05,yes
site2/train/video1frame018,EndoVis 2018,site2,train,site2/video1,18,q8_mask_center_5pct_v1,x=25%-75%; y=25%-75%,0.0698974580,>=0.05,yes
site2/train/video1frame019,EndoVis 2018,site2,train,site2/video1,19,q8_mask_center_5pct_v1,x=25%-75%; y=25%-75%,0.0698974580,>=0.05,yes
site2/train/video1frame020,EndoVis 2018,site2,train,site2/video1,20,q8_mask_center_5pct_v1,x=25%-75%; y=25%-75%,0.0718658417,>=0.05,yes
site2/train/video1frame021,EndoVis 2018,site2,train,site2/video1,21,q8_mask_center_5pct_v1,x=25%-75%; y=25%-75%,0.0646881089,>=0.05,yes
site2/train/video1frame022,EndoVis 2018,site2,train,site2/video1,22,q8_mask_center_5pct_v1,x=25%-75%; y=25%-75%,0.0706298798,>=0.05,yes
site2/train/video1frame023,EndoVis 2018,site2,train,site2/video1,23,q8_mask_center_5pct_v1,x=25%-75%; y=25%-75%,0.0629364029,>=0.05,yes
site2/train/video1frame024,EndoVis 2018,site2,train,site2/video1,24,q8_mask_center_5pct_v1,x=25%-75%; y=25%-75%,0.1186859161,>=0.05,yes
site2/train/video1frame025,EndoVis 2018,site2,train,site2/video1,25,q8_mask_center_5pct_v1,x=25%-75%; y=25%-75%,0.0791198760,>=0.05,yes
site2/train/video1frame026,EndoVis 2018,site2,train,site2/video1,26,q8_mask_center_5pct_v1,x=25%-75%; y=25%-75%,0.0852233917,>=0.05,yes
site2/train/video1frame027,EndoVis 2018,site2,train,site2/video1,27,q8_mask_center_5pct_v1,x=25%-75%; y=25%-75%,0.0823516846,>=0.05,yes
site2/train/video1frame028,EndoVis 2018,site2,train,site2/video1,28,q8_mask_center_5pct_v1,x=25%-75%; y=25%-75%,0.0765502900,>=0.05,yes
site2/train/video1frame029,EndoVis 2018,site2,train,site2/video1,29,q8_mask_center_5pct_v1,x=25%-75%; y=25%-75%,0.0464111343,>=0.05,no
site2/train/video1frame030,EndoVis 2018,site2,train,site2/video1,30,q8_mask_center_5pct_v1,x=25%-75%; y=25%-75%,0.0367828384,>=0.05,no
site2/train/video1frame031,EndoVis 2018,site2,train,site2/video1,31,q8_mask_center_5pct_v1,x=25%-75%; y=25%-75%,0.0365539566,>=0.05,no
site2/train/video1frame032,EndoVis 2018,site2,train,site2/video1,32,q8_mask_center_5pct_v1,x=25%-75%; y=25%-75%,0.0584045425,>=0.05,yes
site2/train/video1frame033,EndoVis 2018,site2,train,site2/video1,33,q8_mask_center_5pct_v1,x=25%-75%; y=25%-75%,0.2218841612,>=0.05,yes
site2/train/video1frame034,EndoVis 2018,site2,train,site2/video1,34,q8_mask_center_5pct_v1,x=25%-75%; y=25%-75%,0.1604247987,>=0.05,yes
site2/train/video1frame035,EndoVis 2018,site2,train,site2/video1,35,q8_mask_center_5pct_v1,x=25%-75%; y=25%-75%,0.0885742158,>=0.05,yes
site2/train/video1frame036,EndoVis 2018,site2,train,site2/video1,36,q8_mask_center_5pct_v1,x=25%-75%; y=25%-75%,0.1250396669,>=0.05,yes
site2/train/video1frame037,EndoVis 2018,site2,train,site2/video1,37,q8_mask_center_5pct_v1,x=25%-75%; y=25%-75%,0.0885742158,>=0.05,yes
site2/train/video1frame038,EndoVis 2018,site2,train,site2/video1,38,q8_mask_center_5pct_v1,x=25%-75%; y=25%-75%,0.0885742158,>=0.05,yes
site2/train/video1frame039,EndoVis 2018,site2,train,site2/video1,39,q8_mask_center_5pct_v1,x=25%-75%; y=25%-75%,0.1302703917,>=0.05,yes
site2/train/video1frame040,EndoVis 2018,site2,train,site2/video1,40,q8_mask_center_5pct_v1,x=25%-75%; y=25%-75%,0.1085388213,>=0.05,yes
site2/train/video1frame041,EndoVis 2018,site2,train,site2/video1,41,q8_mask_center_5pct_v1,x=25%-75%; y=25%-75%,0.0313323960,>=0.05,no
site2/train/video1frame042,EndoVis 2018,site2,train,site2/video1,42,q8_mask_center_5pct_v1,x=25%-75%; y=25%-75%,0.0458160415,>=0.05,no
site2/train/video1frame043,EndoVis 2018,site2,train,site2/video1,43,q8_mask_center_5pct_v1,x=25%-75%; y=25%-75%,0.0712280273,>=0.05,yes
site2/train/video1frame044,EndoVis 2018,site2,train,site2/video1,44,q8_mask_center_5pct_v1,x=25%-75%; y=25%-75%,0.0783325210,>=0.05,yes
site2/train/video1frame045,EndoVis 2018,site2,train,site2/video1,45,q8_mask_center_5pct_v1,x=25%-75%; y=25%-75%,0.0812530518,>=0.05,yes
site2/train/video1frame046,EndoVis 2018,site2,train,site2/video1,46,q8_mask_center_5pct_v1,x=25%-75%; y=25%-75%,0.0856079087,>=0.05,yes
site2/train/video1frame047,EndoVis 2018,site2,train,site2/video1,47,q8_mask_center_5pct_v1,x=25%-75%; y=25%-75%,0.0768432617,>=0.05,yes
site2/train/video1frame048,EndoVis 2018,site2,train,site2/video1,48,q8_mask_center_5pct_v1,x=25%-75%; y=25%-75%,0.0832672119,>=0.05,yes
site2/train/video1frame049,EndoVis 2018,site2,train,site2/video1,49,q8_mask_center_5pct_v1,x=25%-75%; y=25%-75%,0.0548675545,>=0.05,yes
site2/train/video1frame050,EndoVis 2018,site2,train,site2/video1,50,q8_mask_center_5pct_v1,x=25%-75%; y=25%-75%,0.0201873779,>=0.05,no
site2/train/video1frame051,EndoVis 2018,site2,train,site2/video1,51,q8_mask_center_5pct_v1,x=25%-75%; y=25%-75%,0.0318389907,>=0.05,no
site2/train/video1frame052,EndoVis 2018,site2,train,site2/video1,52,q8_mask_center_5pct_v1,x=25%-75%; y=25%-75%,0.0221466068,>=0.05,no
site2/train/video1frame053,EndoVis 2018,site2,train,site2/video1,53,q8_mask_center_5pct_v1,x=25%-75%; y=25%-75%,0.0410125740,>=0.05,no
site2/train/video1frame054,EndoVis 2018,site2,train,site2/video1,54,q8_mask_center_5pct_v1,x=25%-75%; y=25%-75%,0.0331878662,>=0.05,no
site2/train/video1frame055,EndoVis 2018,site2,train,site2/video1,55,q8_mask_center_5pct_v1,x=25%-75%; y=25%-75%,0.0399658196,>=0.05,no
site2/train/video1frame056,EndoVis 2018,site2,train,site2/video1,56,q8_mask_center_5pct_v1,x=25%-75%; y=25%-75%,0.0640777573,>=0.05,yes
site2/train/video1frame057,EndoVis 2018,site2,train,site2/video1,57,q8_mask_center_5pct_v1,x=25%-75%; y=25%-75%,0.0497192368,>=0.05,no
site2/train/video1frame058,EndoVis 2018,site2,train,site2/video1,58,q8_mask_center_5pct_v1,x=25%-75%; y=25%-75%,0.0867004395,>=0.05,yes
site2/train/video1frame059,EndoVis 2018,site2,train,site2/video1,59,q8_mask_center_5pct_v1,x=25%-75%; y=25%-75%,0.0842254609,>=0.05,yes
site2/train/video1frame060,EndoVis 2018,site2,train,site2/video1,60,q8_mask_center_5pct_v1,x=25%-75%; y=25%-75%,0.0672851577,>=0.05,yes
site2/train/video1frame061,EndoVis 2018,site2,train,site2/video1,61,q8_mask_center_5pct_v1,x=25%-75%; y=25%-75%,0.1272338927,>=0.05,yes
site2/train/video1frame062,EndoVis 2018,site2,train,site2/video1,62,q8_mask_center_5pct_v1,x=25%-75%; y=25%-75%,0.1573425233,>=0.05,yes
site2/train/video1frame063,EndoVis 2018,site2,train,site2/video1,63,q8_mask_center_5pct_v1,x=25%-75%; y=25%-75%,0.2254974395,>=0.05,yes
site2/train/video1frame064,EndoVis 2018,site2,train,site2/video1,64,q8_mask_center_5pct_v1,x=25%-75%; y=25%-75%,0.2076202333,>=0.05,yes
site2/train/video1frame065,EndoVis 2018,site2,train,site2/video1,65,q8_mask_center_5pct_v1,x=25%-75%; y=25%-75%,0.1220794693,>=0.05,yes
site2/train/video1frame066,EndoVis 2018,site2,train,site2/video1,66,q8_mask_center_5pct_v1,x=25%-75%; y=25%-75%,0.1299469024,>=0.05,yes
site2/train/video1frame067,EndoVis 2018,site2,train,site2/video1,67,q8_mask_center_5pct_v1,x=25%-75%; y=25%-75%,0.2231262177,>=0.05,yes
site2/train/video1frame068,EndoVis 2018,site2,train,site2/video1,68,q8_mask_center_5pct_v1,x=25%-75%; y=25%-75%,0.2648773193,>=0.05,yes
site2/train/video1frame069,EndoVis 2018,site2,train,site2/video1,69,q8_mask_center_5pct_v1,x=25%-75%; y=25%-75%,0.1366943419,>=0.05,yes
site2/train/video1frame070,EndoVis 2018,site2,train,site2/video1,70,q8_mask_center_5pct_v1,x=25%-75%; y=25%-75%,0.2609344423,>=0.05,yes
site2/train/video1frame071,EndoVis 2018,site2,train,site2/video1,71,q8_mask_center_5pct_v1,x=25%-75%; y=25%-75%,0.2895630002,>=0.05,yes
site2/train/video1frame072,EndoVis 2018,site2,train,site2/video1,72,q8_mask_center_5pct_v1,x=25%-75%; y=25%-75%,0.4635162354,>=0.05,yes
site2/train/video1frame073,EndoVis 2018,site2,train,site2/video1,73,q8_mask_center_5pct_v1,x=25%-75%; y=25%-75%,0.2277374268,>=0.05,yes
site2/train/video1frame074,EndoVis 2018,site2,train,site2/video1,74,q8_mask_center_5pct_v1,x=25%-75%; y=25%-75%,0.1778320372,>=0.05,yes
site2/train/video1frame075,EndoVis 2018,site2,train,site2/video1,75,q8_mask_center_5pct_v1,x=25%-75%; y=25%-75%,0.2411346436,>=0.05,yes
site2/train/video1frame076,EndoVis 2018,site2,train,site2/video1,76,q8_mask_center_5pct_v1,x=25%-75%; y=25%-75%,0.2180633545,>=0.05,yes
site2/train/video1frame077,EndoVis 2018,site2,train,site2/video1,77,q8_mask_center_5pct_v1,x=25%-75%; y=25%-75%,0.3135772645,>=0.05,yes
site2/train/video1frame078,EndoVis 2018,site2,train,site2/video1,78,q8_mask_center_5pct_v1,x=25%-75%; y=25%-75%,0.2218353301,>=0.05,yes
site2/train/video1frame079,EndoVis 2018,site2,train,site2/video1,79,q8_mask_center_5pct_v1,x=25%-75%; y=25%-75%,0.1242675781,>=0.05,yes
site2/train/video1frame080,EndoVis 2018,site2,train,site2/video1,80,q8_mask_center_5pct_v1,x=25%-75%; y=25%-75%,0.2539398074,>=0.05,yes
site2/train/video1frame081,EndoVis 2018,site2,train,site2/video1,81,q8_mask_center_5pct_v1,x=25%-75%; y=25%-75%,0.1532836854,>=0.05,yes
site2/train/video1frame082,EndoVis 2018,site2,train,site2/video1,82,q8_mask_center_5pct_v1,x=25%-75%; y=25%-75%,0.1684966981,>=0.05,yes
site2/train/video1frame083,EndoVis 2018,site2,train,site2/video1,83,q8_mask_center_5pct_v1,x=25%-75%; y=25%-75%,0.1178466827,>=0.05,yes
site2/train/video1frame084,EndoVis 2018,site2,train,site2/video1,84,q8_mask_center_5pct_v1,x=25%-75%; y=25%-75%,0.0102539062,>=0.05,no
site2/train/video1frame085,EndoVis 2018,site2,train,site2/video1,85,q8_mask_center_5pct_v1,x=25%-75%; y=25%-75%,0.0289855953,>=0.05,no
site2/train/video1frame086,EndoVis 2018,site2,train,site2/video1,86,q8_mask_center_5pct_v1,x=25%-75%; y=25%-75%,0.0000000000,>=0.05,no
site2/train/video1frame087,EndoVis 2018,site2,train,site2/video1,87,q8_mask_center_5pct_v1,x=25%-75%; y=25%-75%,0.0050384523,>=0.05,no
site2/train/video1frame088,EndoVis 2018,site2,train,site2/video1,88,q8_mask_center_5pct_v1,x=25%-75%; y=25%-75%,0.0000000000,>=0.05,no
site2/train/video1frame089,EndoVis 2018,site2,train,site2/video1,89,q8_mask_center_5pct_v1,x=25%-75%; y=25%-75%,0.0000000000,>=0.05,no
site2/train/video1frame090,EndoVis 2018,site2,train,site2/video1,90,q8_mask_center_5pct_v1,x=25%-75%; y=25%-75%,0.0037231445,>=0.05,no
site2/train/video1frame091,EndoVis 2018,site2,train,site2/video1,91,q8_mask_center_5pct_v1,x=25%-75%; y=25%-75%,0.0000000000,>=0.05,no
site2/train/video1frame092,EndoVis 2018,site2,train,site2/video1,92,q8_mask_center_5pct_v1,x=25%-75%; y=25%-75%,0.0185791012,>=0.05,no
site2/train/video1frame093,EndoVis 2018,site2,train,site2/video1,93,q8_mask_center_5pct_v1,x=25%-75%; y=25%-75%,0.0235260017,>=0.05,no
site2/train/video1frame094,EndoVis 2018,site2,train,site2/video1,94,q8_mask_center_5pct_v1,x=25%-75%; y=25%-75%,0.0000000000,>=0.05,no
site2/train/video1frame095,EndoVis 2018,site2,train,site2/video1,95,q8_mask_center_5pct_v1,x=25%-75%; y=25%-75%,0.0145935062,>=0.05,no
site2/train/video1frame096,EndoVis 2018,site2,train,site2/video1,96,q8_mask_center_5pct_v1,x=25%-75%; y=25%-75%,0.0110900877,>=0.05,no
site2/train/video1frame097,EndoVis 2018,site2,train,site2/video1,97,q8_mask_center_5pct_v1,x=25%-75%; y=25%-75%,0.0000000000,>=0.05,no
site2/train/video1frame098,EndoVis 2018,site2,train,site2/video1,98,q8_mask_center_5pct_v1,x=25%-75%; y=25%-75%,0.0459136963,>=0.05,no
site2/train/video1frame099,EndoVis 2018,site2,train,site2/video1,99,q8_mask_center_5pct_v1,x=25%-75%; y=25%-75%,0.0283843987,>=0.05,no
site2/train/video1frame100,EndoVis 2018,site2,train,site2/video1,100,q8_mask_center_5pct_v1,x=25%-75%; y=25%-75%,0.0031433105,>=0.05,no
site2/train/video1frame101,EndoVis 2018,site2,train,site2/video1,101,q8_mask_center_5pct_v1,x=25%-75%; y=25%-75%,0.0262054447,>=0.05,no
site2/train/video1frame102,EndoVis 2018,site2,train,site2/video1,102,q8_mask_center_5pct_v1,x=25%-75%; y=25%-75%,0.0943084732,>=0.05,yes
site2/train/video1frame103,EndoVis 2018,site2,train,site2/video1,103,q8_mask_center_5pct_v1,x=25%-75%; y=25%-75%,0.0176757816,>=0.05,no
site2/train/video1frame104,EndoVis 2018,site2,train,site2/video1,104,q8_mask_center_5pct_v1,x=25%-75%; y=25%-75%,0.0172637943,>=0.05,no
site2/train/video1frame105,EndoVis 2018,site2,train,site2/video1,105,q8_mask_center_5pct_v1,x=25%-75%; y=25%-75%,0.0000000000,>=0.05,no
site2/train/video1frame106,EndoVis 2018,site2,train,site2/video1,106,q8_mask_center_5pct_v1,x=25%-75%; y=25%-75%,0.1119445786,>=0.05,yes
site2/train/video1frame107,EndoVis 2018,site2,train,site2/video1,107,q8_mask_center_5pct_v1,x=25%-75%; y=25%-75%,0.0654907227,>=0.05,yes
site2/train/video1frame108,EndoVis 2018,site2,train,site2/video1,108,q8_mask_center_5pct_v1,x=25%-75%; y=25%-75%,0.0083892820,>=0.05,no
site2/train/video1frame109,EndoVis 2018,site2,train,site2/video1,109,q8_mask_center_5pct_v1,x=25%-75%; y=25%-75%,0.0440338142,>=0.05,no
site2/train/video1frame110,EndoVis 2018,site2,train,site2/video1,110,q8_mask_center_5pct_v1,x=25%-75%; y=25%-75%,0.0052093505,>=0.05,no
site2/train/video1frame111,EndoVis 2018,site2,train,site2/video1,111,q8_mask_center_5pct_v1,x=25%-75%; y=25%-75%,0.1001922637,>=0.05,yes
site2/train/video1frame112,EndoVis 2018,site2,train,site2/video1,112,q8_mask_center_5pct_v1,x=25%-75%; y=25%-75%,0.0850616470,>=0.05,yes
site2/train/video1frame113,EndoVis 2018,site2,train,site2/video1,113,q8_mask_center_5pct_v1,x=25%-75%; y=25%-75%,0.0555511490,>=0.05,yes
site2/train/video1frame114,EndoVis 2018,site2,train,site2/video1,114,q8_mask_center_5pct_v1,x=25%-75%; y=25%-75%,0.1004943848,>=0.05,yes
site2/train/video1frame115,EndoVis 2018,site2,train,site2/video1,115,q8_mask_center_5pct_v1,x=25%-75%; y=25%-75%,0.1405090392,>=0.05,yes
site2/train/video1frame116,EndoVis 2018,site2,train,site2/video1,116,q8_mask_center_5pct_v1,x=25%-75%; y=25%-75%,0.2265075743,>=0.05,yes
site2/train/video1frame117,EndoVis 2018,site2,train,site2/video1,117,q8_mask_center_5pct_v1,x=25%-75%; y=25%-75%,0.2751617432,>=0.05,yes
site2/train/video1frame118,EndoVis 2018,site2,train,site2/video1,118,q8_mask_center_5pct_v1,x=25%-75%; y=25%-75%,0.4154480100,>=0.05,yes
site2/train/video1frame119,EndoVis 2018,site2,train,site2/video1,119,q8_mask_center_5pct_v1,x=25%-75%; y=25%-75%,0.2101898193,>=0.05,yes
site2/train/video1frame120,EndoVis 2018,site2,train,site2/video1,120,q8_mask_center_5pct_v1,x=25%-75%; y=25%-75%,0.2364257872,>=0.05,yes
site2/train/video1frame121,EndoVis 2018,site2,train,site2/video1,121,q8_mask_center_5pct_v1,x=25%-75%; y=25%-75%,0.2686706483,>=0.05,yes
site2/train/video1frame122,EndoVis 2018,site2,train,site2/video1,122,q8_mask_center_5pct_v1,x=25%-75%; y=25%-75%,0.2520965636,>=0.05,yes
site2/train/video1frame123,EndoVis 2018,site2,train,site2/video1,123,q8_mask_center_5pct_v1,x=25%-75%; y=25%-75%,0.6705474854,>=0.05,yes
site2/train/video1frame124,EndoVis 2018,site2,train,site2/video1,124,q8_mask_center_5pct_v1,x=25%-75%; y=25%-75%,0.1096740738,>=0.05,yes
site2/train/video1frame125,EndoVis 2018,site2,train,site2/video1,125,q8_mask_center_5pct_v1,x=25%-75%; y=25%-75%,0.2443023622,>=0.05,yes
site2/train/video1frame126,EndoVis 2018,site2,train,site2/video1,126,q8_mask_center_5pct_v1,x=25%-75%; y=25%-75%,0.1627532989,>=0.05,yes
site2/train/video1frame127,EndoVis 2018,site2,train,site2/video1,127,q8_mask_center_5pct_v1,x=25%-75%; y=25%-75%,0.2001678497,>=0.05,yes
site2/train/video1frame128,EndoVis 2018,site2,train,site2/video1,128,q8_mask_center_5pct_v1,x=25%-75%; y=25%-75%,0.2228027284,>=0.05,yes
site2/train/video1frame129,EndoVis 2018,site2,train,site2/video1,129,q8_mask_center_5pct_v1,x=25%-75%; y=25%-75%,0.1909759492,>=0.05,yes
site2/train/video1frame130,EndoVis 2018,site2,train,site2/video1,130,q8_mask_center_5pct_v1,x=25%-75%; y=25%-75%,0.1514404267,>=0.05,yes
site2/train/video1frame131,EndoVis 2018,site2,train,site2/video1,131,q8_mask_center_5pct_v1,x=25%-75%; y=25%-75%,0.0675231963,>=0.05,yes
site2/train/video1frame132,EndoVis 2018,site2,train,site2/video1,132,q8_mask_center_5pct_v1,x=25%-75%; y=25%-75%,0.1737213135,>=0.05,yes
site2/train/video1frame133,EndoVis 2018,site2,train,site2/video1,133,q8_mask_center_5pct_v1,x=25%-75%; y=25%-75%,0.0645873994,>=0.05,yes
site2/train/video1frame134,EndoVis 2018,site2,train,site2/video1,134,q8_mask_center_5pct_v1,x=25%-75%; y=25%-75%,0.0880096406,>=0.05,yes
site2/train/video1frame135,EndoVis 2018,site2,train,site2/video1,135,q8_mask_center_5pct_v1,x=25%-75%; y=25%-75%,0.0321899429,>=0.05,no
site2/train/video1frame136,EndoVis 2018,site2,train,site2/video1,136,q8_mask_center_5pct_v1,x=25%-75%; y=25%-75%,0.1430389434,>=0.05,yes
site2/train/video1frame137,EndoVis 2018,site2,train,site2/video1,137,q8_mask_center_5pct_v1,x=25%-75%; y=25%-75%,0.1552459747,>=0.05,yes
site2/train/video1frame138,EndoVis 2018,site2,train,site2/video1,138,q8_mask_center_5pct_v1,x=25%-75%; y=25%-75%,0.1413269043,>=0.05,yes
site2/train/video1frame139,EndoVis 2018,site2,train,site2/video1,139,q8_mask_center_5pct_v1,x=25%-75%; y=25%-75%,0.2252166718,>=0.05,yes
site2/train/video1frame140,EndoVis 2018,site2,train,site2/video1,140,q8_mask_center_5pct_v1,x=25%-75%; y=25%-75%,0.2291748077,>=0.05,yes
site2/train/video1frame141,EndoVis 2018,site2,train,site2/video1,141,q8_mask_center_5pct_v1,x=25%-75%; y=25%-75%,0.1818542480,>=0.05,yes
site2/train/video1frame142,EndoVis 2018,site2,train,site2/video1,142,q8_mask_center_5pct_v1,x=25%-75%; y=25%-75%,0.2890869081,>=0.05,yes
site2/train/video1frame143,EndoVis 2018,site2,train,site2/video1,143,q8_mask_center_5pct_v1,x=25%-75%; y=25%-75%,0.0280212406,>=0.05,no
site2/train/video1frame144,EndoVis 2018,site2,train,site2/video1,144,q8_mask_center_5pct_v1,x=25%-75%; y=25%-75%,0.2600890994,>=0.05,yes
site2/train/video1frame145,EndoVis 2018,site2,train,site2/video1,145,q8_mask_center_5pct_v1,x=25%-75%; y=25%-75%,0.2579315305,>=0.05,yes
site2/train/video1frame146,EndoVis 2018,site2,train,site2/video1,146,q8_mask_center_5pct_v1,x=25%-75%; y=25%-75%,0.1724609435,>=0.05,yes
site2/train/video1frame147,EndoVis 2018,site2,train,site2/video1,147,q8_mask_center_5pct_v1,x=25%-75%; y=25%-75%,0.1303497255,>=0.05,yes
site2/train/video1frame148,EndoVis 2018,site2,train,site2/video1,148,q8_mask_center_5pct_v1,x=25%-75%; y=25%-75%,0.2820709348,>=0.05,yes
site2/train/video2frame000,EndoVis 2018,site2,train,site2/video2,0,q8_mask_center_5pct_v1,x=25%-75%; y=25%-75%,0.1588958800,>=0.05,yes
site2/train/video2frame001,EndoVis 2018,site2,train,site2/video2,1,q8_mask_center_5pct_v1,x=25%-75%; y=25%-75%,0.1588958800,>=0.05,yes
site2/train/video2frame002,EndoVis 2018,site2,train,site2/video2,2,q8_mask_center_5pct_v1,x=25%-75%; y=25%-75%,0.1456787139,>=0.05,yes
site2/train/video2frame003,EndoVis 2018,site2,train,site2/video2,3,q8_mask_center_5pct_v1,x=25%-75%; y=25%-75%,0.0730865449,>=0.05,yes
site2/train/video2frame004,EndoVis 2018,site2,train,site2/video2,4,q8_mask_center_5pct_v1,x=25%-75%; y=25%-75%,0.0990997329,>=0.05,yes
site2/train/video2frame005,EndoVis 2018,site2,train,site2/video2,5,q8_mask_center_5pct_v1,x=25%-75%; y=25%-75%,0.1843048036,>=0.05,yes
site2/train/video2frame006,EndoVis 2018,site2,train,site2/video2,6,q8_mask_center_5pct_v1,x=25%-75%; y=25%-75%,0.2212524414,>=0.05,yes
site2/train/video2frame007,EndoVis 2018,site2,train,site2/video2,7,q8_mask_center_5pct_v1,x=25%-75%; y=25%-75%,0.1462005675,>=0.05,yes
site2/train/video2frame008,EndoVis 2018,site2,train,site2/video2,8,q8_mask_center_5pct_v1,x=25%-75%; y=25%-75%,0.0912414566,>=0.05,yes
site2/train/video2frame009,EndoVis 2018,site2,train,site2/video2,9,q8_mask_center_5pct_v1,x=25%-75%; y=25%-75%,0.0987518281,>=0.05,yes
site2/train/video2frame010,EndoVis 2018,site2,train,site2/video2,10,q8_mask_center_5pct_v1,x=25%-75%; y=25%-75%,0.1633911133,>=0.05,yes
site2/train/video2frame011,EndoVis 2018,site2,train,site2/video2,11,q8_mask_center_5pct_v1,x=25%-75%; y=25%-75%,0.1805511415,>=0.05,yes
site2/train/video2frame012,EndoVis 2018,site2,train,site2/video2,12,q8_mask_center_5pct_v1,x=25%-75%; y=25%-75%,0.1214874238,>=0.05,yes
site2/train/video2frame013,EndoVis 2018,site2,train,site2/video2,13,q8_mask_center_5pct_v1,x=25%-75%; y=25%-75%,0.3499847353,>=0.05,yes
site2/train/video2frame014,EndoVis 2018,site2,train,site2/video2,14,q8_mask_center_5pct_v1,x=25%-75%; y=25%-75%,0.4996704161,>=0.05,yes
site2/train/video2frame015,EndoVis 2018,site2,train,site2/video2,15,q8_mask_center_5pct_v1,x=25%-75%; y=25%-75%,0.1301971376,>=0.05,yes
site2/train/video2frame016,EndoVis 2018,site2,train,site2/video2,16,q8_mask_center_5pct_v1,x=25%-75%; y=25%-75%,0.4881744385,>=0.05,yes
site2/train/video2frame017,EndoVis 2018,site2,train,site2/video2,17,q8_mask_center_5pct_v1,x=25%-75%; y=25%-75%,0.0929992646,>=0.05,yes
site2/train/video2frame018,EndoVis 2018,site2,train,site2/video2,18,q8_mask_center_5pct_v1,x=25%-75%; y=25%-75%,0.1642272919,>=0.05,yes
site2/train/video2frame019,EndoVis 2018,site2,train,site2/video2,19,q8_mask_center_5pct_v1,x=25%-75%; y=25%-75%,0.2799377441,>=0.05,yes
site2/train/video2frame020,EndoVis 2018,site2,train,site2/video2,20,q8_mask_center_5pct_v1,x=25%-75%; y=25%-75%,0.2294372618,>=0.05,yes
site2/train/video2frame021,EndoVis 2018,site2,train,site2/video2,21,q8_mask_center_5pct_v1,x=25%-75%; y=25%-75%,0.2447265685,>=0.05,yes
site2/train/video2frame022,EndoVis 2018,site2,train,site2/video2,22,q8_mask_center_5pct_v1,x=25%-75%; y=25%-75%,0.2041748017,>=0.05,yes
site2/train/video2frame023,EndoVis 2018,site2,train,site2/video2,23,q8_mask_center_5pct_v1,x=25%-75%; y=25%-75%,0.1125305146,>=0.05,yes
site2/train/video2frame024,EndoVis 2018,site2,train,site2/video2,24,q8_mask_center_5pct_v1,x=25%-75%; y=25%-75%,0.1027465835,>=0.05,yes
site2/train/video2frame025,EndoVis 2018,site2,train,site2/video2,25,q8_mask_center_5pct_v1,x=25%-75%; y=25%-75%,0.0750579834,>=0.05,yes
site2/train/video2frame026,EndoVis 2018,site2,train,site2/video2,26,q8_mask_center_5pct_v1,x=25%-75%; y=25%-75%,0.0673400909,>=0.05,yes
site2/train/video2frame027,EndoVis 2018,site2,train,site2/video2,27,q8_mask_center_5pct_v1,x=25%-75%; y=25%-75%,0.0871307403,>=0.05,yes
site2/train/video2frame028,EndoVis 2018,site2,train,site2/video2,28,q8_mask_center_5pct_v1,x=25%-75%; y=25%-75%,0.2174957246,>=0.05,yes
site2/train/video2frame029,EndoVis 2018,site2,train,site2/video2,29,q8_mask_center_5pct_v1,x=25%-75%; y=25%-75%,0.1196380630,>=0.05,yes
site2/train/video2frame030,EndoVis 2018,site2,train,site2/video2,30,q8_mask_center_5pct_v1,x=25%-75%; y=25%-75%,0.0547485352,>=0.05,yes
site2/train/video2frame031,EndoVis 2018,site2,train,site2/video2,31,q8_mask_center_5pct_v1,x=25%-75%; y=25%-75%,0.0740112290,>=0.05,yes
site2/train/video2frame032,EndoVis 2018,site2,train,site2/video2,32,q8_mask_center_5pct_v1,x=25%-75%; y=25%-75%,0.0296569820,>=0.05,no
site2/train/video2frame033,EndoVis 2018,site2,train,site2/video2,33,q8_mask_center_5pct_v1,x=25%-75%; y=25%-75%,0.0177673344,>=0.05,no
site2/train/video2frame034,EndoVis 2018,site2,train,site2/video2,34,q8_mask_center_5pct_v1,x=25%-75%; y=25%-75%,0.0518371575,>=0.05,yes
site2/train/video2frame035,EndoVis 2018,site2,train,site2/video2,35,q8_mask_center_5pct_v1,x=25%-75%; y=25%-75%,0.0996734649,>=0.05,yes
site2/train/video2frame036,EndoVis 2018,site2,train,site2/video2,36,q8_mask_center_5pct_v1,x=25%-75%; y=25%-75%,0.0441955552,>=0.05,no
site2/train/video2frame037,EndoVis 2018,site2,train,site2/video2,37,q8_mask_center_5pct_v1,x=25%-75%; y=25%-75%,0.1552062929,>=0.05,yes
site2/train/video2frame038,EndoVis 2018,site2,train,site2/video2,38,q8_mask_center_5pct_v1,x=25%-75%; y=25%-75%,0.0618041977,>=0.05,yes
site2/train/video2frame039,EndoVis 2018,site2,train,site2/video2,39,q8_mask_center_5pct_v1,x=25%-75%; y=25%-75%,0.0338012688,>=0.05,no
site2/train/video2frame040,EndoVis 2018,site2,train,site2/video2,40,q8_mask_center_5pct_v1,x=25%-75%; y=25%-75%,0.1792327911,>=0.05,yes
site2/train/video2frame041,EndoVis 2018,site2,train,site2/video2,41,q8_mask_center_5pct_v1,x=25%-75%; y=25%-75%,0.0859466568,>=0.05,yes
site2/train/video2frame042,EndoVis 2018,site2,train,site2/video2,42,q8_mask_center_5pct_v1,x=25%-75%; y=25%-75%,0.0579162613,>=0.05,yes
site2/train/video2frame043,EndoVis 2018,site2,train,site2/video2,43,q8_mask_center_5pct_v1,x=25%-75%; y=25%-75%,0.1786132753,>=0.05,yes
site2/train/video2frame044,EndoVis 2018,site2,train,site2/video2,44,q8_mask_center_5pct_v1,x=25%-75%; y=25%-75%,0.0505889878,>=0.05,yes
site2/train/video2frame045,EndoVis 2018,site2,train,site2/video2,45,q8_mask_center_5pct_v1,x=25%-75%; y=25%-75%,0.0951812714,>=0.05,yes
site2/train/video2frame046,EndoVis 2018,site2,train,site2/video2,46,q8_mask_center_5pct_v1,x=25%-75%; y=25%-75%,0.1529205292,>=0.05,yes
site2/train/video2frame047,EndoVis 2018,site2,train,site2/video2,47,q8_mask_center_5pct_v1,x=25%-75%; y=25%-75%,0.1705322266,>=0.05,yes
site2/train/video2frame048,EndoVis 2018,site2,train,site2/video2,48,q8_mask_center_5pct_v1,x=25%-75%; y=25%-75%,0.1714446992,>=0.05,yes
site2/train/video2frame049,EndoVis 2018,site2,train,site2/video2,49,q8_mask_center_5pct_v1,x=25%-75%; y=25%-75%,0.1080413833,>=0.05,yes
site2/train/video2frame050,EndoVis 2018,site2,train,site2/video2,50,q8_mask_center_5pct_v1,x=25%-75%; y=25%-75%,0.0896362290,>=0.05,yes
site2/train/video2frame051,EndoVis 2018,site2,train,site2/video2,51,q8_mask_center_5pct_v1,x=25%-75%; y=25%-75%,0.2139587402,>=0.05,yes
site2/train/video2frame052,EndoVis 2018,site2,train,site2/video2,52,q8_mask_center_5pct_v1,x=25%-75%; y=25%-75%,0.2095611542,>=0.05,yes
site2/train/video2frame053,EndoVis 2018,site2,train,site2/video2,53,q8_mask_center_5pct_v1,x=25%-75%; y=25%-75%,0.2189544737,>=0.05,yes
site2/train/video2frame054,EndoVis 2018,site2,train,site2/video2,54,q8_mask_center_5pct_v1,x=25%-75%; y=25%-75%,0.2303344756,>=0.05,yes
site2/train/video2frame055,EndoVis 2018,site2,train,site2/video2,55,q8_mask_center_5pct_v1,x=25%-75%; y=25%-75%,0.2051879913,>=0.05,yes
site2/train/video2frame056,EndoVis 2018,site2,train,site2/video2,56,q8_mask_center_5pct_v1,x=25%-75%; y=25%-75%,0.2427978516,>=0.05,yes
site2/train/video2frame057,EndoVis 2018,site2,train,site2/video2,57,q8_mask_center_5pct_v1,x=25%-75%; y=25%-75%,0.2356231660,>=0.05,yes
site2/train/video2frame058,EndoVis 2018,site2,train,site2/video2,58,q8_mask_center_5pct_v1,x=25%-75%; y=25%-75%,0.2555297911,>=0.05,yes
site2/train/video2frame059,EndoVis 2018,site2,train,site2/video2,59,q8_mask_center_5pct_v1,x=25%-75%; y=25%-75%,0.2102996856,>=0.05,yes
site2/train/video2frame060,EndoVis 2018,site2,train,site2/video2,60,q8_mask_center_5pct_v1,x=25%-75%; y=25%-75%,0.2093414366,>=0.05,yes
site2/train/video2frame061,EndoVis 2018,site2,train,site2/video2,61,q8_mask_center_5pct_v1,x=25%-75%; y=25%-75%,0.2269287109,>=0.05,yes
site2/train/video2frame062,EndoVis 2018,site2,train,site2/video2,62,q8_mask_center_5pct_v1,x=25%-75%; y=25%-75%,0.2908447385,>=0.05,yes
site2/train/video2frame063,EndoVis 2018,site2,train,site2/video2,63,q8_mask_center_5pct_v1,x=25%-75%; y=25%-75%,0.2339508086,>=0.05,yes
site2/train/video2frame064,EndoVis 2018,site2,train,site2/video2,64,q8_mask_center_5pct_v1,x=25%-75%; y=25%-75%,0.2125823945,>=0.05,yes
site2/train/video2frame065,EndoVis 2018,site2,train,site2/video2,65,q8_mask_center_5pct_v1,x=25%-75%; y=25%-75%,0.2559112608,>=0.05,yes
site2/train/video2frame066,EndoVis 2018,site2,train,site2/video2,66,q8_mask_center_5pct_v1,x=25%-75%; y=25%-75%,0.1692779511,>=0.05,yes
site2/train/video2frame067,EndoVis 2018,site2,train,site2/video2,67,q8_mask_center_5pct_v1,x=25%-75%; y=25%-75%,0.3123230040,>=0.05,yes
site2/train/video2frame068,EndoVis 2018,site2,train,site2/video2,68,q8_mask_center_5pct_v1,x=25%-75%; y=25%-75%,0.1312499940,>=0.05,yes
site2/train/video2frame069,EndoVis 2018,site2,train,site2/video2,69,q8_mask_center_5pct_v1,x=25%-75%; y=25%-75%,0.0579711907,>=0.05,yes
site2/train/video2frame070,EndoVis 2018,site2,train,site2/video2,70,q8_mask_center_5pct_v1,x=25%-75%; y=25%-75%,0.0158782955,>=0.05,no
site2/train/video2frame071,EndoVis 2018,site2,train,site2/video2,71,q8_mask_center_5pct_v1,x=25%-75%; y=25%-75%,0.2366424501,>=0.05,yes
site2/train/video2frame072,EndoVis 2018,site2,train,site2/video2,72,q8_mask_center_5pct_v1,x=25%-75%; y=25%-75%,0.2164764404,>=0.05,yes
site2/train/video2frame073,EndoVis 2018,site2,train,site2/video2,73,q8_mask_center_5pct_v1,x=25%-75%; y=25%-75%,0.2755828798,>=0.05,yes
site2/train/video2frame074,EndoVis 2018,site2,train,site2/video2,74,q8_mask_center_5pct_v1,x=25%-75%; y=25%-75%,0.2576141357,>=0.05,yes
site2/train/video2frame075,EndoVis 2018,site2,train,site2/video2,75,q8_mask_center_5pct_v1,x=25%-75%; y=25%-75%,0.2380432189,>=0.05,yes
site2/train/video2frame076,EndoVis 2018,site2,train,site2/video2,76,q8_mask_center_5pct_v1,x=25%-75%; y=25%-75%,0.3386230469,>=0.05,yes
site2/train/video2frame077,EndoVis 2018,site2,train,site2/video2,77,q8_mask_center_5pct_v1,x=25%-75%; y=25%-75%,0.3292968869,>=0.05,yes
site2/train/video2frame078,EndoVis 2018,site2,train,site2/video2,78,q8_mask_center_5pct_v1,x=25%-75%; y=25%-75%,0.3780059814,>=0.05,yes
site2/train/video2frame079,EndoVis 2018,site2,train,site2/video2,79,q8_mask_center_5pct_v1,x=25%-75%; y=25%-75%,0.3464508057,>=0.05,yes
site2/train/video2frame080,EndoVis 2018,site2,train,site2/video2,80,q8_mask_center_5pct_v1,x=25%-75%; y=25%-75%,0.4235382080,>=0.05,yes
site2/train/video2frame081,EndoVis 2018,site2,train,site2/video2,81,q8_mask_center_5pct_v1,x=25%-75%; y=25%-75%,0.3958526552,>=0.05,yes
site2/train/video2frame082,EndoVis 2018,site2,train,site2/video2,82,q8_mask_center_5pct_v1,x=25%-75%; y=25%-75%,0.3904113770,>=0.05,yes
site2/train/video2frame083,EndoVis 2018,site2,train,site2/video2,83,q8_mask_center_5pct_v1,x=25%-75%; y=25%-75%,0.3288543820,>=0.05,yes
site2/train/video2frame084,EndoVis 2018,site2,train,site2/video2,84,q8_mask_center_5pct_v1,x=25%-75%; y=25%-75%,0.4406524599,>=0.05,yes
site2/train/video2frame085,EndoVis 2018,site2,train,site2/video2,85,q8_mask_center_5pct_v1,x=25%-75%; y=25%-75%,0.3734436035,>=0.05,yes
site2/train/video2frame086,EndoVis 2018,site2,train,site2/video2,86,q8_mask_center_5pct_v1,x=25%-75%; y=25%-75%,0.4007140994,>=0.05,yes
site2/train/video2frame087,EndoVis 2018,site2,train,site2/video2,87,q8_mask_center_5pct_v1,x=25%-75%; y=25%-75%,0.2423004210,>=0.05,yes
site2/train/video2frame088,EndoVis 2018,site2,train,site2/video2,88,q8_mask_center_5pct_v1,x=25%-75%; y=25%-75%,0.3966735899,>=0.05,yes
site2/train/video2frame089,EndoVis 2018,site2,train,site2/video2,89,q8_mask_center_5pct_v1,x=25%-75%; y=25%-75%,0.3508972228,>=0.05,yes
site2/train/video2frame090,EndoVis 2018,site2,train,site2/video2,90,q8_mask_center_5pct_v1,x=25%-75%; y=25%-75%,0.4330535829,>=0.05,yes
site2/train/video2frame091,EndoVis 2018,site2,train,site2/video2,91,q8_mask_center_5pct_v1,x=25%-75%; y=25%-75%,0.1535003632,>=0.05,yes
site2/train/video2frame092,EndoVis 2018,site2,train,site2/video2,92,q8_mask_center_5pct_v1,x=25%-75%; y=25%-75%,0.1380218565,>=0.05,yes
site2/train/video2frame093,EndoVis 2018,site2,train,site2/video2,93,q8_mask_center_5pct_v1,x=25%-75%; y=25%-75%,0.1945190430,>=0.05,yes
site2/train/video2frame094,EndoVis 2018,site2,train,site2/video2,94,q8_mask_center_5pct_v1,x=25%-75%; y=25%-75%,0.1915527284,>=0.05,yes
site2/train/video2frame095,EndoVis 2018,site2,train,site2/video2,95,q8_mask_center_5pct_v1,x=25%-75%; y=25%-75%,0.2349456847,>=0.05,yes
site2/train/video2frame096,EndoVis 2018,site2,train,site2/video2,96,q8_mask_center_5pct_v1,x=25%-75%; y=25%-75%,0.1262390167,>=0.05,yes
site2/train/video2frame097,EndoVis 2018,site2,train,site2/video2,97,q8_mask_center_5pct_v1,x=25%-75%; y=25%-75%,0.0529632568,>=0.05,yes
site2/train/video2frame098,EndoVis 2018,site2,train,site2/video2,98,q8_mask_center_5pct_v1,x=25%-75%; y=25%-75%,0.0733459443,>=0.05,yes
site2/train/video2frame099,EndoVis 2018,site2,train,site2/video2,99,q8_mask_center_5pct_v1,x=25%-75%; y=25%-75%,0.0714080781,>=0.05,yes
site2/train/video2frame100,EndoVis 2018,site2,train,site2/video2,100,q8_mask_center_5pct_v1,x=25%-75%; y=25%-75%,0.0721343979,>=0.05,yes
site2/train/video2frame101,EndoVis 2018,site2,train,site2/video2,101,q8_mask_center_5pct_v1,x=25%-75%; y=25%-75%,0.0723114014,>=0.05,yes
site2/train/video2frame102,EndoVis 2018,site2,train,site2/video2,102,q8_mask_center_5pct_v1,x=25%-75%; y=25%-75%,0.0782531723,>=0.05,yes
site2/train/video2frame103,EndoVis 2018,site2,train,site2/video2,103,q8_mask_center_5pct_v1,x=25%-75%; y=25%-75%,0.0136871338,>=0.05,no
site2/train/video2frame104,EndoVis 2018,site2,train,site2/video2,104,q8_mask_center_5pct_v1,x=25%-75%; y=25%-75%,0.0135894772,>=0.05,no
site2/train/video2frame105,EndoVis 2018,site2,train,site2/video2,105,q8_mask_center_5pct_v1,x=25%-75%; y=25%-75%,0.0004821777,>=0.05,no
site2/train/video2frame106,EndoVis 2018,site2,train,site2/video2,106,q8_mask_center_5pct_v1,x=25%-75%; y=25%-75%,0.0005737304,>=0.05,no
site2/train/video2frame107,EndoVis 2018,site2,train,site2/video2,107,q8_mask_center_5pct_v1,x=25%-75%; y=25%-75%,0.0000000000,>=0.05,no
site2/train/video2frame108,EndoVis 2018,site2,train,site2/video2,108,q8_mask_center_5pct_v1,x=25%-75%; y=25%-75%,0.0000000000,>=0.05,no
site2/train/video2frame109,EndoVis 2018,site2,train,site2/video2,109,q8_mask_center_5pct_v1,x=25%-75%; y=25%-75%,0.0000000000,>=0.05,no
site2/train/video2frame110,EndoVis 2018,site2,train,site2/video2,110,q8_mask_center_5pct_v1,x=25%-75%; y=25%-75%,0.0000000000,>=0.05,no
site2/train/video2frame111,EndoVis 2018,site2,train,site2/video2,111,q8_mask_center_5pct_v1,x=25%-75%; y=25%-75%,0.0000000000,>=0.05,no
site2/train/video2frame112,EndoVis 2018,site2,train,site2/video2,112,q8_mask_center_5pct_v1,x=25%-75%; y=25%-75%,0.0000000000,>=0.05,no
site2/train/video2frame113,EndoVis 2018,site2,train,site2/video2,113,q8_mask_center_5pct_v1,x=25%-75%; y=25%-75%,0.0000000000,>=0.05,no
site2/train/video2frame114,EndoVis 2018,site2,train,site2/video2,114,q8_mask_center_5pct_v1,x=25%-75%; y=25%-75%,0.0000000000,>=0.05,no
site2/train/video2frame115,EndoVis 2018,site2,train,site2/video2,115,q8_mask_center_5pct_v1,x=25%-75%; y=25%-75%,0.0000000000,>=0.05,no
site2/train/video2frame116,EndoVis 2018,site2,train,site2/video2,116,q8_mask_center_5pct_v1,x=25%-75%; y=25%-75%,0.0000000000,>=0.05,no
site2/train/video2frame117,EndoVis 2018,site2,train,site2/video2,117,q8_mask_center_5pct_v1,x=25%-75%; y=25%-75%,0.0000000000,>=0.05,no
site2/train/video2frame118,EndoVis 2018,site2,train,site2/video2,118,q8_mask_center_5pct_v1,x=25%-75%; y=25%-75%,0.0000000000,>=0.05,no
site2/train/video2frame119,EndoVis 2018,site2,train,site2/video2,119,q8_mask_center_5pct_v1,x=25%-75%; y=25%-75%,0.0000000000,>=0.05,no
site2/train/video2frame120,EndoVis 2018,site2,train,site2/video2,120,q8_mask_center_5pct_v1,x=25%-75%; y=25%-75%,0.0792297348,>=0.05,yes
site2/train/video2frame121,EndoVis 2018,site2,train,site2/video2,121,q8_mask_center_5pct_v1,x=25%-75%; y=25%-75%,0.0733093247,>=0.05,yes
site2/train/video2frame122,EndoVis 2018,site2,train,site2/video2,122,q8_mask_center_5pct_v1,x=25%-75%; y=25%-75%,0.1480896026,>=0.05,yes
site2/train/video2frame123,EndoVis 2018,site2,train,site2/video2,123,q8_mask_center_5pct_v1,x=25%-75%; y=25%-75%,0.1821807921,>=0.05,yes
site2/train/video2frame124,EndoVis 2018,site2,train,site2/video2,124,q8_mask_center_5pct_v1,x=25%-75%; y=25%-75%,0.0813079849,>=0.05,yes
site2/train/video2frame125,EndoVis 2018,site2,train,site2/video2,125,q8_mask_center_5pct_v1,x=25%-75%; y=25%-75%,0.0888244659,>=0.05,yes
site2/train/video2frame126,EndoVis 2018,site2,train,site2/video2,126,q8_mask_center_5pct_v1,x=25%-75%; y=25%-75%,0.0885955840,>=0.05,yes
site2/train/video2frame127,EndoVis 2018,site2,train,site2/video2,127,q8_mask_center_5pct_v1,x=25%-75%; y=25%-75%,0.0883544907,>=0.05,yes
site2/train/video2frame128,EndoVis 2018,site2,train,site2/video2,128,q8_mask_center_5pct_v1,x=25%-75%; y=25%-75%,0.0883544907,>=0.05,yes
site2/train/video2frame129,EndoVis 2018,site2,train,site2/video2,129,q8_mask_center_5pct_v1,x=25%-75%; y=25%-75%,0.0919738784,>=0.05,yes
site2/train/video2frame130,EndoVis 2018,site2,train,site2/video2,130,q8_mask_center_5pct_v1,x=25%-75%; y=25%-75%,0.0882263184,>=0.05,yes
site2/train/video2frame131,EndoVis 2018,site2,train,site2/video2,131,q8_mask_center_5pct_v1,x=25%-75%; y=25%-75%,0.0879577622,>=0.05,yes
site2/train/video2frame132,EndoVis 2018,site2,train,site2/video2,132,q8_mask_center_5pct_v1,x=25%-75%; y=25%-75%,0.0887359604,>=0.05,yes
site2/train/video2frame133,EndoVis 2018,site2,train,site2/video2,133,q8_mask_center_5pct_v1,x=25%-75%; y=25%-75%,0.0887359604,>=0.05,yes
site2/train/video2frame134,EndoVis 2018,site2,train,site2/video2,134,q8_mask_center_5pct_v1,x=25%-75%; y=25%-75%,0.0887359604,>=0.05,yes
site2/train/video2frame135,EndoVis 2018,site2,train,site2/video2,135,q8_mask_center_5pct_v1,x=25%-75%; y=25%-75%,0.0730529800,>=0.05,yes
site2/train/video2frame136,EndoVis 2018,site2,train,site2/video2,136,q8_mask_center_5pct_v1,x=25%-75%; y=25%-75%,0.0614898689,>=0.05,yes
site2/train/video2frame137,EndoVis 2018,site2,train,site2/video2,137,q8_mask_center_5pct_v1,x=25%-75%; y=25%-75%,0.0760589615,>=0.05,yes
site2/train/video2frame138,EndoVis 2018,site2,train,site2/video2,138,q8_mask_center_5pct_v1,x=25%-75%; y=25%-75%,0.0835937485,>=0.05,yes
site2/train/video2frame139,EndoVis 2018,site2,train,site2/video2,139,q8_mask_center_5pct_v1,x=25%-75%; y=25%-75%,0.0790740997,>=0.05,yes
site2/train/video2frame140,EndoVis 2018,site2,train,site2/video2,140,q8_mask_center_5pct_v1,x=25%-75%; y=25%-75%,0.0807647705,>=0.05,yes
site2/train/video2frame141,EndoVis 2018,site2,train,site2/video2,141,q8_mask_center_5pct_v1,x=25%-75%; y=25%-75%,0.0601196289,>=0.05,yes
site2/train/video2frame142,EndoVis 2018,site2,train,site2/video2,142,q8_mask_center_5pct_v1,x=25%-75%; y=25%-75%,0.1473510712,>=0.05,yes
site2/train/video2frame143,EndoVis 2018,site2,train,site2/video2,143,q8_mask_center_5pct_v1,x=25%-75%; y=25%-75%,0.0975524932,>=0.05,yes
site2/train/video2frame144,EndoVis 2018,site2,train,site2/video2,144,q8_mask_center_5pct_v1,x=25%-75%; y=25%-75%,0.1046874970,>=0.05,yes
site2/train/video2frame145,EndoVis 2018,site2,train,site2/video2,145,q8_mask_center_5pct_v1,x=25%-75%; y=25%-75%,0.0680297837,>=0.05,yes
site2/train/video2frame146,EndoVis 2018,site2,train,site2/video2,146,q8_mask_center_5pct_v1,x=25%-75%; y=25%-75%,0.0631561279,>=0.05,yes
site2/train/video2frame147,EndoVis 2018,site2,train,site2/video2,147,q8_mask_center_5pct_v1,x=25%-75%; y=25%-75%,0.1133789048,>=0.05,yes
site2/train/video2frame148,EndoVis 2018,site2,train,site2/video2,148,q8_mask_center_5pct_v1,x=25%-75%; y=25%-75%,0.0982543975,>=0.05,yes
site2/train/video3frame000,EndoVis 2018,site2,train,site2/video3,0,q8_mask_center_5pct_v1,x=25%-75%; y=25%-75%,0.0071624755,>=0.05,no
site2/train/video3frame001,EndoVis 2018,site2,train,site2/video3,1,q8_mask_center_5pct_v1,x=25%-75%; y=25%-75%,0.0434173569,>=0.05,no
site2/train/video3frame002,EndoVis 2018,site2,train,site2/video3,2,q8_mask_center_5pct_v1,x=25%-75%; y=25%-75%,0.0944641083,>=0.05,yes
site2/train/video3frame003,EndoVis 2018,site2,train,site2/video3,3,q8_mask_center_5pct_v1,x=25%-75%; y=25%-75%,0.0738555938,>=0.05,yes
site2/train/video3frame004,EndoVis 2018,site2,train,site2/video3,4,q8_mask_center_5pct_v1,x=25%-75%; y=25%-75%,0.1535522491,>=0.05,yes
site2/train/video3frame005,EndoVis 2018,site2,train,site2/video3,5,q8_mask_center_5pct_v1,x=25%-75%; y=25%-75%,0.1056518555,>=0.05,yes
site2/train/video3frame006,EndoVis 2018,site2,train,site2/video3,6,q8_mask_center_5pct_v1,x=25%-75%; y=25%-75%,0.0788818374,>=0.05,yes
site2/train/video3frame007,EndoVis 2018,site2,train,site2/video3,7,q8_mask_center_5pct_v1,x=25%-75%; y=25%-75%,0.1177764907,>=0.05,yes
site2/train/video3frame008,EndoVis 2018,site2,train,site2/video3,8,q8_mask_center_5pct_v1,x=25%-75%; y=25%-75%,0.0580291748,>=0.05,yes
site2/train/video3frame009,EndoVis 2018,site2,train,site2/video3,9,q8_mask_center_5pct_v1,x=25%-75%; y=25%-75%,0.0981750488,>=0.05,yes
site2/train/video3frame010,EndoVis 2018,site2,train,site2/video3,10,q8_mask_center_5pct_v1,x=25%-75%; y=25%-75%,0.0607208237,>=0.05,yes
site2/train/video3frame011,EndoVis 2018,site2,train,site2/video3,11,q8_mask_center_5pct_v1,x=25%-75%; y=25%-75%,0.1678588837,>=0.05,yes
site2/train/video3frame012,EndoVis 2018,site2,train,site2/video3,12,q8_mask_center_5pct_v1,x=25%-75%; y=25%-75%,0.0079864506,>=0.05,no
site2/train/video3frame013,EndoVis 2018,site2,train,site2/video3,13,q8_mask_center_5pct_v1,x=25%-75%; y=25%-75%,0.1983703673,>=0.05,yes
site2/train/video3frame014,EndoVis 2018,site2,train,site2/video3,14,q8_mask_center_5pct_v1,x=25%-75%; y=25%-75%,0.0000000000,>=0.05,no
site2/train/video3frame015,EndoVis 2018,site2,train,site2/video3,15,q8_mask_center_5pct_v1,x=25%-75%; y=25%-75%,0.3013336062,>=0.05,yes
site2/train/video3frame016,EndoVis 2018,site2,train,site2/video3,16,q8_mask_center_5pct_v1,x=25%-75%; y=25%-75%,0.1556121856,>=0.05,yes
site2/train/video3frame017,EndoVis 2018,site2,train,site2/video3,17,q8_mask_center_5pct_v1,x=25%-75%; y=25%-75%,0.0000000000,>=0.05,no
site2/train/video3frame018,EndoVis 2018,site2,train,site2/video3,18,q8_mask_center_5pct_v1,x=25%-75%; y=25%-75%,0.2595581114,>=0.05,yes
site2/train/video3frame019,EndoVis 2018,site2,train,site2/video3,19,q8_mask_center_5pct_v1,x=25%-75%; y=25%-75%,0.0000000000,>=0.05,no
site2/train/video3frame020,EndoVis 2018,site2,train,site2/video3,20,q8_mask_center_5pct_v1,x=25%-75%; y=25%-75%,0.0000000000,>=0.05,no
site2/train/video3frame021,EndoVis 2018,site2,train,site2/video3,21,q8_mask_center_5pct_v1,x=25%-75%; y=25%-75%,0.0000000000,>=0.05,no
site2/train/video3frame022,EndoVis 2018,site2,train,site2/video3,22,q8_mask_center_5pct_v1,x=25%-75%; y=25%-75%,0.0000000000,>=0.05,no
site2/train/video3frame023,EndoVis 2018,site2,train,site2/video3,23,q8_mask_center_5pct_v1,x=25%-75%; y=25%-75%,0.0000000000,>=0.05,no
site2/train/video3frame024,EndoVis 2018,site2,train,site2/video3,24,q8_mask_center_5pct_v1,x=25%-75%; y=25%-75%,0.0000000000,>=0.05,no
site2/train/video3frame025,EndoVis 2018,site2,train,site2/video3,25,q8_mask_center_5pct_v1,x=25%-75%; y=25%-75%,0.0000000000,>=0.05,no
site2/train/video3frame026,EndoVis 2018,site2,train,site2/video3,26,q8_mask_center_5pct_v1,x=25%-75%; y=25%-75%,0.0051574707,>=0.05,no
site2/train/video3frame027,EndoVis 2018,site2,train,site2/video3,27,q8_mask_center_5pct_v1,x=25%-75%; y=25%-75%,0.0352935791,>=0.05,no
site2/train/video3frame028,EndoVis 2018,site2,train,site2/video3,28,q8_mask_center_5pct_v1,x=25%-75%; y=25%-75%,0.0578796379,>=0.05,yes
site2/train/video3frame029,EndoVis 2018,site2,train,site2/video3,29,q8_mask_center_5pct_v1,x=25%-75%; y=25%-75%,0.0672668442,>=0.05,yes
site2/train/video3frame030,EndoVis 2018,site2,train,site2/video3,30,q8_mask_center_5pct_v1,x=25%-75%; y=25%-75%,0.0920501724,>=0.05,yes
site2/train/video3frame031,EndoVis 2018,site2,train,site2/video3,31,q8_mask_center_5pct_v1,x=25%-75%; y=25%-75%,0.1437377930,>=0.05,yes
site2/train/video3frame032,EndoVis 2018,site2,train,site2/video3,32,q8_mask_center_5pct_v1,x=25%-75%; y=25%-75%,0.1523834169,>=0.05,yes
site2/train/video3frame033,EndoVis 2018,site2,train,site2/video3,33,q8_mask_center_5pct_v1,x=25%-75%; y=25%-75%,0.1653808653,>=0.05,yes
site2/train/video3frame034,EndoVis 2018,site2,train,site2/video3,34,q8_mask_center_5pct_v1,x=25%-75%; y=25%-75%,0.2011383027,>=0.05,yes
site2/train/video3frame035,EndoVis 2018,site2,train,site2/video3,35,q8_mask_center_5pct_v1,x=25%-75%; y=25%-75%,0.0550811775,>=0.05,yes
site2/train/video3frame036,EndoVis 2018,site2,train,site2/video3,36,q8_mask_center_5pct_v1,x=25%-75%; y=25%-75%,0.3025817871,>=0.05,yes
site2/train/video3frame037,EndoVis 2018,site2,train,site2/video3,37,q8_mask_center_5pct_v1,x=25%-75%; y=25%-75%,0.2792755067,>=0.05,yes
site2/train/video3frame038,EndoVis 2018,site2,train,site2/video3,38,q8_mask_center_5pct_v1,x=25%-75%; y=25%-75%,0.2139831483,>=0.05,yes
site2/train/video3frame039,EndoVis 2018,site2,train,site2/video3,39,q8_mask_center_5pct_v1,x=25%-75%; y=25%-75%,0.3475891054,>=0.05,yes
site2/train/video3frame040,EndoVis 2018,site2,train,site2/video3,40,q8_mask_center_5pct_v1,x=25%-75%; y=25%-75%,0.1179840118,>=0.05,yes
site2/train/video3frame041,EndoVis 2018,site2,train,site2/video3,41,q8_mask_center_5pct_v1,x=25%-75%; y=25%-75%,0.1369476318,>=0.05,yes
site2/train/video3frame042,EndoVis 2018,site2,train,site2/video3,42,q8_mask_center_5pct_v1,x=25%-75%; y=25%-75%,0.3135711551,>=0.05,yes
site2/train/video3frame043,EndoVis 2018,site2,train,site2/video3,43,q8_mask_center_5pct_v1,x=25%-75%; y=25%-75%,0.2914581299,>=0.05,yes
site2/train/video3frame044,EndoVis 2018,site2,train,site2/video3,44,q8_mask_center_5pct_v1,x=25%-75%; y=25%-75%,0.2884094119,>=0.05,yes
site2/train/video3frame045,EndoVis 2018,site2,train,site2/video3,45,q8_mask_center_5pct_v1,x=25%-75%; y=25%-75%,0.1236938462,>=0.05,yes
site2/train/video3frame046,EndoVis 2018,site2,train,site2/video3,46,q8_mask_center_5pct_v1,x=25%-75%; y=25%-75%,0.0662719756,>=0.05,yes
site2/train/video3frame047,EndoVis 2018,site2,train,site2/video3,47,q8_mask_center_5pct_v1,x=25%-75%; y=25%-75%,0.2482055724,>=0.05,yes
site2/train/video3frame048,EndoVis 2018,site2,train,site2/video3,48,q8_mask_center_5pct_v1,x=25%-75%; y=25%-75%,0.2074798644,>=0.05,yes
site2/train/video3frame049,EndoVis 2018,site2,train,site2/video3,49,q8_mask_center_5pct_v1,x=25%-75%; y=25%-75%,0.0772216767,>=0.05,yes
site2/train/video3frame050,EndoVis 2018,site2,train,site2/video3,50,q8_mask_center_5pct_v1,x=25%-75%; y=25%-75%,0.1533508301,>=0.05,yes
site2/train/video3frame051,EndoVis 2018,site2,train,site2/video3,51,q8_mask_center_5pct_v1,x=25%-75%; y=25%-75%,0.1083526611,>=0.05,yes
site2/train/video3frame052,EndoVis 2018,site2,train,site2/video3,52,q8_mask_center_5pct_v1,x=25%-75%; y=25%-75%,0.0759735107,>=0.05,yes
site2/train/video3frame053,EndoVis 2018,site2,train,site2/video3,53,q8_mask_center_5pct_v1,x=25%-75%; y=25%-75%,0.0895050019,>=0.05,yes
site2/train/video3frame054,EndoVis 2018,site2,train,site2/video3,54,q8_mask_center_5pct_v1,x=25%-75%; y=25%-75%,0.1502441466,>=0.05,yes
site2/train/video3frame055,EndoVis 2018,site2,train,site2/video3,55,q8_mask_center_5pct_v1,x=25%-75%; y=25%-75%,0.2818725705,>=0.05,yes
site2/train/video3frame056,EndoVis 2018,site2,train,site2/video3,56,q8_mask_center_5pct_v1,x=25%-75%; y=25%-75%,0.2654388547,>=0.05,yes
site2/train/video3frame057,EndoVis 2018,site2,train,site2/video3,57,q8_mask_center_5pct_v1,x=25%-75%; y=25%-75%,0.1498443633,>=0.05,yes
site2/train/video3frame058,EndoVis 2018,site2,train,site2/video3,58,q8_mask_center_5pct_v1,x=25%-75%; y=25%-75%,0.2039184570,>=0.05,yes
site2/train/video3frame059,EndoVis 2018,site2,train,site2/video3,59,q8_mask_center_5pct_v1,x=25%-75%; y=25%-75%,0.4134887755,>=0.05,yes
site2/train/video3frame060,EndoVis 2018,site2,train,site2/video3,60,q8_mask_center_5pct_v1,x=25%-75%; y=25%-75%,0.1241363510,>=0.05,yes
site2/train/video3frame061,EndoVis 2018,site2,train,site2/video3,61,q8_mask_center_5pct_v1,x=25%-75%; y=25%-75%,0.1138610840,>=0.05,yes
site2/train/video3frame062,EndoVis 2018,site2,train,site2/video3,62,q8_mask_center_5pct_v1,x=25%-75%; y=25%-75%,0.1521575898,>=0.05,yes
site2/train/video3frame063,EndoVis 2018,site2,train,site2/video3,63,q8_mask_center_5pct_v1,x=25%-75%; y=25%-75%,0.1765502989,>=0.05,yes
site2/train/video3frame064,EndoVis 2018,site2,train,site2/video3,64,q8_mask_center_5pct_v1,x=25%-75%; y=25%-75%,0.1296722442,>=0.05,yes
site2/train/video3frame065,EndoVis 2018,site2,train,site2/video3,65,q8_mask_center_5pct_v1,x=25%-75%; y=25%-75%,0.0869445801,>=0.05,yes
site2/train/video3frame066,EndoVis 2018,site2,train,site2/video3,66,q8_mask_center_5pct_v1,x=25%-75%; y=25%-75%,0.0435943604,>=0.05,no
site2/train/video3frame067,EndoVis 2018,site2,train,site2/video3,67,q8_mask_center_5pct_v1,x=25%-75%; y=25%-75%,0.1616668701,>=0.05,yes
site2/train/video3frame068,EndoVis 2018,site2,train,site2/video3,68,q8_mask_center_5pct_v1,x=25%-75%; y=25%-75%,0.5080932379,>=0.05,yes
site2/train/video3frame069,EndoVis 2018,site2,train,site2/video3,69,q8_mask_center_5pct_v1,x=25%-75%; y=25%-75%,0.0504058823,>=0.05,yes
site2/train/video3frame070,EndoVis 2018,site2,train,site2/video3,70,q8_mask_center_5pct_v1,x=25%-75%; y=25%-75%,0.0871582031,>=0.05,yes
site2/train/video3frame071,EndoVis 2018,site2,train,site2/video3,71,q8_mask_center_5pct_v1,x=25%-75%; y=25%-75%,0.0407165512,>=0.05,no
site2/train/video3frame072,EndoVis 2018,site2,train,site2/video3,72,q8_mask_center_5pct_v1,x=25%-75%; y=25%-75%,0.3684234619,>=0.05,yes
site2/train/video3frame073,EndoVis 2018,site2,train,site2/video3,73,q8_mask_center_5pct_v1,x=25%-75%; y=25%-75%,0.0692657456,>=0.05,yes
site2/train/video3frame074,EndoVis 2018,site2,train,site2/video3,74,q8_mask_center_5pct_v1,x=25%-75%; y=25%-75%,0.0000000000,>=0.05,no
site2/train/video3frame075,EndoVis 2018,site2,train,site2/video3,75,q8_mask_center_5pct_v1,x=25%-75%; y=25%-75%,0.1171966568,>=0.05,yes
site2/train/video3frame076,EndoVis 2018,site2,train,site2/video3,76,q8_mask_center_5pct_v1,x=25%-75%; y=25%-75%,0.0644409209,>=0.05,yes
site2/train/video3frame077,EndoVis 2018,site2,train,site2/video3,77,q8_mask_center_5pct_v1,x=25%-75%; y=25%-75%,0.2157287598,>=0.05,yes
site2/train/video3frame078,EndoVis 2018,site2,train,site2/video3,78,q8_mask_center_5pct_v1,x=25%-75%; y=25%-75%,0.1382263154,>=0.05,yes
site2/train/video3frame079,EndoVis 2018,site2,train,site2/video3,79,q8_mask_center_5pct_v1,x=25%-75%; y=25%-75%,0.2391906679,>=0.05,yes
site2/train/video3frame080,EndoVis 2018,site2,train,site2/video3,80,q8_mask_center_5pct_v1,x=25%-75%; y=25%-75%,0.0688110366,>=0.05,yes
site2/train/video3frame081,EndoVis 2018,site2,train,site2/video3,81,q8_mask_center_5pct_v1,x=25%-75%; y=25%-75%,0.1447357237,>=0.05,yes
site2/train/video3frame082,EndoVis 2018,site2,train,site2/video3,82,q8_mask_center_5pct_v1,x=25%-75%; y=25%-75%,0.1057586670,>=0.05,yes
site2/train/video3frame083,EndoVis 2018,site2,train,site2/video3,83,q8_mask_center_5pct_v1,x=25%-75%; y=25%-75%,0.1184112579,>=0.05,yes
site2/train/video3frame084,EndoVis 2018,site2,train,site2/video3,84,q8_mask_center_5pct_v1,x=25%-75%; y=25%-75%,0.3011383116,>=0.05,yes
site2/train/video3frame085,EndoVis 2018,site2,train,site2/video3,85,q8_mask_center_5pct_v1,x=25%-75%; y=25%-75%,0.0348113999,>=0.05,no
site2/train/video3frame086,EndoVis 2018,site2,train,site2/video3,86,q8_mask_center_5pct_v1,x=25%-75%; y=25%-75%,0.0000000000,>=0.05,no
site2/train/video3frame087,EndoVis 2018,site2,train,site2/video3,87,q8_mask_center_5pct_v1,x=25%-75%; y=25%-75%,0.0859527588,>=0.05,yes
site2/train/video3frame088,EndoVis 2018,site2,train,site2/video3,88,q8_mask_center_5pct_v1,x=25%-75%; y=25%-75%,0.0043060305,>=0.05,no
site2/train/video3frame089,EndoVis 2018,site2,train,site2/video3,89,q8_mask_center_5pct_v1,x=25%-75%; y=25%-75%,0.0000000000,>=0.05,no
site2/train/video3frame090,EndoVis 2018,site2,train,site2/video3,90,q8_mask_center_5pct_v1,x=25%-75%; y=25%-75%,0.0600738525,>=0.05,yes
site2/train/video3frame091,EndoVis 2018,site2,train,site2/video3,91,q8_mask_center_5pct_v1,x=25%-75%; y=25%-75%,0.0115936277,>=0.05,no
site2/train/video3frame092,EndoVis 2018,site2,train,site2/video3,92,q8_mask_center_5pct_v1,x=25%-75%; y=25%-75%,0.0723144561,>=0.05,yes
site2/train/video3frame093,EndoVis 2018,site2,train,site2/video3,93,q8_mask_center_5pct_v1,x=25%-75%; y=25%-75%,0.0945648178,>=0.05,yes
site2/train/video3frame094,EndoVis 2018,site2,train,site2/video3,94,q8_mask_center_5pct_v1,x=25%-75%; y=25%-75%,0.1016998291,>=0.05,yes
site2/train/video3frame095,EndoVis 2018,site2,train,site2/video3,95,q8_mask_center_5pct_v1,x=25%-75%; y=25%-75%,0.1412048340,>=0.05,yes
site2/train/video3frame096,EndoVis 2018,site2,train,site2/video3,96,q8_mask_center_5pct_v1,x=25%-75%; y=25%-75%,0.1448150575,>=0.05,yes
site2/train/video3frame097,EndoVis 2018,site2,train,site2/video3,97,q8_mask_center_5pct_v1,x=25%-75%; y=25%-75%,0.1470550597,>=0.05,yes
site2/train/video3frame098,EndoVis 2018,site2,train,site2/video3,98,q8_mask_center_5pct_v1,x=25%-75%; y=25%-75%,0.2123901397,>=0.05,yes
site2/train/video3frame099,EndoVis 2018,site2,train,site2/video3,99,q8_mask_center_5pct_v1,x=25%-75%; y=25%-75%,0.1698150635,>=0.05,yes
site2/train/video3frame100,EndoVis 2018,site2,train,site2/video3,100,q8_mask_center_5pct_v1,x=25%-75%; y=25%-75%,0.1621978730,>=0.05,yes
site2/train/video3frame101,EndoVis 2018,site2,train,site2/video3,101,q8_mask_center_5pct_v1,x=25%-75%; y=25%-75%,0.1501556337,>=0.05,yes
site2/train/video3frame102,EndoVis 2018,site2,train,site2/video3,102,q8_mask_center_5pct_v1,x=25%-75%; y=25%-75%,0.1257934570,>=0.05,yes
site2/train/video3frame103,EndoVis 2018,site2,train,site2/video3,103,q8_mask_center_5pct_v1,x=25%-75%; y=25%-75%,0.1073303223,>=0.05,yes
site2/train/video3frame104,EndoVis 2018,site2,train,site2/video3,104,q8_mask_center_5pct_v1,x=25%-75%; y=25%-75%,0.0653594956,>=0.05,yes
site2/train/video3frame105,EndoVis 2018,site2,train,site2/video3,105,q8_mask_center_5pct_v1,x=25%-75%; y=25%-75%,0.0385253914,>=0.05,no
site2/train/video3frame106,EndoVis 2018,site2,train,site2/video3,106,q8_mask_center_5pct_v1,x=25%-75%; y=25%-75%,0.0279418938,>=0.05,no
site2/train/video3frame107,EndoVis 2018,site2,train,site2/video3,107,q8_mask_center_5pct_v1,x=25%-75%; y=25%-75%,0.0474212654,>=0.05,no
site2/train/video3frame108,EndoVis 2018,site2,train,site2/video3,108,q8_mask_center_5pct_v1,x=25%-75%; y=25%-75%,0.1461273134,>=0.05,yes
site2/train/video3frame109,EndoVis 2018,site2,train,site2/video3,109,q8_mask_center_5pct_v1,x=25%-75%; y=25%-75%,0.1320770234,>=0.05,yes
site2/train/video3frame110,EndoVis 2018,site2,train,site2/video3,110,q8_mask_center_5pct_v1,x=25%-75%; y=25%-75%,0.0604248047,>=0.05,yes
site2/train/video3frame111,EndoVis 2018,site2,train,site2/video3,111,q8_mask_center_5pct_v1,x=25%-75%; y=25%-75%,0.0199371334,>=0.05,no
site2/train/video3frame112,EndoVis 2018,site2,train,site2/video3,112,q8_mask_center_5pct_v1,x=25%-75%; y=25%-75%,0.0208007805,>=0.05,no
site2/train/video3frame113,EndoVis 2018,site2,train,site2/video3,113,q8_mask_center_5pct_v1,x=25%-75%; y=25%-75%,0.1372741759,>=0.05,yes
site2/train/video3frame114,EndoVis 2018,site2,train,site2/video3,114,q8_mask_center_5pct_v1,x=25%-75%; y=25%-75%,0.0274902340,>=0.05,no
site2/train/video3frame115,EndoVis 2018,site2,train,site2/video3,115,q8_mask_center_5pct_v1,x=25%-75%; y=25%-75%,0.1031341553,>=0.05,yes
site2/train/video3frame116,EndoVis 2018,site2,train,site2/video3,116,q8_mask_center_5pct_v1,x=25%-75%; y=25%-75%,0.2362365723,>=0.05,yes
site2/train/video3frame117,EndoVis 2018,site2,train,site2/video3,117,q8_mask_center_5pct_v1,x=25%-75%; y=25%-75%,0.2803131044,>=0.05,yes
site2/train/video3frame118,EndoVis 2018,site2,train,site2/video3,118,q8_mask_center_5pct_v1,x=25%-75%; y=25%-75%,0.0380676277,>=0.05,no
site2/train/video3frame119,EndoVis 2018,site2,train,site2/video3,119,q8_mask_center_5pct_v1,x=25%-75%; y=25%-75%,0.0830352753,>=0.05,yes
site2/train/video3frame120,EndoVis 2018,site2,train,site2/video3,120,q8_mask_center_5pct_v1,x=25%-75%; y=25%-75%,0.0000000000,>=0.05,no
site2/train/video3frame121,EndoVis 2018,site2,train,site2/video3,121,q8_mask_center_5pct_v1,x=25%-75%; y=25%-75%,0.0000000000,>=0.05,no
site2/train/video3frame122,EndoVis 2018,site2,train,site2/video3,122,q8_mask_center_5pct_v1,x=25%-75%; y=25%-75%,0.0000000000,>=0.05,no
site2/train/video3frame123,EndoVis 2018,site2,train,site2/video3,123,q8_mask_center_5pct_v1,x=25%-75%; y=25%-75%,0.2866790891,>=0.05,yes
site2/train/video3frame124,EndoVis 2018,site2,train,site2/video3,124,q8_mask_center_5pct_v1,x=25%-75%; y=25%-75%,0.0131866457,>=0.05,no
site2/train/video3frame125,EndoVis 2018,site2,train,site2/video3,125,q8_mask_center_5pct_v1,x=25%-75%; y=25%-75%,0.2522369325,>=0.05,yes
site2/train/video3frame126,EndoVis 2018,site2,train,site2/video3,126,q8_mask_center_5pct_v1,x=25%-75%; y=25%-75%,0.2202911377,>=0.05,yes
site2/train/video3frame127,EndoVis 2018,site2,train,site2/video3,127,q8_mask_center_5pct_v1,x=25%-75%; y=25%-75%,0.3206451535,>=0.05,yes
site2/train/video3frame128,EndoVis 2018,site2,train,site2/video3,128,q8_mask_center_5pct_v1,x=25%-75%; y=25%-75%,0.0763366669,>=0.05,yes
site2/train/video3frame129,EndoVis 2018,site2,train,site2/video3,129,q8_mask_center_5pct_v1,x=25%-75%; y=25%-75%,0.3149352968,>=0.05,yes
site2/train/video3frame130,EndoVis 2018,site2,train,site2/video3,130,q8_mask_center_5pct_v1,x=25%-75%; y=25%-75%,0.3304565549,>=0.05,yes
site2/train/video3frame131,EndoVis 2018,site2,train,site2/video3,131,q8_mask_center_5pct_v1,x=25%-75%; y=25%-75%,0.3092865050,>=0.05,yes
site2/train/video3frame132,EndoVis 2018,site2,train,site2/video3,132,q8_mask_center_5pct_v1,x=25%-75%; y=25%-75%,0.2235473692,>=0.05,yes
site2/train/video3frame133,EndoVis 2018,site2,train,site2/video3,133,q8_mask_center_5pct_v1,x=25%-75%; y=25%-75%,0.4171447754,>=0.05,yes
site2/train/video3frame134,EndoVis 2018,site2,train,site2/video3,134,q8_mask_center_5pct_v1,x=25%-75%; y=25%-75%,0.0641876236,>=0.05,yes
site2/train/video3frame135,EndoVis 2018,site2,train,site2/video3,135,q8_mask_center_5pct_v1,x=25%-75%; y=25%-75%,0.1013793945,>=0.05,yes
site2/train/video3frame136,EndoVis 2018,site2,train,site2/video3,136,q8_mask_center_5pct_v1,x=25%-75%; y=25%-75%,0.1077575684,>=0.05,yes
site2/train/video3frame137,EndoVis 2018,site2,train,site2/video3,137,q8_mask_center_5pct_v1,x=25%-75%; y=25%-75%,0.0768798813,>=0.05,yes
site2/train/video3frame138,EndoVis 2018,site2,train,site2/video3,138,q8_mask_center_5pct_v1,x=25%-75%; y=25%-75%,0.0926422104,>=0.05,yes
site2/train/video3frame139,EndoVis 2018,site2,train,site2/video3,139,q8_mask_center_5pct_v1,x=25%-75%; y=25%-75%,0.2803253233,>=0.05,yes
site2/train/video3frame140,EndoVis 2018,site2,train,site2/video3,140,q8_mask_center_5pct_v1,x=25%-75%; y=25%-75%,0.3493316770,>=0.05,yes
site2/train/video3frame141,EndoVis 2018,site2,train,site2/video3,141,q8_mask_center_5pct_v1,x=25%-75%; y=25%-75%,0.4807311893,>=0.05,yes
site2/train/video3frame142,EndoVis 2018,site2,train,site2/video3,142,q8_mask_center_5pct_v1,x=25%-75%; y=25%-75%,0.6783447266,>=0.05,yes
site2/train/video3frame143,EndoVis 2018,site2,train,site2/video3,143,q8_mask_center_5pct_v1,x=25%-75%; y=25%-75%,0.0800384507,>=0.05,yes
site2/train/video3frame144,EndoVis 2018,site2,train,site2/video3,144,q8_mask_center_5pct_v1,x=25%-75%; y=25%-75%,0.0655334443,>=0.05,yes
site2/train/video3frame145,EndoVis 2018,site2,train,site2/video3,145,q8_mask_center_5pct_v1,x=25%-75%; y=25%-75%,0.1682830751,>=0.05,yes
site2/train/video3frame146,EndoVis 2018,site2,train,site2/video3,146,q8_mask_center_5pct_v1,x=25%-75%; y=25%-75%,0.1590301543,>=0.05,yes
site2/train/video3frame147,EndoVis 2018,site2,train,site2/video3,147,q8_mask_center_5pct_v1,x=25%-75%; y=25%-75%,0.2908050418,>=0.05,yes
site2/train/video3frame148,EndoVis 2018,site2,train,site2/video3,148,q8_mask_center_5pct_v1,x=25%-75%; y=25%-75%,0.2759643495,>=0.05,yes
site2/train/video4frame000,EndoVis 2018,site2,train,site2/video4,0,q8_mask_center_5pct_v1,x=25%-75%; y=25%-75%,0.1784057617,>=0.05,yes
site2/train/video4frame001,EndoVis 2018,site2,train,site2/video4,1,q8_mask_center_5pct_v1,x=25%-75%; y=25%-75%,0.2101013213,>=0.05,yes
site2/train/video4frame002,EndoVis 2018,site2,train,site2/video4,2,q8_mask_center_5pct_v1,x=25%-75%; y=25%-75%,0.0631164536,>=0.05,yes
site2/train/video4frame003,EndoVis 2018,site2,train,site2/video4,3,q8_mask_center_5pct_v1,x=25%-75%; y=25%-75%,0.1522247344,>=0.05,yes
site2/train/video4frame004,EndoVis 2018,site2,train,site2/video4,4,q8_mask_center_5pct_v1,x=25%-75%; y=25%-75%,0.1455963105,>=0.05,yes
site2/train/video4frame005,EndoVis 2018,site2,train,site2/video4,5,q8_mask_center_5pct_v1,x=25%-75%; y=25%-75%,0.2590942383,>=0.05,yes
site2/train/video4frame006,EndoVis 2018,site2,train,site2/video4,6,q8_mask_center_5pct_v1,x=25%-75%; y=25%-75%,0.2781158388,>=0.05,yes
site2/train/video4frame007,EndoVis 2018,site2,train,site2/video4,7,q8_mask_center_5pct_v1,x=25%-75%; y=25%-75%,0.3216613829,>=0.05,yes
site2/train/video4frame008,EndoVis 2018,site2,train,site2/video4,8,q8_mask_center_5pct_v1,x=25%-75%; y=25%-75%,0.2675109804,>=0.05,yes
site2/train/video4frame009,EndoVis 2018,site2,train,site2/video4,9,q8_mask_center_5pct_v1,x=25%-75%; y=25%-75%,0.3126861453,>=0.05,yes
site2/train/video4frame010,EndoVis 2018,site2,train,site2/video4,10,q8_mask_center_5pct_v1,x=25%-75%; y=25%-75%,0.3028594851,>=0.05,yes
site2/train/video4frame011,EndoVis 2018,site2,train,site2/video4,11,q8_mask_center_5pct_v1,x=25%-75%; y=25%-75%,0.2911621034,>=0.05,yes
site2/train/video4frame012,EndoVis 2018,site2,train,site2/video4,12,q8_mask_center_5pct_v1,x=25%-75%; y=25%-75%,0.3104858398,>=0.05,yes
site2/train/video4frame013,EndoVis 2018,site2,train,site2/video4,13,q8_mask_center_5pct_v1,x=25%-75%; y=25%-75%,0.2416717559,>=0.05,yes
site2/train/video4frame014,EndoVis 2018,site2,train,site2/video4,14,q8_mask_center_5pct_v1,x=25%-75%; y=25%-75%,0.2011779845,>=0.05,yes
site2/train/video4frame015,EndoVis 2018,site2,train,site2/video4,15,q8_mask_center_5pct_v1,x=25%-75%; y=25%-75%,0.1283843964,>=0.05,yes
site2/train/video4frame016,EndoVis 2018,site2,train,site2/video4,16,q8_mask_center_5pct_v1,x=25%-75%; y=25%-75%,0.0487609878,>=0.05,no
site2/train/video4frame017,EndoVis 2018,site2,train,site2/video4,17,q8_mask_center_5pct_v1,x=25%-75%; y=25%-75%,0.0091186520,>=0.05,no
site2/train/video4frame018,EndoVis 2018,site2,train,site2/video4,18,q8_mask_center_5pct_v1,x=25%-75%; y=25%-75%,0.0255523678,>=0.05,no
site2/train/video4frame019,EndoVis 2018,site2,train,site2/video4,19,q8_mask_center_5pct_v1,x=25%-75%; y=25%-75%,0.4350585938,>=0.05,yes
site2/train/video4frame020,EndoVis 2018,site2,train,site2/video4,20,q8_mask_center_5pct_v1,x=25%-75%; y=25%-75%,0.5181030035,>=0.05,yes
site2/train/video4frame021,EndoVis 2018,site2,train,site2/video4,21,q8_mask_center_5pct_v1,x=25%-75%; y=25%-75%,0.4910736084,>=0.05,yes
site2/train/video4frame022,EndoVis 2018,site2,train,site2/video4,22,q8_mask_center_5pct_v1,x=25%-75%; y=25%-75%,0.4451568723,>=0.05,yes
site2/train/video4frame023,EndoVis 2018,site2,train,site2/video4,23,q8_mask_center_5pct_v1,x=25%-75%; y=25%-75%,0.4790161252,>=0.05,yes
site2/train/video4frame024,EndoVis 2018,site2,train,site2/video4,24,q8_mask_center_5pct_v1,x=25%-75%; y=25%-75%,0.2586883605,>=0.05,yes
site2/train/video4frame025,EndoVis 2018,site2,train,site2/video4,25,q8_mask_center_5pct_v1,x=25%-75%; y=25%-75%,0.3572936952,>=0.05,yes
site2/train/video4frame026,EndoVis 2018,site2,train,site2/video4,26,q8_mask_center_5pct_v1,x=25%-75%; y=25%-75%,0.4812439084,>=0.05,yes
site2/train/video4frame027,EndoVis 2018,site2,train,site2/video4,27,q8_mask_center_5pct_v1,x=25%-75%; y=25%-75%,0.1680816710,>=0.05,yes
site2/train/video4frame028,EndoVis 2018,site2,train,site2/video4,28,q8_mask_center_5pct_v1,x=25%-75%; y=25%-75%,0.3063720763,>=0.05,yes
site2/train/video4frame029,EndoVis 2018,site2,train,site2/video4,29,q8_mask_center_5pct_v1,x=25%-75%; y=25%-75%,0.2704223692,>=0.05,yes
site2/train/video4frame030,EndoVis 2018,site2,train,site2/video4,30,q8_mask_center_5pct_v1,x=25%-75%; y=25%-75%,0.2608886659,>=0.05,yes
site2/train/video4frame031,EndoVis 2018,site2,train,site2/video4,31,q8_mask_center_5pct_v1,x=25%-75%; y=25%-75%,0.3084838986,>=0.05,yes
site2/train/video4frame032,EndoVis 2018,site2,train,site2/video4,32,q8_mask_center_5pct_v1,x=25%-75%; y=25%-75%,0.2861297727,>=0.05,yes
site2/train/video4frame033,EndoVis 2018,site2,train,site2/video4,33,q8_mask_center_5pct_v1,x=25%-75%; y=25%-75%,0.4200042784,>=0.05,yes
site2/train/video4frame034,EndoVis 2018,site2,train,site2/video4,34,q8_mask_center_5pct_v1,x=25%-75%; y=25%-75%,0.4141174257,>=0.05,yes
site2/train/video4frame035,EndoVis 2018,site2,train,site2/video4,35,q8_mask_center_5pct_v1,x=25%-75%; y=25%-75%,0.4111541808,>=0.05,yes
site2/train/video4frame036,EndoVis 2018,site2,train,site2/video4,36,q8_mask_center_5pct_v1,x=25%-75%; y=25%-75%,0.4356659055,>=0.05,yes
site2/train/video4frame037,EndoVis 2018,site2,train,site2/video4,37,q8_mask_center_5pct_v1,x=25%-75%; y=25%-75%,0.5211242437,>=0.05,yes
site2/train/video4frame038,EndoVis 2018,site2,train,site2/video4,38,q8_mask_center_5pct_v1,x=25%-75%; y=25%-75%,0.4426178038,>=0.05,yes
site2/train/video4frame039,EndoVis 2018,site2,train,site2/video4,39,q8_mask_center_5pct_v1,x=25%-75%; y=25%-75%,0.3550567627,>=0.05,yes
site2/train/video4frame040,EndoVis 2018,site2,train,site2/video4,40,q8_mask_center_5pct_v1,x=25%-75%; y=25%-75%,0.3633270264,>=0.05,yes
site2/train/video4frame041,EndoVis 2018,site2,train,site2/video4,41,q8_mask_center_5pct_v1,x=25%-75%; y=25%-75%,0.3380126953,>=0.05,yes
site2/train/video4frame042,EndoVis 2018,site2,train,site2/video4,42,q8_mask_center_5pct_v1,x=25%-75%; y=25%-75%,0.2510131896,>=0.05,yes
site2/train/video4frame043,EndoVis 2018,site2,train,site2/video4,43,q8_mask_center_5pct_v1,x=25%-75%; y=25%-75%,0.3041992188,>=0.05,yes
site2/train/video4frame044,EndoVis 2018,site2,train,site2/video4,44,q8_mask_center_5pct_v1,x=25%-75%; y=25%-75%,0.5153167844,>=0.05,yes
site2/train/video4frame045,EndoVis 2018,site2,train,site2/video4,45,q8_mask_center_5pct_v1,x=25%-75%; y=25%-75%,0.5167328119,>=0.05,yes
site2/train/video4frame046,EndoVis 2018,site2,train,site2/video4,46,q8_mask_center_5pct_v1,x=25%-75%; y=25%-75%,0.4914733768,>=0.05,yes
site2/train/video4frame047,EndoVis 2018,site2,train,site2/video4,47,q8_mask_center_5pct_v1,x=25%-75%; y=25%-75%,0.4742340147,>=0.05,yes
site2/train/video4frame048,EndoVis 2018,site2,train,site2/video4,48,q8_mask_center_5pct_v1,x=25%-75%; y=25%-75%,0.3930023313,>=0.05,yes
site2/train/video4frame049,EndoVis 2018,site2,train,site2/video4,49,q8_mask_center_5pct_v1,x=25%-75%; y=25%-75%,0.1613525450,>=0.05,yes
site2/train/video4frame050,EndoVis 2018,site2,train,site2/video4,50,q8_mask_center_5pct_v1,x=25%-75%; y=25%-75%,0.2425781190,>=0.05,yes
site2/train/video4frame051,EndoVis 2018,site2,train,site2/video4,51,q8_mask_center_5pct_v1,x=25%-75%; y=25%-75%,0.2982360721,>=0.05,yes
site2/train/video4frame052,EndoVis 2018,site2,train,site2/video4,52,q8_mask_center_5pct_v1,x=25%-75%; y=25%-75%,0.0504638664,>=0.05,yes
site2/train/video4frame053,EndoVis 2018,site2,train,site2/video4,53,q8_mask_center_5pct_v1,x=25%-75%; y=25%-75%,0.1347320527,>=0.05,yes
site2/train/video4frame054,EndoVis 2018,site2,train,site2/video4,54,q8_mask_center_5pct_v1,x=25%-75%; y=25%-75%,0.1056030244,>=0.05,yes
site2/train/video4frame055,EndoVis 2018,site2,train,site2/video4,55,q8_mask_center_5pct_v1,x=25%-75%; y=25%-75%,0.1805084199,>=0.05,yes
site2/train/video4frame056,EndoVis 2018,site2,train,site2/video4,56,q8_mask_center_5pct_v1,x=25%-75%; y=25%-75%,0.1805084199,>=0.05,yes
site2/train/video4frame057,EndoVis 2018,site2,train,site2/video4,57,q8_mask_center_5pct_v1,x=25%-75%; y=25%-75%,0.1422668397,>=0.05,yes
site2/train/video4frame058,EndoVis 2018,site2,train,site2/video4,58,q8_mask_center_5pct_v1,x=25%-75%; y=25%-75%,0.2025878876,>=0.05,yes
site2/train/video4frame059,EndoVis 2018,site2,train,site2/video4,59,q8_mask_center_5pct_v1,x=25%-75%; y=25%-75%,0.3242096007,>=0.05,yes
site2/train/video4frame060,EndoVis 2018,site2,train,site2/video4,60,q8_mask_center_5pct_v1,x=25%-75%; y=25%-75%,0.2332031280,>=0.05,yes
site2/train/video4frame061,EndoVis 2018,site2,train,site2/video4,61,q8_mask_center_5pct_v1,x=25%-75%; y=25%-75%,0.3947997987,>=0.05,yes
site2/train/video4frame062,EndoVis 2018,site2,train,site2/video4,62,q8_mask_center_5pct_v1,x=25%-75%; y=25%-75%,0.5681060553,>=0.05,yes
site2/train/video4frame063,EndoVis 2018,site2,train,site2/video4,63,q8_mask_center_5pct_v1,x=25%-75%; y=25%-75%,0.1857086122,>=0.05,yes
site2/train/video4frame064,EndoVis 2018,site2,train,site2/video4,64,q8_mask_center_5pct_v1,x=25%-75%; y=25%-75%,0.2405639589,>=0.05,yes
site2/train/video4frame065,EndoVis 2018,site2,train,site2/video4,65,q8_mask_center_5pct_v1,x=25%-75%; y=25%-75%,0.2347137481,>=0.05,yes
site2/train/video4frame066,EndoVis 2018,site2,train,site2/video4,66,q8_mask_center_5pct_v1,x=25%-75%; y=25%-75%,0.2802795470,>=0.05,yes
site2/train/video4frame067,EndoVis 2018,site2,train,site2/video4,67,q8_mask_center_5pct_v1,x=25%-75%; y=25%-75%,0.2152008116,>=0.05,yes
site2/train/video4frame068,EndoVis 2018,site2,train,site2/video4,68,q8_mask_center_5pct_v1,x=25%-75%; y=25%-75%,0.2346191406,>=0.05,yes
site2/train/video4frame069,EndoVis 2018,site2,train,site2/video4,69,q8_mask_center_5pct_v1,x=25%-75%; y=25%-75%,0.3976348937,>=0.05,yes
site2/train/video4frame070,EndoVis 2018,site2,train,site2/video4,70,q8_mask_center_5pct_v1,x=25%-75%; y=25%-75%,0.2943817079,>=0.05,yes
site2/train/video4frame071,EndoVis 2018,site2,train,site2/video4,71,q8_mask_center_5pct_v1,x=25%-75%; y=25%-75%,0.3394439816,>=0.05,yes
site2/train/video4frame072,EndoVis 2018,site2,train,site2/video4,72,q8_mask_center_5pct_v1,x=25%-75%; y=25%-75%,0.3965148926,>=0.05,yes
site2/train/video4frame073,EndoVis 2018,site2,train,site2/video4,73,q8_mask_center_5pct_v1,x=25%-75%; y=25%-75%,0.3368713260,>=0.05,yes
site2/train/video4frame074,EndoVis 2018,site2,train,site2/video4,74,q8_mask_center_5pct_v1,x=25%-75%; y=25%-75%,0.3213653564,>=0.05,yes
site2/train/video4frame075,EndoVis 2018,site2,train,site2/video4,75,q8_mask_center_5pct_v1,x=25%-75%; y=25%-75%,0.2960998416,>=0.05,yes
site2/train/video4frame076,EndoVis 2018,site2,train,site2/video4,76,q8_mask_center_5pct_v1,x=25%-75%; y=25%-75%,0.3767303526,>=0.05,yes
site2/train/video4frame077,EndoVis 2018,site2,train,site2/video4,77,q8_mask_center_5pct_v1,x=25%-75%; y=25%-75%,0.2422393858,>=0.05,yes
site2/train/video4frame078,EndoVis 2018,site2,train,site2/video4,78,q8_mask_center_5pct_v1,x=25%-75%; y=25%-75%,0.2336700410,>=0.05,yes
site2/train/video4frame079,EndoVis 2018,site2,train,site2/video4,79,q8_mask_center_5pct_v1,x=25%-75%; y=25%-75%,0.2737640440,>=0.05,yes
site2/train/video4frame080,EndoVis 2018,site2,train,site2/video4,80,q8_mask_center_5pct_v1,x=25%-75%; y=25%-75%,0.1647674590,>=0.05,yes
site2/train/video4frame081,EndoVis 2018,site2,train,site2/video4,81,q8_mask_center_5pct_v1,x=25%-75%; y=25%-75%,0.4357635379,>=0.05,yes
site2/train/video4frame082,EndoVis 2018,site2,train,site2/video4,82,q8_mask_center_5pct_v1,x=25%-75%; y=25%-75%,0.4514037967,>=0.05,yes
site2/train/video4frame083,EndoVis 2018,site2,train,site2/video4,83,q8_mask_center_5pct_v1,x=25%-75%; y=25%-75%,0.3297973573,>=0.05,yes
site2/train/video4frame084,EndoVis 2018,site2,train,site2/video4,84,q8_mask_center_5pct_v1,x=25%-75%; y=25%-75%,0.2645111084,>=0.05,yes
site2/train/video4frame085,EndoVis 2018,site2,train,site2/video4,85,q8_mask_center_5pct_v1,x=25%-75%; y=25%-75%,0.3234649599,>=0.05,yes
site2/train/video4frame086,EndoVis 2018,site2,train,site2/video4,86,q8_mask_center_5pct_v1,x=25%-75%; y=25%-75%,0.4545135498,>=0.05,yes
site2/train/video4frame087,EndoVis 2018,site2,train,site2/video4,87,q8_mask_center_5pct_v1,x=25%-75%; y=25%-75%,0.3593048155,>=0.05,yes
site2/train/video4frame088,EndoVis 2018,site2,train,site2/video4,88,q8_mask_center_5pct_v1,x=25%-75%; y=25%-75%,0.2802551389,>=0.05,yes
site2/train/video4frame089,EndoVis 2018,site2,train,site2/video4,89,q8_mask_center_5pct_v1,x=25%-75%; y=25%-75%,0.3889190555,>=0.05,yes
site2/train/video4frame090,EndoVis 2018,site2,train,site2/video4,90,q8_mask_center_5pct_v1,x=25%-75%; y=25%-75%,0.2844329774,>=0.05,yes
site2/train/video4frame091,EndoVis 2018,site2,train,site2/video4,91,q8_mask_center_5pct_v1,x=25%-75%; y=25%-75%,0.2702575624,>=0.05,yes
site2/train/video4frame092,EndoVis 2018,site2,train,site2/video4,92,q8_mask_center_5pct_v1,x=25%-75%; y=25%-75%,0.4186676145,>=0.05,yes
site2/train/video4frame093,EndoVis 2018,site2,train,site2/video4,93,q8_mask_center_5pct_v1,x=25%-75%; y=25%-75%,0.4812377989,>=0.05,yes
site2/train/video4frame094,EndoVis 2018,site2,train,site2/video4,94,q8_mask_center_5pct_v1,x=25%-75%; y=25%-75%,0.2409912050,>=0.05,yes
site2/train/video4frame095,EndoVis 2018,site2,train,site2/video4,95,q8_mask_center_5pct_v1,x=25%-75%; y=25%-75%,0.3657501340,>=0.05,yes
site2/train/video4frame096,EndoVis 2018,site2,train,site2/video4,96,q8_mask_center_5pct_v1,x=25%-75%; y=25%-75%,0.1046112031,>=0.05,yes
site2/train/video4frame097,EndoVis 2018,site2,train,site2/video4,97,q8_mask_center_5pct_v1,x=25%-75%; y=25%-75%,0.2119842470,>=0.05,yes
site2/train/video4frame098,EndoVis 2018,site2,train,site2/video4,98,q8_mask_center_5pct_v1,x=25%-75%; y=25%-75%,0.3114868104,>=0.05,yes
site2/train/video4frame099,EndoVis 2018,site2,train,site2/video4,99,q8_mask_center_5pct_v1,x=25%-75%; y=25%-75%,0.3418701291,>=0.05,yes
site2/train/video4frame100,EndoVis 2018,site2,train,site2/video4,100,q8_mask_center_5pct_v1,x=25%-75%; y=25%-75%,0.3411102295,>=0.05,yes
site2/train/video4frame101,EndoVis 2018,site2,train,site2/video4,101,q8_mask_center_5pct_v1,x=25%-75%; y=25%-75%,0.3860351443,>=0.05,yes
site2/train/video4frame102,EndoVis 2018,site2,train,site2/video4,102,q8_mask_center_5pct_v1,x=25%-75%; y=25%-75%,0.2276245058,>=0.05,yes
site2/train/video4frame103,EndoVis 2018,site2,train,site2/video4,103,q8_mask_center_5pct_v1,x=25%-75%; y=25%-75%,0.2118865997,>=0.05,yes
site2/train/video4frame104,EndoVis 2018,site2,train,site2/video4,104,q8_mask_center_5pct_v1,x=25%-75%; y=25%-75%,0.2671783566,>=0.05,yes
site2/train/video4frame105,EndoVis 2018,site2,train,site2/video4,105,q8_mask_center_5pct_v1,x=25%-75%; y=25%-75%,0.3384826779,>=0.05,yes
site2/train/video4frame106,EndoVis 2018,site2,train,site2/video4,106,q8_mask_center_5pct_v1,x=25%-75%; y=25%-75%,0.4045623839,>=0.05,yes
site2/train/video4frame107,EndoVis 2018,site2,train,site2/video4,107,q8_mask_center_5pct_v1,x=25%-75%; y=25%-75%,0.3667327762,>=0.05,yes
site2/train/video4frame108,EndoVis 2018,site2,train,site2/video4,108,q8_mask_center_5pct_v1,x=25%-75%; y=25%-75%,0.4995971620,>=0.05,yes
site2/train/video4frame109,EndoVis 2018,site2,train,site2/video4,109,q8_mask_center_5pct_v1,x=25%-75%; y=25%-75%,0.2583709657,>=0.05,yes
site2/train/video4frame110,EndoVis 2018,site2,train,site2/video4,110,q8_mask_center_5pct_v1,x=25%-75%; y=25%-75%,0.3346222043,>=0.05,yes
site2/train/video4frame111,EndoVis 2018,site2,train,site2/video4,111,q8_mask_center_5pct_v1,x=25%-75%; y=25%-75%,0.3466827273,>=0.05,yes
site2/train/video4frame112,EndoVis 2018,site2,train,site2/video4,112,q8_mask_center_5pct_v1,x=25%-75%; y=25%-75%,0.2890411317,>=0.05,yes
site2/train/video4frame113,EndoVis 2018,site2,train,site2/video4,113,q8_mask_center_5pct_v1,x=25%-75%; y=25%-75%,0.3280364871,>=0.05,yes
site2/train/video4frame114,EndoVis 2018,site2,train,site2/video4,114,q8_mask_center_5pct_v1,x=25%-75%; y=25%-75%,0.3163696229,>=0.05,yes
site2/train/video4frame115,EndoVis 2018,site2,train,site2/video4,115,q8_mask_center_5pct_v1,x=25%-75%; y=25%-75%,0.2556396425,>=0.05,yes
site2/train/video4frame116,EndoVis 2018,site2,train,site2/video4,116,q8_mask_center_5pct_v1,x=25%-75%; y=25%-75%,0.2319122255,>=0.05,yes
site2/train/video4frame117,EndoVis 2018,site2,train,site2/video4,117,q8_mask_center_5pct_v1,x=25%-75%; y=25%-75%,0.3322357237,>=0.05,yes
site2/train/video4frame118,EndoVis 2018,site2,train,site2/video4,118,q8_mask_center_5pct_v1,x=25%-75%; y=25%-75%,0.2348358184,>=0.05,yes
site2/train/video4frame119,EndoVis 2018,site2,train,site2/video4,119,q8_mask_center_5pct_v1,x=25%-75%; y=25%-75%,0.1294891387,>=0.05,yes
site2/train/video4frame120,EndoVis 2018,site2,train,site2/video4,120,q8_mask_center_5pct_v1,x=25%-75%; y=25%-75%,0.1179260239,>=0.05,yes
site2/train/video4frame121,EndoVis 2018,site2,train,site2/video4,121,q8_mask_center_5pct_v1,x=25%-75%; y=25%-75%,0.0159271248,>=0.05,no
site2/train/video4frame122,EndoVis 2018,site2,train,site2/video4,122,q8_mask_center_5pct_v1,x=25%-75%; y=25%-75%,0.0063903807,>=0.05,no
site2/train/video4frame123,EndoVis 2018,site2,train,site2/video4,123,q8_mask_center_5pct_v1,x=25%-75%; y=25%-75%,0.1359527558,>=0.05,yes
site2/train/video4frame124,EndoVis 2018,site2,train,site2/video4,124,q8_mask_center_5pct_v1,x=25%-75%; y=25%-75%,0.0778350830,>=0.05,yes
site2/train/video4frame125,EndoVis 2018,site2,train,site2/video4,125,q8_mask_center_5pct_v1,x=25%-75%; y=25%-75%,0.0329650864,>=0.05,no
site2/train/video4frame126,EndoVis 2018,site2,train,site2/video4,126,q8_mask_center_5pct_v1,x=25%-75%; y=25%-75%,0.1246124282,>=0.05,yes
site2/train/video4frame127,EndoVis 2018,site2,train,site2/video4,127,q8_mask_center_5pct_v1,x=25%-75%; y=25%-75%,0.1141052246,>=0.05,yes
site2/train/video4frame128,EndoVis 2018,site2,train,site2/video4,128,q8_mask_center_5pct_v1,x=25%-75%; y=25%-75%,0.1335876435,>=0.05,yes
site2/train/video4frame129,EndoVis 2018,site2,train,site2/video4,129,q8_mask_center_5pct_v1,x=25%-75%; y=25%-75%,0.1153625473,>=0.05,yes
site2/train/video4frame130,EndoVis 2018,site2,train,site2/video4,130,q8_mask_center_5pct_v1,x=25%-75%; y=25%-75%,0.1273620576,>=0.05,yes
site2/train/video4frame131,EndoVis 2018,site2,train,site2/video4,131,q8_mask_center_5pct_v1,x=25%-75%; y=25%-75%,0.1396514922,>=0.05,yes
site2/train/video4frame132,EndoVis 2018,site2,train,site2/video4,132,q8_mask_center_5pct_v1,x=25%-75%; y=25%-75%,0.1396514922,>=0.05,yes
site2/train/video4frame133,EndoVis 2018,site2,train,site2/video4,133,q8_mask_center_5pct_v1,x=25%-75%; y=25%-75%,0.1075470001,>=0.05,yes
site2/train/video4frame134,EndoVis 2018,site2,train,site2/video4,134,q8_mask_center_5pct_v1,x=25%-75%; y=25%-75%,0.2254577577,>=0.05,yes
site2/train/video4frame135,EndoVis 2018,site2,train,site2/video4,135,q8_mask_center_5pct_v1,x=25%-75%; y=25%-75%,0.3289611936,>=0.05,yes
site2/train/video4frame136,EndoVis 2018,site2,train,site2/video4,136,q8_mask_center_5pct_v1,x=25%-75%; y=25%-75%,0.1360656768,>=0.05,yes
site2/train/video4frame137,EndoVis 2018,site2,train,site2/video4,137,q8_mask_center_5pct_v1,x=25%-75%; y=25%-75%,0.0937957764,>=0.05,yes
site2/train/video4frame138,EndoVis 2018,site2,train,site2/video4,138,q8_mask_center_5pct_v1,x=25%-75%; y=25%-75%,0.0765014663,>=0.05,yes
site2/train/video4frame139,EndoVis 2018,site2,train,site2/video4,139,q8_mask_center_5pct_v1,x=25%-75%; y=25%-75%,0.1125396714,>=0.05,yes
site2/train/video4frame140,EndoVis 2018,site2,train,site2/video4,140,q8_mask_center_5pct_v1,x=25%-75%; y=25%-75%,0.0888488740,>=0.05,yes
site2/train/video4frame141,EndoVis 2018,site2,train,site2/video4,141,q8_mask_center_5pct_v1,x=25%-75%; y=25%-75%,0.1006317139,>=0.05,yes
site2/train/video4frame142,EndoVis 2018,site2,train,site2/video4,142,q8_mask_center_5pct_v1,x=25%-75%; y=25%-75%,0.0991302505,>=0.05,yes
site2/train/video4frame143,EndoVis 2018,site2,train,site2/video4,143,q8_mask_center_5pct_v1,x=25%-75%; y=25%-75%,0.1391815245,>=0.05,yes
site2/train/video4frame144,EndoVis 2018,site2,train,site2/video4,144,q8_mask_center_5pct_v1,x=25%-75%; y=25%-75%,0.1455017030,>=0.05,yes
site2/train/video4frame145,EndoVis 2018,site2,train,site2/video4,145,q8_mask_center_5pct_v1,x=25%-75%; y=25%-75%,0.2208313048,>=0.05,yes
site2/train/video4frame146,EndoVis 2018,site2,train,site2/video4,146,q8_mask_center_5pct_v1,x=25%-75%; y=25%-75%,0.2491943389,>=0.05,yes
site2/train/video4frame147,EndoVis 2018,site2,train,site2/video4,147,q8_mask_center_5pct_v1,x=25%-75%; y=25%-75%,0.1158966050,>=0.05,yes
site2/train/video4frame148,EndoVis 2018,site2,train,site2/video4,148,q8_mask_center_5pct_v1,x=25%-75%; y=25%-75%,0.2682434022,>=0.05,yes
site2/train/video5frame000,EndoVis 2018,site2,train,site2/video5,0,q8_mask_center_5pct_v1,x=25%-75%; y=25%-75%,0.0697540268,>=0.05,yes
site2/train/video5frame001,EndoVis 2018,site2,train,site2/video5,1,q8_mask_center_5pct_v1,x=25%-75%; y=25%-75%,0.0612396225,>=0.05,yes
site2/train/video5frame002,EndoVis 2018,site2,train,site2/video5,2,q8_mask_center_5pct_v1,x=25%-75%; y=25%-75%,0.0046142577,>=0.05,no
site2/train/video5frame003,EndoVis 2018,site2,train,site2/video5,3,q8_mask_center_5pct_v1,x=25%-75%; y=25%-75%,0.0323425308,>=0.05,no
site2/train/video5frame004,EndoVis 2018,site2,train,site2/video5,4,q8_mask_center_5pct_v1,x=25%-75%; y=25%-75%,0.0116729736,>=0.05,no
site2/train/video5frame005,EndoVis 2018,site2,train,site2/video5,5,q8_mask_center_5pct_v1,x=25%-75%; y=25%-75%,0.0412048325,>=0.05,no
site2/train/video5frame006,EndoVis 2018,site2,train,site2/video5,6,q8_mask_center_5pct_v1,x=25%-75%; y=25%-75%,0.0290008541,>=0.05,no
site2/train/video5frame007,EndoVis 2018,site2,train,site2/video5,7,q8_mask_center_5pct_v1,x=25%-75%; y=25%-75%,0.0479705818,>=0.05,no
site2/train/video5frame008,EndoVis 2018,site2,train,site2/video5,8,q8_mask_center_5pct_v1,x=25%-75%; y=25%-75%,0.0588195808,>=0.05,yes
site2/train/video5frame009,EndoVis 2018,site2,train,site2/video5,9,q8_mask_center_5pct_v1,x=25%-75%; y=25%-75%,0.0516845696,>=0.05,yes
site2/train/video5frame010,EndoVis 2018,site2,train,site2/video5,10,q8_mask_center_5pct_v1,x=25%-75%; y=25%-75%,0.0000000000,>=0.05,no
site2/train/video5frame011,EndoVis 2018,site2,train,site2/video5,11,q8_mask_center_5pct_v1,x=25%-75%; y=25%-75%,0.0000091553,>=0.05,no
site2/train/video5frame012,EndoVis 2018,site2,train,site2/video5,12,q8_mask_center_5pct_v1,x=25%-75%; y=25%-75%,0.0240814202,>=0.05,no
site2/train/video5frame013,EndoVis 2018,site2,train,site2/video5,13,q8_mask_center_5pct_v1,x=25%-75%; y=25%-75%,0.0202148445,>=0.05,no
site2/train/video5frame014,EndoVis 2018,site2,train,site2/video5,14,q8_mask_center_5pct_v1,x=25%-75%; y=25%-75%,0.0143035892,>=0.05,no
site2/train/video5frame015,EndoVis 2018,site2,train,site2/video5,15,q8_mask_center_5pct_v1,x=25%-75%; y=25%-75%,0.0000000000,>=0.05,no
site2/train/video5frame016,EndoVis 2018,site2,train,site2/video5,16,q8_mask_center_5pct_v1,x=25%-75%; y=25%-75%,0.0000000000,>=0.05,no
site2/train/video5frame017,EndoVis 2018,site2,train,site2/video5,17,q8_mask_center_5pct_v1,x=25%-75%; y=25%-75%,0.0009124756,>=0.05,no
site2/train/video5frame018,EndoVis 2018,site2,train,site2/video5,18,q8_mask_center_5pct_v1,x=25%-75%; y=25%-75%,0.0892608613,>=0.05,yes
site2/train/video5frame019,EndoVis 2018,site2,train,site2/video5,19,q8_mask_center_5pct_v1,x=25%-75%; y=25%-75%,0.0752105713,>=0.05,yes
site2/train/video5frame020,EndoVis 2018,site2,train,site2/video5,20,q8_mask_center_5pct_v1,x=25%-75%; y=25%-75%,0.0635528564,>=0.05,yes
site2/train/video5frame021,EndoVis 2018,site2,train,site2/video5,21,q8_mask_center_5pct_v1,x=25%-75%; y=25%-75%,0.0604553223,>=0.05,yes
site2/train/video5frame022,EndoVis 2018,site2,train,site2/video5,22,q8_mask_center_5pct_v1,x=25%-75%; y=25%-75%,0.0065643312,>=0.05,no
site2/train/video5frame023,EndoVis 2018,site2,train,site2/video5,23,q8_mask_center_5pct_v1,x=25%-75%; y=25%-75%,0.0361968987,>=0.05,no
site2/train/video5frame024,EndoVis 2018,site2,train,site2/video5,24,q8_mask_center_5pct_v1,x=25%-75%; y=25%-75%,0.0551513657,>=0.05,yes
site2/train/video5frame025,EndoVis 2018,site2,train,site2/video5,25,q8_mask_center_5pct_v1,x=25%-75%; y=25%-75%,0.0417144783,>=0.05,no
site2/train/video5frame026,EndoVis 2018,site2,train,site2/video5,26,q8_mask_center_5pct_v1,x=25%-75%; y=25%-75%,0.0417144783,>=0.05,no
site2/train/video5frame027,EndoVis 2018,site2,train,site2/video5,27,q8_mask_center_5pct_v1,x=25%-75%; y=25%-75%,0.0427490249,>=0.05,no
site2/train/video5frame028,EndoVis 2018,site2,train,site2/video5,28,q8_mask_center_5pct_v1,x=25%-75%; y=25%-75%,0.0433807373,>=0.05,no
site2/train/video5frame029,EndoVis 2018,site2,train,site2/video5,29,q8_mask_center_5pct_v1,x=25%-75%; y=25%-75%,0.0995391831,>=0.05,yes
site2/train/video5frame030,EndoVis 2018,site2,train,site2/video5,30,q8_mask_center_5pct_v1,x=25%-75%; y=25%-75%,0.0656524673,>=0.05,yes
site2/train/video5frame031,EndoVis 2018,site2,train,site2/video5,31,q8_mask_center_5pct_v1,x=25%-75%; y=25%-75%,0.1797576845,>=0.05,yes
site2/train/video5frame032,EndoVis 2018,site2,train,site2/video5,32,q8_mask_center_5pct_v1,x=25%-75%; y=25%-75%,0.1732726991,>=0.05,yes
site2/train/video5frame033,EndoVis 2018,site2,train,site2/video5,33,q8_mask_center_5pct_v1,x=25%-75%; y=25%-75%,0.1886291504,>=0.05,yes
site2/train/video5frame034,EndoVis 2018,site2,train,site2/video5,34,q8_mask_center_5pct_v1,x=25%-75%; y=25%-75%,0.1444213837,>=0.05,yes
site2/train/video5frame035,EndoVis 2018,site2,train,site2/video5,35,q8_mask_center_5pct_v1,x=25%-75%; y=25%-75%,0.1045105010,>=0.05,yes
site2/train/video5frame036,EndoVis 2018,site2,train,site2/video5,36,q8_mask_center_5pct_v1,x=25%-75%; y=25%-75%,0.1291381866,>=0.05,yes
site2/train/video5frame037,EndoVis 2018,site2,train,site2/video5,37,q8_mask_center_5pct_v1,x=25%-75%; y=25%-75%,0.0897918716,>=0.05,yes
site2/train/video5frame038,EndoVis 2018,site2,train,site2/video5,38,q8_mask_center_5pct_v1,x=25%-75%; y=25%-75%,0.1310668886,>=0.05,yes
site2/train/video5frame039,EndoVis 2018,site2,train,site2/video5,39,q8_mask_center_5pct_v1,x=25%-75%; y=25%-75%,0.0555755608,>=0.05,yes
site2/train/video5frame040,EndoVis 2018,site2,train,site2/video5,40,q8_mask_center_5pct_v1,x=25%-75%; y=25%-75%,0.1088165268,>=0.05,yes
site2/train/video5frame041,EndoVis 2018,site2,train,site2/video5,41,q8_mask_center_5pct_v1,x=25%-75%; y=25%-75%,0.1440612823,>=0.05,yes
site2/train/video5frame042,EndoVis 2018,site2,train,site2/video5,42,q8_mask_center_5pct_v1,x=25%-75%; y=25%-75%,0.1474273652,>=0.05,yes
site2/train/video5frame043,EndoVis 2018,site2,train,site2/video5,43,q8_mask_center_5pct_v1,x=25%-75%; y=25%-75%,0.2007232606,>=0.05,yes
site2/train/video5frame044,EndoVis 2018,site2,train,site2/video5,44,q8_mask_center_5pct_v1,x=25%-75%; y=25%-75%,0.2877197266,>=0.05,yes
site2/train/video5frame045,EndoVis 2018,site2,train,site2/video5,45,q8_mask_center_5pct_v1,x=25%-75%; y=25%-75%,0.2522094846,>=0.05,yes
site2/train/video5frame046,EndoVis 2018,site2,train,site2/video5,46,q8_mask_center_5pct_v1,x=25%-75%; y=25%-75%,0.4284576476,>=0.05,yes
site2/train/video5frame047,EndoVis 2018,site2,train,site2/video5,47,q8_mask_center_5pct_v1,x=25%-75%; y=25%-75%,0.5268920660,>=0.05,yes
site2/train/video5frame048,EndoVis 2018,site2,train,site2/video5,48,q8_mask_center_5pct_v1,x=25%-75%; y=25%-75%,0.2155853212,>=0.05,yes
site2/train/video5frame049,EndoVis 2018,site2,train,site2/video5,49,q8_mask_center_5pct_v1,x=25%-75%; y=25%-75%,0.2724792361,>=0.05,yes
site2/train/video5frame050,EndoVis 2018,site2,train,site2/video5,50,q8_mask_center_5pct_v1,x=25%-75%; y=25%-75%,0.3719268739,>=0.05,yes
site2/train/video5frame051,EndoVis 2018,site2,train,site2/video5,51,q8_mask_center_5pct_v1,x=25%-75%; y=25%-75%,0.3067718446,>=0.05,yes
site2/train/video5frame052,EndoVis 2018,site2,train,site2/video5,52,q8_mask_center_5pct_v1,x=25%-75%; y=25%-75%,0.2604217529,>=0.05,yes
site2/train/video5frame053,EndoVis 2018,site2,train,site2/video5,53,q8_mask_center_5pct_v1,x=25%-75%; y=25%-75%,0.2177337706,>=0.05,yes
site2/train/video5frame054,EndoVis 2018,site2,train,site2/video5,54,q8_mask_center_5pct_v1,x=25%-75%; y=25%-75%,0.3049407899,>=0.05,yes
site2/train/video5frame055,EndoVis 2018,site2,train,site2/video5,55,q8_mask_center_5pct_v1,x=25%-75%; y=25%-75%,0.2055877745,>=0.05,yes
site2/train/video5frame056,EndoVis 2018,site2,train,site2/video5,56,q8_mask_center_5pct_v1,x=25%-75%; y=25%-75%,0.0946563706,>=0.05,yes
site2/train/video5frame057,EndoVis 2018,site2,train,site2/video5,57,q8_mask_center_5pct_v1,x=25%-75%; y=25%-75%,0.0492034927,>=0.05,no
site2/train/video5frame058,EndoVis 2018,site2,train,site2/video5,58,q8_mask_center_5pct_v1,x=25%-75%; y=25%-75%,0.1553283632,>=0.05,yes
site2/train/video5frame059,EndoVis 2018,site2,train,site2/video5,59,q8_mask_center_5pct_v1,x=25%-75%; y=25%-75%,0.0810089111,>=0.05,yes
site2/train/video5frame060,EndoVis 2018,site2,train,site2/video5,60,q8_mask_center_5pct_v1,x=25%-75%; y=25%-75%,0.1983276308,>=0.05,yes
site2/train/video5frame061,EndoVis 2018,site2,train,site2/video5,61,q8_mask_center_5pct_v1,x=25%-75%; y=25%-75%,0.1429595947,>=0.05,yes
site2/train/video5frame062,EndoVis 2018,site2,train,site2/video5,62,q8_mask_center_5pct_v1,x=25%-75%; y=25%-75%,0.2824584842,>=0.05,yes
site2/train/video5frame063,EndoVis 2018,site2,train,site2/video5,63,q8_mask_center_5pct_v1,x=25%-75%; y=25%-75%,0.2130401582,>=0.05,yes
site2/train/video5frame064,EndoVis 2018,site2,train,site2/video5,64,q8_mask_center_5pct_v1,x=25%-75%; y=25%-75%,0.0946624726,>=0.05,yes
site2/train/video5frame065,EndoVis 2018,site2,train,site2/video5,65,q8_mask_center_5pct_v1,x=25%-75%; y=25%-75%,0.0374176018,>=0.05,no
site2/train/video5frame066,EndoVis 2018,site2,train,site2/video5,66,q8_mask_center_5pct_v1,x=25%-75%; y=25%-75%,0.1948974580,>=0.05,yes
site2/train/video5frame067,EndoVis 2018,site2,train,site2/video5,67,q8_mask_center_5pct_v1,x=25%-75%; y=25%-75%,0.1930969208,>=0.05,yes
site2/train/video5frame068,EndoVis 2018,site2,train,site2/video5,68,q8_mask_center_5pct_v1,x=25%-75%; y=25%-75%,0.2865081728,>=0.05,yes
site2/train/video5frame069,EndoVis 2018,site2,train,site2/video5,69,q8_mask_center_5pct_v1,x=25%-75%; y=25%-75%,0.2004089355,>=0.05,yes
site2/train/video5frame070,EndoVis 2018,site2,train,site2/video5,70,q8_mask_center_5pct_v1,x=25%-75%; y=25%-75%,0.0867950469,>=0.05,yes
site2/train/video5frame071,EndoVis 2018,site2,train,site2/video5,71,q8_mask_center_5pct_v1,x=25%-75%; y=25%-75%,0.2056060731,>=0.05,yes
site2/train/video5frame072,EndoVis 2018,site2,train,site2/video5,72,q8_mask_center_5pct_v1,x=25%-75%; y=25%-75%,0.1908172667,>=0.05,yes
site2/train/video5frame073,EndoVis 2018,site2,train,site2/video5,73,q8_mask_center_5pct_v1,x=25%-75%; y=25%-75%,0.2211578339,>=0.05,yes
site2/train/video5frame074,EndoVis 2018,site2,train,site2/video5,74,q8_mask_center_5pct_v1,x=25%-75%; y=25%-75%,0.4009033144,>=0.05,yes
site2/train/video5frame075,EndoVis 2018,site2,train,site2/video5,75,q8_mask_center_5pct_v1,x=25%-75%; y=25%-75%,0.3344696164,>=0.05,yes
site2/train/video5frame076,EndoVis 2018,site2,train,site2/video5,76,q8_mask_center_5pct_v1,x=25%-75%; y=25%-75%,0.2288116515,>=0.05,yes
site2/train/video5frame077,EndoVis 2018,site2,train,site2/video5,77,q8_mask_center_5pct_v1,x=25%-75%; y=25%-75%,0.3119567931,>=0.05,yes
site2/train/video5frame078,EndoVis 2018,site2,train,site2/video5,78,q8_mask_center_5pct_v1,x=25%-75%; y=25%-75%,0.2470245361,>=0.05,yes
site2/train/video5frame079,EndoVis 2018,site2,train,site2/video5,79,q8_mask_center_5pct_v1,x=25%-75%; y=25%-75%,0.1430877745,>=0.05,yes
site2/train/video5frame080,EndoVis 2018,site2,train,site2/video5,80,q8_mask_center_5pct_v1,x=25%-75%; y=25%-75%,0.2097015381,>=0.05,yes
site2/train/video5frame081,EndoVis 2018,site2,train,site2/video5,81,q8_mask_center_5pct_v1,x=25%-75%; y=25%-75%,0.2564697266,>=0.05,yes
site2/train/video5frame082,EndoVis 2018,site2,train,site2/video5,82,q8_mask_center_5pct_v1,x=25%-75%; y=25%-75%,0.2007690370,>=0.05,yes
site2/train/video5frame083,EndoVis 2018,site2,train,site2/video5,83,q8_mask_center_5pct_v1,x=25%-75%; y=25%-75%,0.1286407411,>=0.05,yes
site2/train/video5frame084,EndoVis 2018,site2,train,site2/video5,84,q8_mask_center_5pct_v1,x=25%-75%; y=25%-75%,0.1547363251,>=0.05,yes
site2/train/video5frame085,EndoVis 2018,site2,train,site2/video5,85,q8_mask_center_5pct_v1,x=25%-75%; y=25%-75%,0.0583190918,>=0.05,yes
site2/train/video5frame086,EndoVis 2018,site2,train,site2/video5,86,q8_mask_center_5pct_v1,x=25%-75%; y=25%-75%,0.1865478456,>=0.05,yes
site2/train/video5frame087,EndoVis 2018,site2,train,site2/video5,87,q8_mask_center_5pct_v1,x=25%-75%; y=25%-75%,0.1451507509,>=0.05,yes
site2/train/video5frame088,EndoVis 2018,site2,train,site2/video5,88,q8_mask_center_5pct_v1,x=25%-75%; y=25%-75%,0.1248260513,>=0.05,yes
site2/train/video5frame089,EndoVis 2018,site2,train,site2/video5,89,q8_mask_center_5pct_v1,x=25%-75%; y=25%-75%,0.1345428526,>=0.05,yes
site2/train/video5frame090,EndoVis 2018,site2,train,site2/video5,90,q8_mask_center_5pct_v1,x=25%-75%; y=25%-75%,0.1669128388,>=0.05,yes
site2/train/video5frame091,EndoVis 2018,site2,train,site2/video5,91,q8_mask_center_5pct_v1,x=25%-75%; y=25%-75%,0.2409606874,>=0.05,yes
site2/train/video5frame092,EndoVis 2018,site2,train,site2/video5,92,q8_mask_center_5pct_v1,x=25%-75%; y=25%-75%,0.3103973269,>=0.05,yes
site2/train/video5frame093,EndoVis 2018,site2,train,site2/video5,93,q8_mask_center_5pct_v1,x=25%-75%; y=25%-75%,0.3171295226,>=0.05,yes
site2/train/video5frame094,EndoVis 2018,site2,train,site2/video5,94,q8_mask_center_5pct_v1,x=25%-75%; y=25%-75%,0.1175109893,>=0.05,yes
site2/train/video5frame095,EndoVis 2018,site2,train,site2/video5,95,q8_mask_center_5pct_v1,x=25%-75%; y=25%-75%,0.2059997618,>=0.05,yes
site2/train/video5frame096,EndoVis 2018,site2,train,site2/video5,96,q8_mask_center_5pct_v1,x=25%-75%; y=25%-75%,0.3309448361,>=0.05,yes
site2/train/video5frame097,EndoVis 2018,site2,train,site2/video5,97,q8_mask_center_5pct_v1,x=25%-75%; y=25%-75%,0.3054931760,>=0.05,yes
site2/train/video5frame098,EndoVis 2018,site2,train,site2/video5,98,q8_mask_center_5pct_v1,x=25%-75%; y=25%-75%,0.2555023134,>=0.05,yes
site2/train/video5frame099,EndoVis 2018,site2,train,site2/video5,99,q8_mask_center_5pct_v1,x=25%-75%; y=25%-75%,0.1891387999,>=0.05,yes
site2/train/video5frame100,EndoVis 2018,site2,train,site2/video5,100,q8_mask_center_5pct_v1,x=25%-75%; y=25%-75%,0.1869689971,>=0.05,yes
site2/train/video5frame101,EndoVis 2018,site2,train,site2/video5,101,q8_mask_center_5pct_v1,x=25%-75%; y=25%-75%,0.2211486846,>=0.05,yes
site2/train/video5frame102,EndoVis 2018,site2,train,site2/video5,102,q8_mask_center_5pct_v1,x=25%-75%; y=25%-75%,0.2297241241,>=0.05,yes
site2/train/video5frame103,EndoVis 2018,site2,train,site2/video5,103,q8_mask_center_5pct_v1,x=25%-75%; y=25%-75%,0.1875427216,>=0.05,yes
site2/train/video5frame104,EndoVis 2018,site2,train,site2/video5,104,q8_mask_center_5pct_v1,x=25%-75%; y=25%-75%,0.2779083252,>=0.05,yes
site2/train/video5frame105,EndoVis 2018,site2,train,site2/video5,105,q8_mask_center_5pct_v1,x=25%-75%; y=25%-75%,0.2471527159,>=0.05,yes
site2/train/video5frame106,EndoVis 2018,site2,train,site2/video5,106,q8_mask_center_5pct_v1,x=25%-75%; y=25%-75%,0.2781097293,>=0.05,yes
site2/train/video5frame107,EndoVis 2018,site2,train,site2/video5,107,q8_mask_center_5pct_v1,x=25%-75%; y=25%-75%,0.2862915099,>=0.05,yes
site2/train/video5frame108,EndoVis 2018,site2,train,site2/video5,108,q8_mask_center_5pct_v1,x=25%-75%; y=25%-75%,0.1023834199,>=0.05,yes
site2/train/video5frame109,EndoVis 2018,site2,train,site2/video5,109,q8_mask_center_5pct_v1,x=25%-75%; y=25%-75%,0.2391601503,>=0.05,yes
site2/train/video5frame110,EndoVis 2018,site2,train,site2/video5,110,q8_mask_center_5pct_v1,x=25%-75%; y=25%-75%,0.1813293397,>=0.05,yes
site2/train/video5frame111,EndoVis 2018,site2,train,site2/video5,111,q8_mask_center_5pct_v1,x=25%-75%; y=25%-75%,0.2372528017,>=0.05,yes
site2/train/video5frame112,EndoVis 2018,site2,train,site2/video5,112,q8_mask_center_5pct_v1,x=25%-75%; y=25%-75%,0.1923706084,>=0.05,yes
site2/train/video5frame113,EndoVis 2018,site2,train,site2/video5,113,q8_mask_center_5pct_v1,x=25%-75%; y=25%-75%,0.2245910615,>=0.05,yes
site2/train/video5frame114,EndoVis 2018,site2,train,site2/video5,114,q8_mask_center_5pct_v1,x=25%-75%; y=25%-75%,0.1495330781,>=0.05,yes
site2/train/video5frame115,EndoVis 2018,site2,train,site2/video5,115,q8_mask_center_5pct_v1,x=25%-75%; y=25%-75%,0.1946289092,>=0.05,yes
site2/train/video5frame116,EndoVis 2018,site2,train,site2/video5,116,q8_mask_center_5pct_v1,x=25%-75%; y=25%-75%,0.2035247833,>=0.05,yes
site2/train/video5frame117,EndoVis 2018,site2,train,site2/video5,117,q8_mask_center_5pct_v1,x=25%-75%; y=25%-75%,0.1755096465,>=0.05,yes
site2/train/video5frame118,EndoVis 2018,site2,train,site2/video5,118,q8_mask_center_5pct_v1,x=25%-75%; y=25%-75%,0.2120941132,>=0.05,yes
site2/train/video5frame119,EndoVis 2018,site2,train,site2/video5,119,q8_mask_center_5pct_v1,x=25%-75%; y=25%-75%,0.2714141905,>=0.05,yes
site2/train/video5frame120,EndoVis 2018,site2,train,site2/video5,120,q8_mask_center_5pct_v1,x=25%-75%; y=25%-75%,0.2048370391,>=0.05,yes
site2/train/video5frame121,EndoVis 2018,site2,train,site2/video5,121,q8_mask_center_5pct_v1,x=25%-75%; y=25%-75%,0.2162841856,>=0.05,yes
site2/train/video5frame122,EndoVis 2018,site2,train,site2/video5,122,q8_mask_center_5pct_v1,x=25%-75%; y=25%-75%,0.1140747070,>=0.05,yes
site2/train/video5frame123,EndoVis 2018,site2,train,site2/video5,123,q8_mask_center_5pct_v1,x=25%-75%; y=25%-75%,0.1215820312,>=0.05,yes
site2/train/video5frame124,EndoVis 2018,site2,train,site2/video5,124,q8_mask_center_5pct_v1,x=25%-75%; y=25%-75%,0.0676055923,>=0.05,yes
site2/train/video5frame125,EndoVis 2018,site2,train,site2/video5,125,q8_mask_center_5pct_v1,x=25%-75%; y=25%-75%,0.0894287080,>=0.05,yes
site2/train/video5frame126,EndoVis 2018,site2,train,site2/video5,126,q8_mask_center_5pct_v1,x=25%-75%; y=25%-75%,0.0081573483,>=0.05,no
site2/train/video5frame127,EndoVis 2018,site2,train,site2/video5,127,q8_mask_center_5pct_v1,x=25%-75%; y=25%-75%,0.0089904787,>=0.05,no
site2/train/video5frame128,EndoVis 2018,site2,train,site2/video5,128,q8_mask_center_5pct_v1,x=25%-75%; y=25%-75%,0.0322418213,>=0.05,no
site2/train/video5frame129,EndoVis 2018,site2,train,site2/video5,129,q8_mask_center_5pct_v1,x=25%-75%; y=25%-75%,0.0720764175,>=0.05,yes
site2/train/video5frame130,EndoVis 2018,site2,train,site2/video5,130,q8_mask_center_5pct_v1,x=25%-75%; y=25%-75%,0.0620239265,>=0.05,yes
site2/train/video5frame131,EndoVis 2018,site2,train,site2/video5,131,q8_mask_center_5pct_v1,x=25%-75%; y=25%-75%,0.0940734893,>=0.05,yes
site2/train/video5frame132,EndoVis 2018,site2,train,site2/video5,132,q8_mask_center_5pct_v1,x=25%-75%; y=25%-75%,0.0251373295,>=0.05,no
site2/train/video5frame133,EndoVis 2018,site2,train,site2/video5,133,q8_mask_center_5pct_v1,x=25%-75%; y=25%-75%,0.0967864990,>=0.05,yes
site2/train/video5frame134,EndoVis 2018,site2,train,site2/video5,134,q8_mask_center_5pct_v1,x=25%-75%; y=25%-75%,0.1096099839,>=0.05,yes
site2/train/video5frame135,EndoVis 2018,site2,train,site2/video5,135,q8_mask_center_5pct_v1,x=25%-75%; y=25%-75%,0.1511383057,>=0.05,yes
site2/train/video5frame136,EndoVis 2018,site2,train,site2/video5,136,q8_mask_center_5pct_v1,x=25%-75%; y=25%-75%,0.2349121124,>=0.05,yes
site2/train/video5frame137,EndoVis 2018,site2,train,site2/video5,137,q8_mask_center_5pct_v1,x=25%-75%; y=25%-75%,0.2743957639,>=0.05,yes
site2/train/video5frame138,EndoVis 2018,site2,train,site2/video5,138,q8_mask_center_5pct_v1,x=25%-75%; y=25%-75%,0.3187805116,>=0.05,yes
site2/train/video5frame139,EndoVis 2018,site2,train,site2/video5,139,q8_mask_center_5pct_v1,x=25%-75%; y=25%-75%,0.2591674924,>=0.05,yes
site2/train/video5frame140,EndoVis 2018,site2,train,site2/video5,140,q8_mask_center_5pct_v1,x=25%-75%; y=25%-75%,0.1780731231,>=0.05,yes
site2/train/video5frame141,EndoVis 2018,site2,train,site2/video5,141,q8_mask_center_5pct_v1,x=25%-75%; y=25%-75%,0.2333557159,>=0.05,yes
site2/train/video5frame142,EndoVis 2018,site2,train,site2/video5,142,q8_mask_center_5pct_v1,x=25%-75%; y=25%-75%,0.2047271729,>=0.05,yes
site2/train/video5frame143,EndoVis 2018,site2,train,site2/video5,143,q8_mask_center_5pct_v1,x=25%-75%; y=25%-75%,0.3281250000,>=0.05,yes
site2/train/video5frame144,EndoVis 2018,site2,train,site2/video5,144,q8_mask_center_5pct_v1,x=25%-75%; y=25%-75%,0.0522949211,>=0.05,yes
site2/train/video5frame145,EndoVis 2018,site2,train,site2/video5,145,q8_mask_center_5pct_v1,x=25%-75%; y=25%-75%,0.2009979188,>=0.05,yes
site2/train/video5frame146,EndoVis 2018,site2,train,site2/video5,146,q8_mask_center_5pct_v1,x=25%-75%; y=25%-75%,0.2521850467,>=0.05,yes
site2/train/video5frame147,EndoVis 2018,site2,train,site2/video5,147,q8_mask_center_5pct_v1,x=25%-75%; y=25%-75%,0.2570343018,>=0.05,yes
site2/train/video5frame148,EndoVis 2018,site2,train,site2/video5,148,q8_mask_center_5pct_v1,x=25%-75%; y=25%-75%,0.0539489761,>=0.05,yes
site2/train/video6frame000,EndoVis 2018,site2,train,site2/video6,0,q8_mask_center_5pct_v1,x=25%-75%; y=25%-75%,0.4117126465,>=0.05,yes
site2/train/video6frame001,EndoVis 2018,site2,train,site2/video6,1,q8_mask_center_5pct_v1,x=25%-75%; y=25%-75%,0.1738403291,>=0.05,yes
site2/train/video6frame002,EndoVis 2018,site2,train,site2/video6,2,q8_mask_center_5pct_v1,x=25%-75%; y=25%-75%,0.0092651369,>=0.05,no
site2/train/video6frame003,EndoVis 2018,site2,train,site2/video6,3,q8_mask_center_5pct_v1,x=25%-75%; y=25%-75%,0.0331970230,>=0.05,no
site2/train/video6frame004,EndoVis 2018,site2,train,site2/video6,4,q8_mask_center_5pct_v1,x=25%-75%; y=25%-75%,0.3536224365,>=0.05,yes
site2/train/video6frame005,EndoVis 2018,site2,train,site2/video6,5,q8_mask_center_5pct_v1,x=25%-75%; y=25%-75%,0.1443359405,>=0.05,yes
site2/train/video6frame006,EndoVis 2018,site2,train,site2/video6,6,q8_mask_center_5pct_v1,x=25%-75%; y=25%-75%,0.0761993378,>=0.05,yes
site2/train/video6frame007,EndoVis 2018,site2,train,site2/video6,7,q8_mask_center_5pct_v1,x=25%-75%; y=25%-75%,0.2401306182,>=0.05,yes
site2/train/video6frame008,EndoVis 2018,site2,train,site2/video6,8,q8_mask_center_5pct_v1,x=25%-75%; y=25%-75%,0.1790405214,>=0.05,yes
site2/train/video6frame009,EndoVis 2018,site2,train,site2/video6,9,q8_mask_center_5pct_v1,x=25%-75%; y=25%-75%,0.1114288345,>=0.05,yes
site2/train/video6frame010,EndoVis 2018,site2,train,site2/video6,10,q8_mask_center_5pct_v1,x=25%-75%; y=25%-75%,0.0383697525,>=0.05,no
site2/train/video6frame011,EndoVis 2018,site2,train,site2/video6,11,q8_mask_center_5pct_v1,x=25%-75%; y=25%-75%,0.1991546601,>=0.05,yes
site2/train/video6frame012,EndoVis 2018,site2,train,site2/video6,12,q8_mask_center_5pct_v1,x=25%-75%; y=25%-75%,0.0889556855,>=0.05,yes
site2/train/video6frame013,EndoVis 2018,site2,train,site2/video6,13,q8_mask_center_5pct_v1,x=25%-75%; y=25%-75%,0.1215057373,>=0.05,yes
site2/train/video6frame014,EndoVis 2018,site2,train,site2/video6,14,q8_mask_center_5pct_v1,x=25%-75%; y=25%-75%,0.1700622588,>=0.05,yes
site2/train/video6frame015,EndoVis 2018,site2,train,site2/video6,15,q8_mask_center_5pct_v1,x=25%-75%; y=25%-75%,0.1293914765,>=0.05,yes
site2/train/video6frame016,EndoVis 2018,site2,train,site2/video6,16,q8_mask_center_5pct_v1,x=25%-75%; y=25%-75%,0.0569213852,>=0.05,yes
site2/train/video6frame017,EndoVis 2018,site2,train,site2/video6,17,q8_mask_center_5pct_v1,x=25%-75%; y=25%-75%,0.2716125548,>=0.05,yes
site2/train/video6frame018,EndoVis 2018,site2,train,site2/video6,18,q8_mask_center_5pct_v1,x=25%-75%; y=25%-75%,0.1195800751,>=0.05,yes
site2/train/video6frame019,EndoVis 2018,site2,train,site2/video6,19,q8_mask_center_5pct_v1,x=25%-75%; y=25%-75%,0.0259033199,>=0.05,no
site2/train/video6frame020,EndoVis 2018,site2,train,site2/video6,20,q8_mask_center_5pct_v1,x=25%-75%; y=25%-75%,0.0532104485,>=0.05,yes
site2/train/video6frame021,EndoVis 2018,site2,train,site2/video6,21,q8_mask_center_5pct_v1,x=25%-75%; y=25%-75%,0.0714874268,>=0.05,yes
site2/train/video6frame022,EndoVis 2018,site2,train,site2/video6,22,q8_mask_center_5pct_v1,x=25%-75%; y=25%-75%,0.1196289062,>=0.05,yes
site2/train/video6frame023,EndoVis 2018,site2,train,site2/video6,23,q8_mask_center_5pct_v1,x=25%-75%; y=25%-75%,0.1176849380,>=0.05,yes
site2/train/video6frame024,EndoVis 2018,site2,train,site2/video6,24,q8_mask_center_5pct_v1,x=25%-75%; y=25%-75%,0.1894348115,>=0.05,yes
site2/train/video6frame025,EndoVis 2018,site2,train,site2/video6,25,q8_mask_center_5pct_v1,x=25%-75%; y=25%-75%,0.1360321045,>=0.05,yes
site2/train/video6frame026,EndoVis 2018,site2,train,site2/video6,26,q8_mask_center_5pct_v1,x=25%-75%; y=25%-75%,0.1817016602,>=0.05,yes
site2/train/video6frame027,EndoVis 2018,site2,train,site2/video6,27,q8_mask_center_5pct_v1,x=25%-75%; y=25%-75%,0.0919464082,>=0.05,yes
site2/train/video6frame028,EndoVis 2018,site2,train,site2/video6,28,q8_mask_center_5pct_v1,x=25%-75%; y=25%-75%,0.2076599151,>=0.05,yes
site2/train/video6frame029,EndoVis 2018,site2,train,site2/video6,29,q8_mask_center_5pct_v1,x=25%-75%; y=25%-75%,0.0452545173,>=0.05,no
site2/train/video6frame030,EndoVis 2018,site2,train,site2/video6,30,q8_mask_center_5pct_v1,x=25%-75%; y=25%-75%,0.4150207639,>=0.05,yes
site2/train/video6frame031,EndoVis 2018,site2,train,site2/video6,31,q8_mask_center_5pct_v1,x=25%-75%; y=25%-75%,0.0000000000,>=0.05,no
site2/train/video6frame032,EndoVis 2018,site2,train,site2/video6,32,q8_mask_center_5pct_v1,x=25%-75%; y=25%-75%,0.1091766357,>=0.05,yes
site2/train/video6frame033,EndoVis 2018,site2,train,site2/video6,33,q8_mask_center_5pct_v1,x=25%-75%; y=25%-75%,0.0000000000,>=0.05,no
site2/train/video6frame034,EndoVis 2018,site2,train,site2/video6,34,q8_mask_center_5pct_v1,x=25%-75%; y=25%-75%,0.2048370391,>=0.05,yes
site2/train/video6frame035,EndoVis 2018,site2,train,site2/video6,35,q8_mask_center_5pct_v1,x=25%-75%; y=25%-75%,0.0002380371,>=0.05,no
site2/train/video6frame036,EndoVis 2018,site2,train,site2/video6,36,q8_mask_center_5pct_v1,x=25%-75%; y=25%-75%,0.0000000000,>=0.05,no
site2/train/video6frame037,EndoVis 2018,site2,train,site2/video6,37,q8_mask_center_5pct_v1,x=25%-75%; y=25%-75%,0.0478820801,>=0.05,no
site2/train/video6frame038,EndoVis 2018,site2,train,site2/video6,38,q8_mask_center_5pct_v1,x=25%-75%; y=25%-75%,0.1520874053,>=0.05,yes
site2/train/video6frame039,EndoVis 2018,site2,train,site2/video6,39,q8_mask_center_5pct_v1,x=25%-75%; y=25%-75%,0.0100830076,>=0.05,no
site2/train/video6frame040,EndoVis 2018,site2,train,site2/video6,40,q8_mask_center_5pct_v1,x=25%-75%; y=25%-75%,0.0712005645,>=0.05,yes
site2/train/video6frame041,EndoVis 2018,site2,train,site2/video6,41,q8_mask_center_5pct_v1,x=25%-75%; y=25%-75%,0.0616210923,>=0.05,yes
site2/train/video6frame042,EndoVis 2018,site2,train,site2/video6,42,q8_mask_center_5pct_v1,x=25%-75%; y=25%-75%,0.0781524628,>=0.05,yes
site2/train/video6frame043,EndoVis 2018,site2,train,site2/video6,43,q8_mask_center_5pct_v1,x=25%-75%; y=25%-75%,0.3484466672,>=0.05,yes
site2/train/video6frame044,EndoVis 2018,site2,train,site2/video6,44,q8_mask_center_5pct_v1,x=25%-75%; y=25%-75%,0.2949096560,>=0.05,yes
site2/train/video6frame045,EndoVis 2018,site2,train,site2/video6,45,q8_mask_center_5pct_v1,x=25%-75%; y=25%-75%,0.0630828887,>=0.05,yes
site2/train/video6frame046,EndoVis 2018,site2,train,site2/video6,46,q8_mask_center_5pct_v1,x=25%-75%; y=25%-75%,0.1609985381,>=0.05,yes
site2/train/video6frame047,EndoVis 2018,site2,train,site2/video6,47,q8_mask_center_5pct_v1,x=25%-75%; y=25%-75%,0.1626830995,>=0.05,yes
site2/train/video6frame048,EndoVis 2018,site2,train,site2/video6,48,q8_mask_center_5pct_v1,x=25%-75%; y=25%-75%,0.0251007080,>=0.05,no
site2/train/video6frame049,EndoVis 2018,site2,train,site2/video6,49,q8_mask_center_5pct_v1,x=25%-75%; y=25%-75%,0.1131683365,>=0.05,yes
site2/train/video6frame050,EndoVis 2018,site2,train,site2/video6,50,q8_mask_center_5pct_v1,x=25%-75%; y=25%-75%,0.2104309052,>=0.05,yes
site2/train/video6frame051,EndoVis 2018,site2,train,site2/video6,51,q8_mask_center_5pct_v1,x=25%-75%; y=25%-75%,0.2138458192,>=0.05,yes
site2/train/video6frame052,EndoVis 2018,site2,train,site2/video6,52,q8_mask_center_5pct_v1,x=25%-75%; y=25%-75%,0.1943298280,>=0.05,yes
site2/train/video6frame053,EndoVis 2018,site2,train,site2/video6,53,q8_mask_center_5pct_v1,x=25%-75%; y=25%-75%,0.1290802062,>=0.05,yes
site2/train/video6frame054,EndoVis 2018,site2,train,site2/video6,54,q8_mask_center_5pct_v1,x=25%-75%; y=25%-75%,0.2074218690,>=0.05,yes
site2/train/video6frame055,EndoVis 2018,site2,train,site2/video6,55,q8_mask_center_5pct_v1,x=25%-75%; y=25%-75%,0.1000335664,>=0.05,yes
site2/train/video6frame056,EndoVis 2018,site2,train,site2/video6,56,q8_mask_center_5pct_v1,x=25%-75%; y=25%-75%,0.1323455870,>=0.05,yes
site2/train/video6frame057,EndoVis 2018,site2,train,site2/video6,57,q8_mask_center_5pct_v1,x=25%-75%; y=25%-75%,0.1081115752,>=0.05,yes
site2/train/video6frame058,EndoVis 2018,site2,train,site2/video6,58,q8_mask_center_5pct_v1,x=25%-75%; y=25%-75%,0.1011444107,>=0.05,yes
site2/train/video6frame059,EndoVis 2018,site2,train,site2/video6,59,q8_mask_center_5pct_v1,x=25%-75%; y=25%-75%,0.0677795410,>=0.05,yes
site2/train/video6frame060,EndoVis 2018,site2,train,site2/video6,60,q8_mask_center_5pct_v1,x=25%-75%; y=25%-75%,0.3040801883,>=0.05,yes
site2/train/video6frame061,EndoVis 2018,site2,train,site2/video6,61,q8_mask_center_5pct_v1,x=25%-75%; y=25%-75%,0.2671996951,>=0.05,yes
site2/train/video6frame062,EndoVis 2018,site2,train,site2/video6,62,q8_mask_center_5pct_v1,x=25%-75%; y=25%-75%,0.2546783388,>=0.05,yes
site2/train/video6frame063,EndoVis 2018,site2,train,site2/video6,63,q8_mask_center_5pct_v1,x=25%-75%; y=25%-75%,0.3432342410,>=0.05,yes
site2/train/video6frame064,EndoVis 2018,site2,train,site2/video6,64,q8_mask_center_5pct_v1,x=25%-75%; y=25%-75%,0.3399658203,>=0.05,yes
site2/train/video6frame065,EndoVis 2018,site2,train,site2/video6,65,q8_mask_center_5pct_v1,x=25%-75%; y=25%-75%,0.0380889885,>=0.05,no
site2/train/video6frame066,EndoVis 2018,site2,train,site2/video6,66,q8_mask_center_5pct_v1,x=25%-75%; y=25%-75%,0.1301879883,>=0.05,yes
site2/train/video6frame067,EndoVis 2018,site2,train,site2/video6,67,q8_mask_center_5pct_v1,x=25%-75%; y=25%-75%,0.1145477295,>=0.05,yes
site2/train/video6frame068,EndoVis 2018,site2,train,site2/video6,68,q8_mask_center_5pct_v1,x=25%-75%; y=25%-75%,0.1540344208,>=0.05,yes
site2/train/video6frame069,EndoVis 2018,site2,train,site2/video6,69,q8_mask_center_5pct_v1,x=25%-75%; y=25%-75%,0.0839782730,>=0.05,yes
site2/train/video6frame070,EndoVis 2018,site2,train,site2/video6,70,q8_mask_center_5pct_v1,x=25%-75%; y=25%-75%,0.1099731475,>=0.05,yes
site2/train/video6frame071,EndoVis 2018,site2,train,site2/video6,71,q8_mask_center_5pct_v1,x=25%-75%; y=25%-75%,0.1043334976,>=0.05,yes
site2/train/video6frame072,EndoVis 2018,site2,train,site2/video6,72,q8_mask_center_5pct_v1,x=25%-75%; y=25%-75%,0.1090393066,>=0.05,yes
site2/train/video6frame073,EndoVis 2018,site2,train,site2/video6,73,q8_mask_center_5pct_v1,x=25%-75%; y=25%-75%,0.2834838927,>=0.05,yes
site2/train/video6frame074,EndoVis 2018,site2,train,site2/video6,74,q8_mask_center_5pct_v1,x=25%-75%; y=25%-75%,0.3441558778,>=0.05,yes
site2/train/video6frame075,EndoVis 2018,site2,train,site2/video6,75,q8_mask_center_5pct_v1,x=25%-75%; y=25%-75%,0.1755737364,>=0.05,yes
site2/train/video6frame076,EndoVis 2018,site2,train,site2/video6,76,q8_mask_center_5pct_v1,x=25%-75%; y=25%-75%,0.1763793975,>=0.05,yes
site2/train/video6frame077,EndoVis 2018,site2,train,site2/video6,77,q8_mask_center_5pct_v1,x=25%-75%; y=25%-75%,0.1250274628,>=0.05,yes
site2/train/video6frame078,EndoVis 2018,site2,train,site2/video6,78,q8_mask_center_5pct_v1,x=25%-75%; y=25%-75%,0.1191680878,>=0.05,yes
site2/train/video6frame079,EndoVis 2018,site2,train,site2/video6,79,q8_mask_center_5pct_v1,x=25%-75%; y=25%-75%,0.1428131163,>=0.05,yes
site2/train/video6frame080,EndoVis 2018,site2,train,site2/video6,80,q8_mask_center_5pct_v1,x=25%-75%; y=25%-75%,0.1335388124,>=0.05,yes
site2/train/video6frame081,EndoVis 2018,site2,train,site2/video6,81,q8_mask_center_5pct_v1,x=25%-75%; y=25%-75%,0.0670379624,>=0.05,yes
site2/train/video6frame082,EndoVis 2018,site2,train,site2/video6,82,q8_mask_center_5pct_v1,x=25%-75%; y=25%-75%,0.0169097893,>=0.05,no
site2/train/video6frame083,EndoVis 2018,site2,train,site2/video6,83,q8_mask_center_5pct_v1,x=25%-75%; y=25%-75%,0.2314025909,>=0.05,yes
site2/train/video6frame084,EndoVis 2018,site2,train,site2/video6,84,q8_mask_center_5pct_v1,x=25%-75%; y=25%-75%,0.3519470096,>=0.05,yes
site2/train/video6frame085,EndoVis 2018,site2,train,site2/video6,85,q8_mask_center_5pct_v1,x=25%-75%; y=25%-75%,0.1150421128,>=0.05,yes
site2/train/video6frame086,EndoVis 2018,site2,train,site2/video6,86,q8_mask_center_5pct_v1,x=25%-75%; y=25%-75%,0.1679656953,>=0.05,yes
site2/train/video6frame087,EndoVis 2018,site2,train,site2/video6,87,q8_mask_center_5pct_v1,x=25%-75%; y=25%-75%,0.1193420440,>=0.05,yes
site2/train/video6frame088,EndoVis 2018,site2,train,site2/video6,88,q8_mask_center_5pct_v1,x=25%-75%; y=25%-75%,0.0950897187,>=0.05,yes
site2/train/video6frame089,EndoVis 2018,site2,train,site2/video6,89,q8_mask_center_5pct_v1,x=25%-75%; y=25%-75%,0.1322814971,>=0.05,yes
site2/train/video6frame090,EndoVis 2018,site2,train,site2/video6,90,q8_mask_center_5pct_v1,x=25%-75%; y=25%-75%,0.0619140640,>=0.05,yes
site2/train/video6frame091,EndoVis 2018,site2,train,site2/video6,91,q8_mask_center_5pct_v1,x=25%-75%; y=25%-75%,0.0416992195,>=0.05,no
site2/train/video6frame092,EndoVis 2018,site2,train,site2/video6,92,q8_mask_center_5pct_v1,x=25%-75%; y=25%-75%,0.0805023164,>=0.05,yes
site2/train/video6frame093,EndoVis 2018,site2,train,site2/video6,93,q8_mask_center_5pct_v1,x=25%-75%; y=25%-75%,0.0915893540,>=0.05,yes
site2/train/video6frame094,EndoVis 2018,site2,train,site2/video6,94,q8_mask_center_5pct_v1,x=25%-75%; y=25%-75%,0.0008697510,>=0.05,no
site2/train/video6frame095,EndoVis 2018,site2,train,site2/video6,95,q8_mask_center_5pct_v1,x=25%-75%; y=25%-75%,0.0895599350,>=0.05,yes
site2/train/video6frame096,EndoVis 2018,site2,train,site2/video6,96,q8_mask_center_5pct_v1,x=25%-75%; y=25%-75%,0.0752471909,>=0.05,yes
site2/train/video6frame097,EndoVis 2018,site2,train,site2/video6,97,q8_mask_center_5pct_v1,x=25%-75%; y=25%-75%,0.2214660645,>=0.05,yes
site2/train/video6frame098,EndoVis 2018,site2,train,site2/video6,98,q8_mask_center_5pct_v1,x=25%-75%; y=25%-75%,0.2498352081,>=0.05,yes
site2/train/video6frame099,EndoVis 2018,site2,train,site2/video6,99,q8_mask_center_5pct_v1,x=25%-75%; y=25%-75%,0.1928924620,>=0.05,yes
site2/train/video6frame100,EndoVis 2018,site2,train,site2/video6,100,q8_mask_center_5pct_v1,x=25%-75%; y=25%-75%,0.1294036806,>=0.05,yes
site2/train/video6frame101,EndoVis 2018,site2,train,site2/video6,101,q8_mask_center_5pct_v1,x=25%-75%; y=25%-75%,0.2232086211,>=0.05,yes
site2/train/video6frame102,EndoVis 2018,site2,train,site2/video6,102,q8_mask_center_5pct_v1,x=25%-75%; y=25%-75%,0.1761138886,>=0.05,yes
site2/train/video6frame103,EndoVis 2018,site2,train,site2/video6,103,q8_mask_center_5pct_v1,x=25%-75%; y=25%-75%,0.1876342744,>=0.05,yes
site2/train/video6frame104,EndoVis 2018,site2,train,site2/video6,104,q8_mask_center_5pct_v1,x=25%-75%; y=25%-75%,0.1107788086,>=0.05,yes
site2/train/video6frame105,EndoVis 2018,site2,train,site2/video6,105,q8_mask_center_5pct_v1,x=25%-75%; y=25%-75%,0.0930572525,>=0.05,yes
site2/train/video6frame106,EndoVis 2018,site2,train,site2/video6,106,q8_mask_center_5pct_v1,x=25%-75%; y=25%-75%,0.0475524887,>=0.05,no
site2/train/video6frame107,EndoVis 2018,site2,train,site2/video6,107,q8_mask_center_5pct_v1,x=25%-75%; y=25%-75%,0.1089752167,>=0.05,yes
site2/train/video6frame108,EndoVis 2018,site2,train,site2/video6,108,q8_mask_center_5pct_v1,x=25%-75%; y=25%-75%,0.2244842499,>=0.05,yes
site2/train/video6frame109,EndoVis 2018,site2,train,site2/video6,109,q8_mask_center_5pct_v1,x=25%-75%; y=25%-75%,0.2728607059,>=0.05,yes
site2/train/video6frame110,EndoVis 2018,site2,train,site2/video6,110,q8_mask_center_5pct_v1,x=25%-75%; y=25%-75%,0.1615051329,>=0.05,yes
site2/train/video6frame111,EndoVis 2018,site2,train,site2/video6,111,q8_mask_center_5pct_v1,x=25%-75%; y=25%-75%,0.1748260558,>=0.05,yes
site2/train/video6frame112,EndoVis 2018,site2,train,site2/video6,112,q8_mask_center_5pct_v1,x=25%-75%; y=25%-75%,0.1242919937,>=0.05,yes
site2/train/video6frame113,EndoVis 2018,site2,train,site2/video6,113,q8_mask_center_5pct_v1,x=25%-75%; y=25%-75%,0.1981750429,>=0.05,yes
site2/train/video6frame114,EndoVis 2018,site2,train,site2/video6,114,q8_mask_center_5pct_v1,x=25%-75%; y=25%-75%,0.2226562500,>=0.05,yes
site2/train/video6frame115,EndoVis 2018,site2,train,site2/video6,115,q8_mask_center_5pct_v1,x=25%-75%; y=25%-75%,0.2818084657,>=0.05,yes
site2/train/video6frame116,EndoVis 2018,site2,train,site2/video6,116,q8_mask_center_5pct_v1,x=25%-75%; y=25%-75%,0.2607055604,>=0.05,yes
site2/train/video6frame117,EndoVis 2018,site2,train,site2/video6,117,q8_mask_center_5pct_v1,x=25%-75%; y=25%-75%,0.1839233339,>=0.05,yes
site2/train/video6frame118,EndoVis 2018,site2,train,site2/video6,118,q8_mask_center_5pct_v1,x=25%-75%; y=25%-75%,0.0832244903,>=0.05,yes
site2/train/video6frame119,EndoVis 2018,site2,train,site2/video6,119,q8_mask_center_5pct_v1,x=25%-75%; y=25%-75%,0.0188690182,>=0.05,no
site2/train/video6frame120,EndoVis 2018,site2,train,site2/video6,120,q8_mask_center_5pct_v1,x=25%-75%; y=25%-75%,0.3924835324,>=0.05,yes
site2/train/video6frame121,EndoVis 2018,site2,train,site2/video6,121,q8_mask_center_5pct_v1,x=25%-75%; y=25%-75%,0.1109893769,>=0.05,yes
site2/train/video6frame122,EndoVis 2018,site2,train,site2/video6,122,q8_mask_center_5pct_v1,x=25%-75%; y=25%-75%,0.0803161636,>=0.05,yes
site2/train/video6frame123,EndoVis 2018,site2,train,site2/video6,123,q8_mask_center_5pct_v1,x=25%-75%; y=25%-75%,0.0578704849,>=0.05,yes
site2/train/video6frame124,EndoVis 2018,site2,train,site2/video6,124,q8_mask_center_5pct_v1,x=25%-75%; y=25%-75%,0.1143646240,>=0.05,yes
site2/train/video6frame125,EndoVis 2018,site2,train,site2/video6,125,q8_mask_center_5pct_v1,x=25%-75%; y=25%-75%,0.4524963498,>=0.05,yes
site2/train/video6frame126,EndoVis 2018,site2,train,site2/video6,126,q8_mask_center_5pct_v1,x=25%-75%; y=25%-75%,0.2608551085,>=0.05,yes
site2/train/video6frame127,EndoVis 2018,site2,train,site2/video6,127,q8_mask_center_5pct_v1,x=25%-75%; y=25%-75%,0.3836914003,>=0.05,yes
site2/train/video6frame128,EndoVis 2018,site2,train,site2/video6,128,q8_mask_center_5pct_v1,x=25%-75%; y=25%-75%,0.3452728391,>=0.05,yes
site2/train/video6frame129,EndoVis 2018,site2,train,site2/video6,129,q8_mask_center_5pct_v1,x=25%-75%; y=25%-75%,0.2784057558,>=0.05,yes
site2/train/video6frame130,EndoVis 2018,site2,train,site2/video6,130,q8_mask_center_5pct_v1,x=25%-75%; y=25%-75%,0.3401184082,>=0.05,yes
site2/train/video6frame131,EndoVis 2018,site2,train,site2/video6,131,q8_mask_center_5pct_v1,x=25%-75%; y=25%-75%,0.2487701476,>=0.05,yes
site2/train/video6frame132,EndoVis 2018,site2,train,site2/video6,132,q8_mask_center_5pct_v1,x=25%-75%; y=25%-75%,0.4655792117,>=0.05,yes
site2/train/video6frame133,EndoVis 2018,site2,train,site2/video6,133,q8_mask_center_5pct_v1,x=25%-75%; y=25%-75%,0.4238586426,>=0.05,yes
site2/train/video6frame134,EndoVis 2018,site2,train,site2/video6,134,q8_mask_center_5pct_v1,x=25%-75%; y=25%-75%,0.5966705084,>=0.05,yes
site2/train/video6frame135,EndoVis 2018,site2,train,site2/video6,135,q8_mask_center_5pct_v1,x=25%-75%; y=25%-75%,0.0401184075,>=0.05,no
site2/train/video6frame136,EndoVis 2018,site2,train,site2/video6,136,q8_mask_center_5pct_v1,x=25%-75%; y=25%-75%,0.1512420624,>=0.05,yes
site2/train/video6frame137,EndoVis 2018,site2,train,site2/video6,137,q8_mask_center_5pct_v1,x=25%-75%; y=25%-75%,0.0011077881,>=0.05,no
site2/train/video6frame138,EndoVis 2018,site2,train,site2/video6,138,q8_mask_center_5pct_v1,x=25%-75%; y=25%-75%,0.0565246567,>=0.05,yes
site2/train/video6frame139,EndoVis 2018,site2,train,site2/video6,139,q8_mask_center_5pct_v1,x=25%-75%; y=25%-75%,0.1350402832,>=0.05,yes
site2/train/video6frame140,EndoVis 2018,site2,train,site2/video6,140,q8_mask_center_5pct_v1,x=25%-75%; y=25%-75%,0.2308685333,>=0.05,yes
site2/train/video6frame141,EndoVis 2018,site2,train,site2/video6,141,q8_mask_center_5pct_v1,x=25%-75%; y=25%-75%,0.0597076416,>=0.05,yes
site2/train/video6frame142,EndoVis 2018,site2,train,site2/video6,142,q8_mask_center_5pct_v1,x=25%-75%; y=25%-75%,0.0289276130,>=0.05,no
site2/train/video6frame143,EndoVis 2018,site2,train,site2/video6,143,q8_mask_center_5pct_v1,x=25%-75%; y=25%-75%,0.0856536850,>=0.05,yes
site2/train/video6frame144,EndoVis 2018,site2,train,site2/video6,144,q8_mask_center_5pct_v1,x=25%-75%; y=25%-75%,0.0214111321,>=0.05,no
site2/train/video6frame145,EndoVis 2018,site2,train,site2/video6,145,q8_mask_center_5pct_v1,x=25%-75%; y=25%-75%,0.0711761490,>=0.05,yes
site2/train/video6frame146,EndoVis 2018,site2,train,site2/video6,146,q8_mask_center_5pct_v1,x=25%-75%; y=25%-75%,0.1955108643,>=0.05,yes
site2/train/video6frame147,EndoVis 2018,site2,train,site2/video6,147,q8_mask_center_5pct_v1,x=25%-75%; y=25%-75%,0.0714080781,>=0.05,yes
site2/train/video6frame148,EndoVis 2018,site2,train,site2/video6,148,q8_mask_center_5pct_v1,x=25%-75%; y=25%-75%,0.1970520020,>=0.05,yes
site2/train/video7frame000,EndoVis 2018,site2,train,site2/video7,0,q8_mask_center_5pct_v1,x=25%-75%; y=25%-75%,0.1047393829,>=0.05,yes
site2/train/video7frame001,EndoVis 2018,site2,train,site2/video7,1,q8_mask_center_5pct_v1,x=25%-75%; y=25%-75%,0.1758666933,>=0.05,yes
site2/train/video7frame002,EndoVis 2018,site2,train,site2/video7,2,q8_mask_center_5pct_v1,x=25%-75%; y=25%-75%,0.1703124940,>=0.05,yes
site2/train/video7frame003,EndoVis 2018,site2,train,site2/video7,3,q8_mask_center_5pct_v1,x=25%-75%; y=25%-75%,0.1713073701,>=0.05,yes
site2/train/video7frame004,EndoVis 2018,site2,train,site2/video7,4,q8_mask_center_5pct_v1,x=25%-75%; y=25%-75%,0.1780059785,>=0.05,yes
site2/train/video7frame005,EndoVis 2018,site2,train,site2/video7,5,q8_mask_center_5pct_v1,x=25%-75%; y=25%-75%,0.1746124327,>=0.05,yes
site2/train/video7frame006,EndoVis 2018,site2,train,site2/video7,6,q8_mask_center_5pct_v1,x=25%-75%; y=25%-75%,0.0027923584,>=0.05,no
site2/train/video7frame007,EndoVis 2018,site2,train,site2/video7,7,q8_mask_center_5pct_v1,x=25%-75%; y=25%-75%,0.0126495361,>=0.05,no
site2/train/video7frame008,EndoVis 2018,site2,train,site2/video7,8,q8_mask_center_5pct_v1,x=25%-75%; y=25%-75%,0.0533172600,>=0.05,yes
site2/train/video7frame009,EndoVis 2018,site2,train,site2/video7,9,q8_mask_center_5pct_v1,x=25%-75%; y=25%-75%,0.0421722420,>=0.05,no
site2/train/video7frame010,EndoVis 2018,site2,train,site2/video7,10,q8_mask_center_5pct_v1,x=25%-75%; y=25%-75%,0.5275756717,>=0.05,yes
site2/train/video7frame011,EndoVis 2018,site2,train,site2/video7,11,q8_mask_center_5pct_v1,x=25%-75%; y=25%-75%,0.1231353730,>=0.05,yes
site2/train/video7frame012,EndoVis 2018,site2,train,site2/video7,12,q8_mask_center_5pct_v1,x=25%-75%; y=25%-75%,0.2212371826,>=0.05,yes
site2/train/video7frame013,EndoVis 2018,site2,train,site2/video7,13,q8_mask_center_5pct_v1,x=25%-75%; y=25%-75%,0.2525177002,>=0.05,yes
site2/train/video7frame014,EndoVis 2018,site2,train,site2/video7,14,q8_mask_center_5pct_v1,x=25%-75%; y=25%-75%,0.1681304872,>=0.05,yes
site2/train/video7frame015,EndoVis 2018,site2,train,site2/video7,15,q8_mask_center_5pct_v1,x=25%-75%; y=25%-75%,0.2396667451,>=0.05,yes
site2/train/video7frame016,EndoVis 2018,site2,train,site2/video7,16,q8_mask_center_5pct_v1,x=25%-75%; y=25%-75%,0.2272247374,>=0.05,yes
site2/train/video7frame017,EndoVis 2018,site2,train,site2/video7,17,q8_mask_center_5pct_v1,x=25%-75%; y=25%-75%,0.1828949004,>=0.05,yes
site2/train/video7frame018,EndoVis 2018,site2,train,site2/video7,18,q8_mask_center_5pct_v1,x=25%-75%; y=25%-75%,0.2282135040,>=0.05,yes
site2/train/video7frame019,EndoVis 2018,site2,train,site2/video7,19,q8_mask_center_5pct_v1,x=25%-75%; y=25%-75%,0.1592651308,>=0.05,yes
site2/train/video7frame020,EndoVis 2018,site2,train,site2/video7,20,q8_mask_center_5pct_v1,x=25%-75%; y=25%-75%,0.2752288878,>=0.05,yes
site2/train/video7frame021,EndoVis 2018,site2,train,site2/video7,21,q8_mask_center_5pct_v1,x=25%-75%; y=25%-75%,0.0754058808,>=0.05,yes
site2/train/video7frame022,EndoVis 2018,site2,train,site2/video7,22,q8_mask_center_5pct_v1,x=25%-75%; y=25%-75%,0.0828552246,>=0.05,yes
site2/train/video7frame023,EndoVis 2018,site2,train,site2/video7,23,q8_mask_center_5pct_v1,x=25%-75%; y=25%-75%,0.2299377471,>=0.05,yes
site2/train/video7frame024,EndoVis 2018,site2,train,site2/video7,24,q8_mask_center_5pct_v1,x=25%-75%; y=25%-75%,0.0737457275,>=0.05,yes
site2/train/video7frame025,EndoVis 2018,site2,train,site2/video7,25,q8_mask_center_5pct_v1,x=25%-75%; y=25%-75%,0.1106140167,>=0.05,yes
site2/train/video7frame026,EndoVis 2018,site2,train,site2/video7,26,q8_mask_center_5pct_v1,x=25%-75%; y=25%-75%,0.0572479255,>=0.05,yes
site2/train/video7frame027,EndoVis 2018,site2,train,site2/video7,27,q8_mask_center_5pct_v1,x=25%-75%; y=25%-75%,0.0850799531,>=0.05,yes
site2/train/video7frame028,EndoVis 2018,site2,train,site2/video7,28,q8_mask_center_5pct_v1,x=25%-75%; y=25%-75%,0.0537353531,>=0.05,yes
site2/train/video7frame029,EndoVis 2018,site2,train,site2/video7,29,q8_mask_center_5pct_v1,x=25%-75%; y=25%-75%,0.2095031738,>=0.05,yes
site2/train/video7frame030,EndoVis 2018,site2,train,site2/video7,30,q8_mask_center_5pct_v1,x=25%-75%; y=25%-75%,0.0143005373,>=0.05,no
site2/train/video7frame031,EndoVis 2018,site2,train,site2/video7,31,q8_mask_center_5pct_v1,x=25%-75%; y=25%-75%,0.0063568116,>=0.05,no
site2/train/video7frame032,EndoVis 2018,site2,train,site2/video7,32,q8_mask_center_5pct_v1,x=25%-75%; y=25%-75%,0.0504425056,>=0.05,yes
site2/train/video7frame033,EndoVis 2018,site2,train,site2/video7,33,q8_mask_center_5pct_v1,x=25%-75%; y=25%-75%,0.0236297604,>=0.05,no
site2/train/video7frame034,EndoVis 2018,site2,train,site2/video7,34,q8_mask_center_5pct_v1,x=25%-75%; y=25%-75%,0.0175323486,>=0.05,no
site2/train/video7frame035,EndoVis 2018,site2,train,site2/video7,35,q8_mask_center_5pct_v1,x=25%-75%; y=25%-75%,0.0002746582,>=0.05,no
site2/train/video7frame036,EndoVis 2018,site2,train,site2/video7,36,q8_mask_center_5pct_v1,x=25%-75%; y=25%-75%,0.0000000000,>=0.05,no
site2/train/video7frame037,EndoVis 2018,site2,train,site2/video7,37,q8_mask_center_5pct_v1,x=25%-75%; y=25%-75%,0.0001190186,>=0.05,no
site2/train/video7frame038,EndoVis 2018,site2,train,site2/video7,38,q8_mask_center_5pct_v1,x=25%-75%; y=25%-75%,0.0766967759,>=0.05,yes
site2/train/video7frame039,EndoVis 2018,site2,train,site2/video7,39,q8_mask_center_5pct_v1,x=25%-75%; y=25%-75%,0.1060607880,>=0.05,yes
site2/train/video7frame040,EndoVis 2018,site2,train,site2/video7,40,q8_mask_center_5pct_v1,x=25%-75%; y=25%-75%,0.1561828554,>=0.05,yes
site2/train/video7frame041,EndoVis 2018,site2,train,site2/video7,41,q8_mask_center_5pct_v1,x=25%-75%; y=25%-75%,0.0512115471,>=0.05,yes
site2/train/video7frame042,EndoVis 2018,site2,train,site2/video7,42,q8_mask_center_5pct_v1,x=25%-75%; y=25%-75%,0.0000000000,>=0.05,no
site2/train/video7frame043,EndoVis 2018,site2,train,site2/video7,43,q8_mask_center_5pct_v1,x=25%-75%; y=25%-75%,0.5092498660,>=0.05,yes
site2/train/video7frame044,EndoVis 2018,site2,train,site2/video7,44,q8_mask_center_5pct_v1,x=25%-75%; y=25%-75%,0.2927947938,>=0.05,yes
site2/train/video7frame045,EndoVis 2018,site2,train,site2/video7,45,q8_mask_center_5pct_v1,x=25%-75%; y=25%-75%,0.0089630131,>=0.05,no
site2/train/video7frame046,EndoVis 2018,site2,train,site2/video7,46,q8_mask_center_5pct_v1,x=25%-75%; y=25%-75%,0.1724243164,>=0.05,yes
site2/train/video7frame047,EndoVis 2018,site2,train,site2/video7,47,q8_mask_center_5pct_v1,x=25%-75%; y=25%-75%,0.5665283203,>=0.05,yes
site2/train/video7frame048,EndoVis 2018,site2,train,site2/video7,48,q8_mask_center_5pct_v1,x=25%-75%; y=25%-75%,0.1186309829,>=0.05,yes
site2/train/video7frame049,EndoVis 2018,site2,train,site2/video7,49,q8_mask_center_5pct_v1,x=25%-75%; y=25%-75%,0.1483978331,>=0.05,yes
site2/train/video7frame050,EndoVis 2018,site2,train,site2/video7,50,q8_mask_center_5pct_v1,x=25%-75%; y=25%-75%,0.1752319336,>=0.05,yes
site2/train/video7frame051,EndoVis 2018,site2,train,site2/video7,51,q8_mask_center_5pct_v1,x=25%-75%; y=25%-75%,0.1724884063,>=0.05,yes
site2/train/video7frame052,EndoVis 2018,site2,train,site2/video7,52,q8_mask_center_5pct_v1,x=25%-75%; y=25%-75%,0.3053924441,>=0.05,yes
site2/train/video7frame053,EndoVis 2018,site2,train,site2/video7,53,q8_mask_center_5pct_v1,x=25%-75%; y=25%-75%,0.3013916016,>=0.05,yes
site2/train/video7frame054,EndoVis 2018,site2,train,site2/video7,54,q8_mask_center_5pct_v1,x=25%-75%; y=25%-75%,0.4558410645,>=0.05,yes
site2/train/video7frame055,EndoVis 2018,site2,train,site2/video7,55,q8_mask_center_5pct_v1,x=25%-75%; y=25%-75%,0.3819213808,>=0.05,yes
site2/train/video7frame056,EndoVis 2018,site2,train,site2/video7,56,q8_mask_center_5pct_v1,x=25%-75%; y=25%-75%,0.2770477235,>=0.05,yes
site2/train/video7frame057,EndoVis 2018,site2,train,site2/video7,57,q8_mask_center_5pct_v1,x=25%-75%; y=25%-75%,0.1686950624,>=0.05,yes
site2/train/video7frame058,EndoVis 2018,site2,train,site2/video7,58,q8_mask_center_5pct_v1,x=25%-75%; y=25%-75%,0.3442169130,>=0.05,yes
site2/train/video7frame059,EndoVis 2018,site2,train,site2/video7,59,q8_mask_center_5pct_v1,x=25%-75%; y=25%-75%,0.2997802794,>=0.05,yes
site2/train/video7frame060,EndoVis 2018,site2,train,site2/video7,60,q8_mask_center_5pct_v1,x=25%-75%; y=25%-75%,0.2644714415,>=0.05,yes
site2/train/video7frame061,EndoVis 2018,site2,train,site2/video7,61,q8_mask_center_5pct_v1,x=25%-75%; y=25%-75%,0.3340515196,>=0.05,yes
site2/train/video7frame062,EndoVis 2018,site2,train,site2/video7,62,q8_mask_center_5pct_v1,x=25%-75%; y=25%-75%,0.4401916564,>=0.05,yes
site2/train/video7frame063,EndoVis 2018,site2,train,site2/video7,63,q8_mask_center_5pct_v1,x=25%-75%; y=25%-75%,0.5004028082,>=0.05,yes
site2/train/video7frame064,EndoVis 2018,site2,train,site2/video7,64,q8_mask_center_5pct_v1,x=25%-75%; y=25%-75%,0.4132507443,>=0.05,yes
site2/train/video7frame065,EndoVis 2018,site2,train,site2/video7,65,q8_mask_center_5pct_v1,x=25%-75%; y=25%-75%,0.5145965815,>=0.05,yes
site2/train/video7frame066,EndoVis 2018,site2,train,site2/video7,66,q8_mask_center_5pct_v1,x=25%-75%; y=25%-75%,0.3384338319,>=0.05,yes
site2/train/video7frame067,EndoVis 2018,site2,train,site2/video7,67,q8_mask_center_5pct_v1,x=25%-75%; y=25%-75%,0.2366485596,>=0.05,yes
site2/train/video7frame068,EndoVis 2018,site2,train,site2/video7,68,q8_mask_center_5pct_v1,x=25%-75%; y=25%-75%,0.0000000000,>=0.05,no
site2/train/video7frame069,EndoVis 2018,site2,train,site2/video7,69,q8_mask_center_5pct_v1,x=25%-75%; y=25%-75%,0.1617004424,>=0.05,yes
site2/train/video7frame070,EndoVis 2018,site2,train,site2/video7,70,q8_mask_center_5pct_v1,x=25%-75%; y=25%-75%,0.0000000000,>=0.05,no
site2/train/video7frame071,EndoVis 2018,site2,train,site2/video7,71,q8_mask_center_5pct_v1,x=25%-75%; y=25%-75%,0.0526184067,>=0.05,yes
site2/train/video7frame072,EndoVis 2018,site2,train,site2/video7,72,q8_mask_center_5pct_v1,x=25%-75%; y=25%-75%,0.3626861572,>=0.05,yes
site2/train/video7frame073,EndoVis 2018,site2,train,site2/video7,73,q8_mask_center_5pct_v1,x=25%-75%; y=25%-75%,0.0198944099,>=0.05,no
site2/train/video7frame074,EndoVis 2018,site2,train,site2/video7,74,q8_mask_center_5pct_v1,x=25%-75%; y=25%-75%,0.1198516861,>=0.05,yes
site2/train/video7frame075,EndoVis 2018,site2,train,site2/video7,75,q8_mask_center_5pct_v1,x=25%-75%; y=25%-75%,0.0239746086,>=0.05,no
site2/train/video7frame076,EndoVis 2018,site2,train,site2/video7,76,q8_mask_center_5pct_v1,x=25%-75%; y=25%-75%,0.0000000000,>=0.05,no
site2/train/video7frame077,EndoVis 2018,site2,train,site2/video7,77,q8_mask_center_5pct_v1,x=25%-75%; y=25%-75%,0.0000000000,>=0.05,no
site2/train/video7frame078,EndoVis 2018,site2,train,site2/video7,78,q8_mask_center_5pct_v1,x=25%-75%; y=25%-75%,0.1425048858,>=0.05,yes
site2/train/video7frame079,EndoVis 2018,site2,train,site2/video7,79,q8_mask_center_5pct_v1,x=25%-75%; y=25%-75%,0.1124633774,>=0.05,yes
site2/train/video7frame080,EndoVis 2018,site2,train,site2/video7,80,q8_mask_center_5pct_v1,x=25%-75%; y=25%-75%,0.0043457029,>=0.05,no
site2/train/video7frame081,EndoVis 2018,site2,train,site2/video7,81,q8_mask_center_5pct_v1,x=25%-75%; y=25%-75%,0.0111572267,>=0.05,no
site2/train/video7frame082,EndoVis 2018,site2,train,site2/video7,82,q8_mask_center_5pct_v1,x=25%-75%; y=25%-75%,0.0364837646,>=0.05,no
site2/train/video7frame083,EndoVis 2018,site2,train,site2/video7,83,q8_mask_center_5pct_v1,x=25%-75%; y=25%-75%,0.0370178223,>=0.05,no
site2/train/video7frame084,EndoVis 2018,site2,train,site2/video7,84,q8_mask_center_5pct_v1,x=25%-75%; y=25%-75%,0.1054901108,>=0.05,yes
site2/train/video7frame085,EndoVis 2018,site2,train,site2/video7,85,q8_mask_center_5pct_v1,x=25%-75%; y=25%-75%,0.1001495346,>=0.05,yes
site2/train/video7frame086,EndoVis 2018,site2,train,site2/video7,86,q8_mask_center_5pct_v1,x=25%-75%; y=25%-75%,0.0343566909,>=0.05,no
site2/train/video7frame087,EndoVis 2018,site2,train,site2/video7,87,q8_mask_center_5pct_v1,x=25%-75%; y=25%-75%,0.0111999512,>=0.05,no
site2/train/video7frame088,EndoVis 2018,site2,train,site2/video7,88,q8_mask_center_5pct_v1,x=25%-75%; y=25%-75%,0.0252471920,>=0.05,no
site2/train/video7frame089,EndoVis 2018,site2,train,site2/video7,89,q8_mask_center_5pct_v1,x=25%-75%; y=25%-75%,0.0339508057,>=0.05,no
site2/train/video7frame090,EndoVis 2018,site2,train,site2/video7,90,q8_mask_center_5pct_v1,x=25%-75%; y=25%-75%,0.0465270989,>=0.05,no
site2/train/video7frame091,EndoVis 2018,site2,train,site2/video7,91,q8_mask_center_5pct_v1,x=25%-75%; y=25%-75%,0.0731842071,>=0.05,yes
site2/train/video7frame092,EndoVis 2018,site2,train,site2/video7,92,q8_mask_center_5pct_v1,x=25%-75%; y=25%-75%,0.0186279304,>=0.05,no
site2/train/video7frame093,EndoVis 2018,site2,train,site2/video7,93,q8_mask_center_5pct_v1,x=25%-75%; y=25%-75%,0.0635223389,>=0.05,yes
site2/train/video7frame094,EndoVis 2018,site2,train,site2/video7,94,q8_mask_center_5pct_v1,x=25%-75%; y=25%-75%,0.0228179935,>=0.05,no
site2/train/video7frame095,EndoVis 2018,site2,train,site2/video7,95,q8_mask_center_5pct_v1,x=25%-75%; y=25%-75%,0.0371337906,>=0.05,no
site2/train/video7frame096,EndoVis 2018,site2,train,site2/video7,96,q8_mask_center_5pct_v1,x=25%-75%; y=25%-75%,0.0225158688,>=0.05,no
site2/train/video7frame097,EndoVis 2018,site2,train,site2/video7,97,q8_mask_center_5pct_v1,x=25%-75%; y=25%-75%,0.0159332268,>=0.05,no
site2/train/video7frame098,EndoVis 2018,site2,train,site2/video7,98,q8_mask_center_5pct_v1,x=25%-75%; y=25%-75%,0.0176116936,>=0.05,no
site2/train/video7frame099,EndoVis 2018,site2,train,site2/video7,99,q8_mask_center_5pct_v1,x=25%-75%; y=25%-75%,0.0159637444,>=0.05,no
site2/train/video7frame100,EndoVis 2018,site2,train,site2/video7,100,q8_mask_center_5pct_v1,x=25%-75%; y=25%-75%,0.0177734382,>=0.05,no
site2/train/video7frame101,EndoVis 2018,site2,train,site2/video7,101,q8_mask_center_5pct_v1,x=25%-75%; y=25%-75%,0.0191650391,>=0.05,no
site2/train/video7frame102,EndoVis 2018,site2,train,site2/video7,102,q8_mask_center_5pct_v1,x=25%-75%; y=25%-75%,0.1024719253,>=0.05,yes
site2/train/video7frame103,EndoVis 2018,site2,train,site2/video7,103,q8_mask_center_5pct_v1,x=25%-75%; y=25%-75%,0.2189941406,>=0.05,yes
site2/train/video7frame104,EndoVis 2018,site2,train,site2/video7,104,q8_mask_center_5pct_v1,x=25%-75%; y=25%-75%,0.1497406065,>=0.05,yes
site2/train/video7frame105,EndoVis 2018,site2,train,site2/video7,105,q8_mask_center_5pct_v1,x=25%-75%; y=25%-75%,0.0642517060,>=0.05,yes
site2/train/video7frame106,EndoVis 2018,site2,train,site2/video7,106,q8_mask_center_5pct_v1,x=25%-75%; y=25%-75%,0.0000000000,>=0.05,no
site2/train/video7frame107,EndoVis 2018,site2,train,site2/video7,107,q8_mask_center_5pct_v1,x=25%-75%; y=25%-75%,0.0210998543,>=0.05,no
site2/train/video7frame108,EndoVis 2018,site2,train,site2/video7,108,q8_mask_center_5pct_v1,x=25%-75%; y=25%-75%,0.0000000000,>=0.05,no
site2/train/video7frame109,EndoVis 2018,site2,train,site2/video7,109,q8_mask_center_5pct_v1,x=25%-75%; y=25%-75%,0.0571533218,>=0.05,yes
site2/train/video7frame110,EndoVis 2018,site2,train,site2/video7,110,q8_mask_center_5pct_v1,x=25%-75%; y=25%-75%,0.0015045166,>=0.05,no
site2/train/video7frame111,EndoVis 2018,site2,train,site2/video7,111,q8_mask_center_5pct_v1,x=25%-75%; y=25%-75%,0.0981384292,>=0.05,yes
site2/train/video7frame112,EndoVis 2018,site2,train,site2/video7,112,q8_mask_center_5pct_v1,x=25%-75%; y=25%-75%,0.2198394835,>=0.05,yes
site2/train/video7frame113,EndoVis 2018,site2,train,site2/video7,113,q8_mask_center_5pct_v1,x=25%-75%; y=25%-75%,0.1663421690,>=0.05,yes
site2/train/video7frame114,EndoVis 2018,site2,train,site2/video7,114,q8_mask_center_5pct_v1,x=25%-75%; y=25%-75%,0.1821014434,>=0.05,yes
site2/train/video7frame115,EndoVis 2018,site2,train,site2/video7,115,q8_mask_center_5pct_v1,x=25%-75%; y=25%-75%,0.2630187869,>=0.05,yes
site2/train/video7frame116,EndoVis 2018,site2,train,site2/video7,116,q8_mask_center_5pct_v1,x=25%-75%; y=25%-75%,0.3165008426,>=0.05,yes
site2/train/video7frame117,EndoVis 2018,site2,train,site2/video7,117,q8_mask_center_5pct_v1,x=25%-75%; y=25%-75%,0.2323150635,>=0.05,yes
site2/train/video7frame118,EndoVis 2018,site2,train,site2/video7,118,q8_mask_center_5pct_v1,x=25%-75%; y=25%-75%,0.1982910186,>=0.05,yes
site2/train/video7frame119,EndoVis 2018,site2,train,site2/video7,119,q8_mask_center_5pct_v1,x=25%-75%; y=25%-75%,0.2907592654,>=0.05,yes
site2/train/video7frame120,EndoVis 2018,site2,train,site2/video7,120,q8_mask_center_5pct_v1,x=25%-75%; y=25%-75%,0.3002197146,>=0.05,yes
site2/train/video7frame121,EndoVis 2018,site2,train,site2/video7,121,q8_mask_center_5pct_v1,x=25%-75%; y=25%-75%,0.3083129823,>=0.05,yes
site2/train/video7frame122,EndoVis 2018,site2,train,site2/video7,122,q8_mask_center_5pct_v1,x=25%-75%; y=25%-75%,0.3084625304,>=0.05,yes
site2/train/video7frame123,EndoVis 2018,site2,train,site2/video7,123,q8_mask_center_5pct_v1,x=25%-75%; y=25%-75%,0.3191894591,>=0.05,yes
site2/train/video7frame124,EndoVis 2018,site2,train,site2/video7,124,q8_mask_center_5pct_v1,x=25%-75%; y=25%-75%,0.3191894591,>=0.05,yes
site2/train/video7frame125,EndoVis 2018,site2,train,site2/video7,125,q8_mask_center_5pct_v1,x=25%-75%; y=25%-75%,0.3191894591,>=0.05,yes
site2/train/video7frame126,EndoVis 2018,site2,train,site2/video7,126,q8_mask_center_5pct_v1,x=25%-75%; y=25%-75%,0.3154846132,>=0.05,yes
site2/train/video7frame127,EndoVis 2018,site2,train,site2/video7,127,q8_mask_center_5pct_v1,x=25%-75%; y=25%-75%,0.3154846132,>=0.05,yes
site2/train/video7frame128,EndoVis 2018,site2,train,site2/video7,128,q8_mask_center_5pct_v1,x=25%-75%; y=25%-75%,0.3212341368,>=0.05,yes
site2/train/video7frame129,EndoVis 2018,site2,train,site2/video7,129,q8_mask_center_5pct_v1,x=25%-75%; y=25%-75%,0.3194824159,>=0.05,yes
site2/train/video7frame130,EndoVis 2018,site2,train,site2/video7,130,q8_mask_center_5pct_v1,x=25%-75%; y=25%-75%,0.3322540224,>=0.05,yes
site2/train/video7frame131,EndoVis 2018,site2,train,site2/video7,131,q8_mask_center_5pct_v1,x=25%-75%; y=25%-75%,0.3340148926,>=0.05,yes
site2/train/video7frame132,EndoVis 2018,site2,train,site2/video7,132,q8_mask_center_5pct_v1,x=25%-75%; y=25%-75%,0.3277160525,>=0.05,yes
site2/train/video7frame133,EndoVis 2018,site2,train,site2/video7,133,q8_mask_center_5pct_v1,x=25%-75%; y=25%-75%,0.3419097960,>=0.05,yes
site2/train/video7frame134,EndoVis 2018,site2,train,site2/video7,134,q8_mask_center_5pct_v1,x=25%-75%; y=25%-75%,0.3346801698,>=0.05,yes
site2/train/video7frame135,EndoVis 2018,site2,train,site2/video7,135,q8_mask_center_5pct_v1,x=25%-75%; y=25%-75%,0.3270996213,>=0.05,yes
site2/train/video7frame136,EndoVis 2018,site2,train,site2/video7,136,q8_mask_center_5pct_v1,x=25%-75%; y=25%-75%,0.3413726687,>=0.05,yes
site2/train/video7frame137,EndoVis 2018,site2,train,site2/video7,137,q8_mask_center_5pct_v1,x=25%-75%; y=25%-75%,0.3589019775,>=0.05,yes
site2/train/video7frame138,EndoVis 2018,site2,train,site2/video7,138,q8_mask_center_5pct_v1,x=25%-75%; y=25%-75%,0.2112762481,>=0.05,yes
site2/train/video7frame139,EndoVis 2018,site2,train,site2/video7,139,q8_mask_center_5pct_v1,x=25%-75%; y=25%-75%,0.0462524407,>=0.05,no
site2/train/video7frame140,EndoVis 2018,site2,train,site2/video7,140,q8_mask_center_5pct_v1,x=25%-75%; y=25%-75%,0.0900085419,>=0.05,yes
site2/train/video7frame141,EndoVis 2018,site2,train,site2/video7,141,q8_mask_center_5pct_v1,x=25%-75%; y=25%-75%,0.3436859250,>=0.05,yes
site2/train/video7frame142,EndoVis 2018,site2,train,site2/video7,142,q8_mask_center_5pct_v1,x=25%-75%; y=25%-75%,0.4298980832,>=0.05,yes
site2/train/video7frame143,EndoVis 2018,site2,train,site2/video7,143,q8_mask_center_5pct_v1,x=25%-75%; y=25%-75%,0.4844390750,>=0.05,yes
site2/train/video7frame144,EndoVis 2018,site2,train,site2/video7,144,q8_mask_center_5pct_v1,x=25%-75%; y=25%-75%,0.0594024658,>=0.05,yes
site2/train/video7frame145,EndoVis 2018,site2,train,site2/video7,145,q8_mask_center_5pct_v1,x=25%-75%; y=25%-75%,0.0095367432,>=0.05,no
site2/train/video7frame146,EndoVis 2018,site2,train,site2/video7,146,q8_mask_center_5pct_v1,x=25%-75%; y=25%-75%,0.0220428463,>=0.05,no
site2/train/video7frame147,EndoVis 2018,site2,train,site2/video7,147,q8_mask_center_5pct_v1,x=25%-75%; y=25%-75%,0.0174072273,>=0.05,no
site2/train/video7frame148,EndoVis 2018,site2,train,site2/video7,148,q8_mask_center_5pct_v1,x=25%-75%; y=25%-75%,0.0249084476,>=0.05,no
site2/train/video9frame000,EndoVis 2018,site2,train,site2/video9,0,q8_mask_center_5pct_v1,x=25%-75%; y=25%-75%,0.2957367003,>=0.05,yes
site2/train/video9frame001,EndoVis 2018,site2,train,site2/video9,1,q8_mask_center_5pct_v1,x=25%-75%; y=25%-75%,0.2150604278,>=0.05,yes
site2/train/video9frame002,EndoVis 2018,site2,train,site2/video9,2,q8_mask_center_5pct_v1,x=25%-75%; y=25%-75%,0.0270355232,>=0.05,no
site2/train/video9frame003,EndoVis 2018,site2,train,site2/video9,3,q8_mask_center_5pct_v1,x=25%-75%; y=25%-75%,0.2095550597,>=0.05,yes
site2/train/video9frame004,EndoVis 2018,site2,train,site2/video9,4,q8_mask_center_5pct_v1,x=25%-75%; y=25%-75%,0.0693542510,>=0.05,yes
site2/train/video9frame005,EndoVis 2018,site2,train,site2/video9,5,q8_mask_center_5pct_v1,x=25%-75%; y=25%-75%,0.2992553711,>=0.05,yes
site2/train/video9frame006,EndoVis 2018,site2,train,site2/video9,6,q8_mask_center_5pct_v1,x=25%-75%; y=25%-75%,0.2609283328,>=0.05,yes
site2/train/video9frame007,EndoVis 2018,site2,train,site2/video9,7,q8_mask_center_5pct_v1,x=25%-75%; y=25%-75%,0.3184631467,>=0.05,yes
site2/train/video9frame008,EndoVis 2018,site2,train,site2/video9,8,q8_mask_center_5pct_v1,x=25%-75%; y=25%-75%,0.3599456847,>=0.05,yes
site2/train/video9frame009,EndoVis 2018,site2,train,site2/video9,9,q8_mask_center_5pct_v1,x=25%-75%; y=25%-75%,0.3263183534,>=0.05,yes
site2/train/video9frame010,EndoVis 2018,site2,train,site2/video9,10,q8_mask_center_5pct_v1,x=25%-75%; y=25%-75%,0.3168426454,>=0.05,yes
site2/train/video9frame011,EndoVis 2018,site2,train,site2/video9,11,q8_mask_center_5pct_v1,x=25%-75%; y=25%-75%,0.3383483887,>=0.05,yes
site2/train/video9frame012,EndoVis 2018,site2,train,site2/video9,12,q8_mask_center_5pct_v1,x=25%-75%; y=25%-75%,0.3747253418,>=0.05,yes
site2/train/video9frame013,EndoVis 2018,site2,train,site2/video9,13,q8_mask_center_5pct_v1,x=25%-75%; y=25%-75%,0.4391296506,>=0.05,yes
site2/train/video9frame014,EndoVis 2018,site2,train,site2/video9,14,q8_mask_center_5pct_v1,x=25%-75%; y=25%-75%,0.3812378049,>=0.05,yes
site2/train/video9frame015,EndoVis 2018,site2,train,site2/video9,15,q8_mask_center_5pct_v1,x=25%-75%; y=25%-75%,0.4694122374,>=0.05,yes
site2/train/video9frame016,EndoVis 2018,site2,train,site2/video9,16,q8_mask_center_5pct_v1,x=25%-75%; y=25%-75%,0.4294403195,>=0.05,yes
site2/train/video9frame017,EndoVis 2018,site2,train,site2/video9,17,q8_mask_center_5pct_v1,x=25%-75%; y=25%-75%,0.4463623166,>=0.05,yes
site2/train/video9frame018,EndoVis 2018,site2,train,site2/video9,18,q8_mask_center_5pct_v1,x=25%-75%; y=25%-75%,0.2726989686,>=0.05,yes
site2/train/video9frame019,EndoVis 2018,site2,train,site2/video9,19,q8_mask_center_5pct_v1,x=25%-75%; y=25%-75%,0.4440399110,>=0.05,yes
site2/train/video9frame020,EndoVis 2018,site2,train,site2/video9,20,q8_mask_center_5pct_v1,x=25%-75%; y=25%-75%,0.4122802615,>=0.05,yes
site2/train/video9frame021,EndoVis 2018,site2,train,site2/video9,21,q8_mask_center_5pct_v1,x=25%-75%; y=25%-75%,0.4025451541,>=0.05,yes
site2/train/video9frame022,EndoVis 2018,site2,train,site2/video9,22,q8_mask_center_5pct_v1,x=25%-75%; y=25%-75%,0.1260864288,>=0.05,yes
site2/train/video9frame023,EndoVis 2018,site2,train,site2/video9,23,q8_mask_center_5pct_v1,x=25%-75%; y=25%-75%,0.0070709228,>=0.05,no
site2/train/video9frame024,EndoVis 2018,site2,train,site2/video9,24,q8_mask_center_5pct_v1,x=25%-75%; y=25%-75%,0.1313964874,>=0.05,yes
site2/train/video9frame025,EndoVis 2018,site2,train,site2/video9,25,q8_mask_center_5pct_v1,x=25%-75%; y=25%-75%,0.0000000000,>=0.05,no
site2/train/video9frame026,EndoVis 2018,site2,train,site2/video9,26,q8_mask_center_5pct_v1,x=25%-75%; y=25%-75%,0.0021850585,>=0.05,no
site2/train/video9frame027,EndoVis 2018,site2,train,site2/video9,27,q8_mask_center_5pct_v1,x=25%-75%; y=25%-75%,0.1920562685,>=0.05,yes
site2/train/video9frame028,EndoVis 2018,site2,train,site2/video9,28,q8_mask_center_5pct_v1,x=25%-75%; y=25%-75%,0.5181396604,>=0.05,yes
site2/train/video9frame029,EndoVis 2018,site2,train,site2/video9,29,q8_mask_center_5pct_v1,x=25%-75%; y=25%-75%,0.5484619141,>=0.05,yes
site2/train/video9frame030,EndoVis 2018,site2,train,site2/video9,30,q8_mask_center_5pct_v1,x=25%-75%; y=25%-75%,0.4287567139,>=0.05,yes
site2/train/video9frame031,EndoVis 2018,site2,train,site2/video9,31,q8_mask_center_5pct_v1,x=25%-75%; y=25%-75%,0.4360321164,>=0.05,yes
site2/train/video9frame032,EndoVis 2018,site2,train,site2/video9,32,q8_mask_center_5pct_v1,x=25%-75%; y=25%-75%,0.5260742307,>=0.05,yes
site2/train/video9frame033,EndoVis 2018,site2,train,site2/video9,33,q8_mask_center_5pct_v1,x=25%-75%; y=25%-75%,0.4125061035,>=0.05,yes
site2/train/video9frame034,EndoVis 2018,site2,train,site2/video9,34,q8_mask_center_5pct_v1,x=25%-75%; y=25%-75%,0.1165863052,>=0.05,yes
site2/train/video9frame035,EndoVis 2018,site2,train,site2/video9,35,q8_mask_center_5pct_v1,x=25%-75%; y=25%-75%,0.0000000000,>=0.05,no
site2/train/video9frame036,EndoVis 2018,site2,train,site2/video9,36,q8_mask_center_5pct_v1,x=25%-75%; y=25%-75%,0.0000000000,>=0.05,no
site2/train/video9frame037,EndoVis 2018,site2,train,site2/video9,37,q8_mask_center_5pct_v1,x=25%-75%; y=25%-75%,0.3826721311,>=0.05,yes
site2/train/video9frame038,EndoVis 2018,site2,train,site2/video9,38,q8_mask_center_5pct_v1,x=25%-75%; y=25%-75%,0.4213439822,>=0.05,yes
site2/train/video9frame039,EndoVis 2018,site2,train,site2/video9,39,q8_mask_center_5pct_v1,x=25%-75%; y=25%-75%,0.3257507384,>=0.05,yes
site2/train/video9frame040,EndoVis 2018,site2,train,site2/video9,40,q8_mask_center_5pct_v1,x=25%-75%; y=25%-75%,0.4416198730,>=0.05,yes
site2/train/video9frame041,EndoVis 2018,site2,train,site2/video9,41,q8_mask_center_5pct_v1,x=25%-75%; y=25%-75%,0.3774505556,>=0.05,yes
site2/train/video9frame042,EndoVis 2018,site2,train,site2/video9,42,q8_mask_center_5pct_v1,x=25%-75%; y=25%-75%,0.3648895323,>=0.05,yes
site2/train/video9frame043,EndoVis 2018,site2,train,site2/video9,43,q8_mask_center_5pct_v1,x=25%-75%; y=25%-75%,0.4500152469,>=0.05,yes
site2/train/video9frame044,EndoVis 2018,site2,train,site2/video9,44,q8_mask_center_5pct_v1,x=25%-75%; y=25%-75%,0.5549713373,>=0.05,yes
site2/train/video9frame045,EndoVis 2018,site2,train,site2/video9,45,q8_mask_center_5pct_v1,x=25%-75%; y=25%-75%,0.2994506955,>=0.05,yes
site2/train/video9frame046,EndoVis 2018,site2,train,site2/video9,46,q8_mask_center_5pct_v1,x=25%-75%; y=25%-75%,0.3605651855,>=0.05,yes
site2/train/video9frame047,EndoVis 2018,site2,train,site2/video9,47,q8_mask_center_5pct_v1,x=25%-75%; y=25%-75%,0.3591094911,>=0.05,yes
site2/train/video9frame048,EndoVis 2018,site2,train,site2/video9,48,q8_mask_center_5pct_v1,x=25%-75%; y=25%-75%,0.5285217166,>=0.05,yes
site2/train/video9frame049,EndoVis 2018,site2,train,site2/video9,49,q8_mask_center_5pct_v1,x=25%-75%; y=25%-75%,0.0243774410,>=0.05,no
site2/train/video9frame050,EndoVis 2018,site2,train,site2/video9,50,q8_mask_center_5pct_v1,x=25%-75%; y=25%-75%,0.0000000000,>=0.05,no
site2/train/video9frame051,EndoVis 2018,site2,train,site2/video9,51,q8_mask_center_5pct_v1,x=25%-75%; y=25%-75%,0.0916473418,>=0.05,yes
site2/train/video9frame052,EndoVis 2018,site2,train,site2/video9,52,q8_mask_center_5pct_v1,x=25%-75%; y=25%-75%,0.2898589969,>=0.05,yes
site2/train/video9frame053,EndoVis 2018,site2,train,site2/video9,53,q8_mask_center_5pct_v1,x=25%-75%; y=25%-75%,0.1429199278,>=0.05,yes
site2/train/video9frame054,EndoVis 2018,site2,train,site2/video9,54,q8_mask_center_5pct_v1,x=25%-75%; y=25%-75%,0.1017059311,>=0.05,yes
site2/train/video9frame055,EndoVis 2018,site2,train,site2/video9,55,q8_mask_center_5pct_v1,x=25%-75%; y=25%-75%,0.0375244133,>=0.05,no
site2/train/video9frame056,EndoVis 2018,site2,train,site2/video9,56,q8_mask_center_5pct_v1,x=25%-75%; y=25%-75%,0.0781768784,>=0.05,yes
site2/train/video9frame057,EndoVis 2018,site2,train,site2/video9,57,q8_mask_center_5pct_v1,x=25%-75%; y=25%-75%,0.0000000000,>=0.05,no
site2/train/video9frame058,EndoVis 2018,site2,train,site2/video9,58,q8_mask_center_5pct_v1,x=25%-75%; y=25%-75%,0.7941924930,>=0.05,yes
site2/train/video9frame059,EndoVis 2018,site2,train,site2/video9,59,q8_mask_center_5pct_v1,x=25%-75%; y=25%-75%,0.5828765631,>=0.05,yes
site2/train/video9frame060,EndoVis 2018,site2,train,site2/video9,60,q8_mask_center_5pct_v1,x=25%-75%; y=25%-75%,0.0003631592,>=0.05,no
site2/train/video9frame061,EndoVis 2018,site2,train,site2/video9,61,q8_mask_center_5pct_v1,x=25%-75%; y=25%-75%,0.1853301972,>=0.05,yes
site2/train/video9frame062,EndoVis 2018,site2,train,site2/video9,62,q8_mask_center_5pct_v1,x=25%-75%; y=25%-75%,0.0635162368,>=0.05,yes
site2/train/video9frame063,EndoVis 2018,site2,train,site2/video9,63,q8_mask_center_5pct_v1,x=25%-75%; y=25%-75%,0.0537414551,>=0.05,yes
site2/train/video9frame064,EndoVis 2018,site2,train,site2/video9,64,q8_mask_center_5pct_v1,x=25%-75%; y=25%-75%,0.0512390137,>=0.05,yes
site2/train/video9frame065,EndoVis 2018,site2,train,site2/video9,65,q8_mask_center_5pct_v1,x=25%-75%; y=25%-75%,0.2614623904,>=0.05,yes
site2/train/video9frame066,EndoVis 2018,site2,train,site2/video9,66,q8_mask_center_5pct_v1,x=25%-75%; y=25%-75%,0.3298583925,>=0.05,yes
site2/train/video9frame067,EndoVis 2018,site2,train,site2/video9,67,q8_mask_center_5pct_v1,x=25%-75%; y=25%-75%,0.0112091061,>=0.05,no
site2/train/video9frame068,EndoVis 2018,site2,train,site2/video9,68,q8_mask_center_5pct_v1,x=25%-75%; y=25%-75%,0.0112091061,>=0.05,no
site2/train/video9frame069,EndoVis 2018,site2,train,site2/video9,69,q8_mask_center_5pct_v1,x=25%-75%; y=25%-75%,0.0113952635,>=0.05,no
site2/train/video9frame070,EndoVis 2018,site2,train,site2/video9,70,q8_mask_center_5pct_v1,x=25%-75%; y=25%-75%,0.0000000000,>=0.05,no
site2/train/video9frame071,EndoVis 2018,site2,train,site2/video9,71,q8_mask_center_5pct_v1,x=25%-75%; y=25%-75%,0.0000000000,>=0.05,no
site2/train/video9frame072,EndoVis 2018,site2,train,site2/video9,72,q8_mask_center_5pct_v1,x=25%-75%; y=25%-75%,0.0000000000,>=0.05,no
site2/train/video9frame073,EndoVis 2018,site2,train,site2/video9,73,q8_mask_center_5pct_v1,x=25%-75%; y=25%-75%,0.0000000000,>=0.05,no
site2/train/video9frame074,EndoVis 2018,site2,train,site2/video9,74,q8_mask_center_5pct_v1,x=25%-75%; y=25%-75%,0.0000000000,>=0.05,no
site2/train/video9frame075,EndoVis 2018,site2,train,site2/video9,75,q8_mask_center_5pct_v1,x=25%-75%; y=25%-75%,0.0000000000,>=0.05,no
site2/train/video9frame076,EndoVis 2018,site2,train,site2/video9,76,q8_mask_center_5pct_v1,x=25%-75%; y=25%-75%,0.0000000000,>=0.05,no
site2/train/video9frame077,EndoVis 2018,site2,train,site2/video9,77,q8_mask_center_5pct_v1,x=25%-75%; y=25%-75%,0.0047454834,>=0.05,no
site2/train/video9frame078,EndoVis 2018,site2,train,site2/video9,78,q8_mask_center_5pct_v1,x=25%-75%; y=25%-75%,0.0047454834,>=0.05,no
site2/train/video9frame079,EndoVis 2018,site2,train,site2/video9,79,q8_mask_center_5pct_v1,x=25%-75%; y=25%-75%,0.0342132561,>=0.05,no
site2/train/video9frame080,EndoVis 2018,site2,train,site2/video9,80,q8_mask_center_5pct_v1,x=25%-75%; y=25%-75%,0.0570251457,>=0.05,yes
site2/train/video9frame081,EndoVis 2018,site2,train,site2/video9,81,q8_mask_center_5pct_v1,x=25%-75%; y=25%-75%,0.0278747566,>=0.05,no
site2/train/video9frame082,EndoVis 2018,site2,train,site2/video9,82,q8_mask_center_5pct_v1,x=25%-75%; y=25%-75%,0.0993041992,>=0.05,yes
site2/train/video9frame083,EndoVis 2018,site2,train,site2/video9,83,q8_mask_center_5pct_v1,x=25%-75%; y=25%-75%,0.1220947281,>=0.05,yes
site2/train/video9frame084,EndoVis 2018,site2,train,site2/video9,84,q8_mask_center_5pct_v1,x=25%-75%; y=25%-75%,0.3719909787,>=0.05,yes
site2/train/video9frame085,EndoVis 2018,site2,train,site2/video9,85,q8_mask_center_5pct_v1,x=25%-75%; y=25%-75%,0.3247497678,>=0.05,yes
site2/train/video9frame086,EndoVis 2018,site2,train,site2/video9,86,q8_mask_center_5pct_v1,x=25%-75%; y=25%-75%,0.1589843780,>=0.05,yes
site2/train/video9frame087,EndoVis 2018,site2,train,site2/video9,87,q8_mask_center_5pct_v1,x=25%-75%; y=25%-75%,0.0416687019,>=0.05,no
site2/train/video9frame088,EndoVis 2018,site2,train,site2/video9,88,q8_mask_center_5pct_v1,x=25%-75%; y=25%-75%,0.4837829471,>=0.05,yes
site2/train/video9frame089,EndoVis 2018,site2,train,site2/video9,89,q8_mask_center_5pct_v1,x=25%-75%; y=25%-75%,0.2667236328,>=0.05,yes
site2/train/video9frame090,EndoVis 2018,site2,train,site2/video9,90,q8_mask_center_5pct_v1,x=25%-75%; y=25%-75%,0.2957916260,>=0.05,yes
site2/train/video9frame091,EndoVis 2018,site2,train,site2/video9,91,q8_mask_center_5pct_v1,x=25%-75%; y=25%-75%,0.1548523009,>=0.05,yes
site2/train/video9frame092,EndoVis 2018,site2,train,site2/video9,92,q8_mask_center_5pct_v1,x=25%-75%; y=25%-75%,0.1203582734,>=0.05,yes
site2/train/video9frame093,EndoVis 2018,site2,train,site2/video9,93,q8_mask_center_5pct_v1,x=25%-75%; y=25%-75%,0.2845397890,>=0.05,yes
site2/train/video9frame094,EndoVis 2018,site2,train,site2/video9,94,q8_mask_center_5pct_v1,x=25%-75%; y=25%-75%,0.2960845828,>=0.05,yes
site2/train/video9frame095,EndoVis 2018,site2,train,site2/video9,95,q8_mask_center_5pct_v1,x=25%-75%; y=25%-75%,0.0330993645,>=0.05,no
site2/train/video9frame096,EndoVis 2018,site2,train,site2/video9,96,q8_mask_center_5pct_v1,x=25%-75%; y=25%-75%,0.0841095001,>=0.05,yes
site2/train/video9frame097,EndoVis 2018,site2,train,site2/video9,97,q8_mask_center_5pct_v1,x=25%-75%; y=25%-75%,0.2011169493,>=0.05,yes
site2/train/video9frame098,EndoVis 2018,site2,train,site2/video9,98,q8_mask_center_5pct_v1,x=25%-75%; y=25%-75%,0.3378601074,>=0.05,yes
site2/train/video9frame099,EndoVis 2018,site2,train,site2/video9,99,q8_mask_center_5pct_v1,x=25%-75%; y=25%-75%,0.1289428771,>=0.05,yes
site2/train/video9frame100,EndoVis 2018,site2,train,site2/video9,100,q8_mask_center_5pct_v1,x=25%-75%; y=25%-75%,0.2927154601,>=0.05,yes
site2/train/video9frame101,EndoVis 2018,site2,train,site2/video9,101,q8_mask_center_5pct_v1,x=25%-75%; y=25%-75%,0.3561431766,>=0.05,yes
site2/train/video9frame102,EndoVis 2018,site2,train,site2/video9,102,q8_mask_center_5pct_v1,x=25%-75%; y=25%-75%,0.0397277847,>=0.05,no
site2/train/video9frame103,EndoVis 2018,site2,train,site2/video9,103,q8_mask_center_5pct_v1,x=25%-75%; y=25%-75%,0.1029174775,>=0.05,yes
site2/train/video9frame104,EndoVis 2018,site2,train,site2/video9,104,q8_mask_center_5pct_v1,x=25%-75%; y=25%-75%,0.0523773208,>=0.05,yes
site2/train/video9frame105,EndoVis 2018,site2,train,site2/video9,105,q8_mask_center_5pct_v1,x=25%-75%; y=25%-75%,0.1467956603,>=0.05,yes
site2/train/video9frame106,EndoVis 2018,site2,train,site2/video9,106,q8_mask_center_5pct_v1,x=25%-75%; y=25%-75%,0.1807708740,>=0.05,yes
site2/train/video9frame107,EndoVis 2018,site2,train,site2/video9,107,q8_mask_center_5pct_v1,x=25%-75%; y=25%-75%,0.2068450898,>=0.05,yes
site2/train/video9frame108,EndoVis 2018,site2,train,site2/video9,108,q8_mask_center_5pct_v1,x=25%-75%; y=25%-75%,0.1670715362,>=0.05,yes
site2/train/video9frame109,EndoVis 2018,site2,train,site2/video9,109,q8_mask_center_5pct_v1,x=25%-75%; y=25%-75%,0.3362304568,>=0.05,yes
site2/train/video9frame110,EndoVis 2018,site2,train,site2/video9,110,q8_mask_center_5pct_v1,x=25%-75%; y=25%-75%,0.3902770877,>=0.05,yes
site2/train/video9frame111,EndoVis 2018,site2,train,site2/video9,111,q8_mask_center_5pct_v1,x=25%-75%; y=25%-75%,0.2302093506,>=0.05,yes
site2/train/video9frame112,EndoVis 2018,site2,train,site2/video9,112,q8_mask_center_5pct_v1,x=25%-75%; y=25%-75%,0.2961334288,>=0.05,yes
site2/train/video9frame113,EndoVis 2018,site2,train,site2/video9,113,q8_mask_center_5pct_v1,x=25%-75%; y=25%-75%,0.1982055604,>=0.05,yes
site2/train/video9frame114,EndoVis 2018,site2,train,site2/video9,114,q8_mask_center_5pct_v1,x=25%-75%; y=25%-75%,0.3025024533,>=0.05,yes
site2/train/video9frame115,EndoVis 2018,site2,train,site2/video9,115,q8_mask_center_5pct_v1,x=25%-75%; y=25%-75%,0.1657165587,>=0.05,yes
site2/train/video9frame116,EndoVis 2018,site2,train,site2/video9,116,q8_mask_center_5pct_v1,x=25%-75%; y=25%-75%,0.1711395234,>=0.05,yes
site2/train/video9frame117,EndoVis 2018,site2,train,site2/video9,117,q8_mask_center_5pct_v1,x=25%-75%; y=25%-75%,0.2138977051,>=0.05,yes
site2/train/video9frame118,EndoVis 2018,site2,train,site2/video9,118,q8_mask_center_5pct_v1,x=25%-75%; y=25%-75%,0.0750915557,>=0.05,yes
site2/train/video9frame119,EndoVis 2018,site2,train,site2/video9,119,q8_mask_center_5pct_v1,x=25%-75%; y=25%-75%,0.1084228531,>=0.05,yes
site2/train/video9frame120,EndoVis 2018,site2,train,site2/video9,120,q8_mask_center_5pct_v1,x=25%-75%; y=25%-75%,0.0820800811,>=0.05,yes
site2/train/video9frame121,EndoVis 2018,site2,train,site2/video9,121,q8_mask_center_5pct_v1,x=25%-75%; y=25%-75%,0.0328399651,>=0.05,no
site2/train/video9frame122,EndoVis 2018,site2,train,site2/video9,122,q8_mask_center_5pct_v1,x=25%-75%; y=25%-75%,0.0572326668,>=0.05,yes
site2/train/video9frame123,EndoVis 2018,site2,train,site2/video9,123,q8_mask_center_5pct_v1,x=25%-75%; y=25%-75%,0.0438323990,>=0.05,no
site2/train/video9frame124,EndoVis 2018,site2,train,site2/video9,124,q8_mask_center_5pct_v1,x=25%-75%; y=25%-75%,0.0631774887,>=0.05,yes
site2/train/video9frame125,EndoVis 2018,site2,train,site2/video9,125,q8_mask_center_5pct_v1,x=25%-75%; y=25%-75%,0.0515014641,>=0.05,yes
site2/train/video9frame126,EndoVis 2018,site2,train,site2/video9,126,q8_mask_center_5pct_v1,x=25%-75%; y=25%-75%,0.0669342056,>=0.05,yes
site2/train/video9frame127,EndoVis 2018,site2,train,site2/video9,127,q8_mask_center_5pct_v1,x=25%-75%; y=25%-75%,0.0787445083,>=0.05,yes
site2/train/video9frame128,EndoVis 2018,site2,train,site2/video9,128,q8_mask_center_5pct_v1,x=25%-75%; y=25%-75%,0.0763397217,>=0.05,yes
site2/train/video9frame129,EndoVis 2018,site2,train,site2/video9,129,q8_mask_center_5pct_v1,x=25%-75%; y=25%-75%,0.0763397217,>=0.05,yes
site2/train/video9frame130,EndoVis 2018,site2,train,site2/video9,130,q8_mask_center_5pct_v1,x=25%-75%; y=25%-75%,0.0763397217,>=0.05,yes
site2/train/video9frame131,EndoVis 2018,site2,train,site2/video9,131,q8_mask_center_5pct_v1,x=25%-75%; y=25%-75%,0.0763397217,>=0.05,yes
site2/train/video9frame132,EndoVis 2018,site2,train,site2/video9,132,q8_mask_center_5pct_v1,x=25%-75%; y=25%-75%,0.0808044448,>=0.05,yes
site2/train/video9frame133,EndoVis 2018,site2,train,site2/video9,133,q8_mask_center_5pct_v1,x=25%-75%; y=25%-75%,0.0956237763,>=0.05,yes
site2/train/video9frame134,EndoVis 2018,site2,train,site2/video9,134,q8_mask_center_5pct_v1,x=25%-75%; y=25%-75%,0.0941406265,>=0.05,yes
site2/train/video9frame135,EndoVis 2018,site2,train,site2/video9,135,q8_mask_center_5pct_v1,x=25%-75%; y=25%-75%,0.0598358139,>=0.05,yes
site2/train/video9frame136,EndoVis 2018,site2,train,site2/video9,136,q8_mask_center_5pct_v1,x=25%-75%; y=25%-75%,0.0517486557,>=0.05,yes
site2/train/video9frame137,EndoVis 2018,site2,train,site2/video9,137,q8_mask_center_5pct_v1,x=25%-75%; y=25%-75%,0.0516601577,>=0.05,yes
site2/train/video9frame138,EndoVis 2018,site2,train,site2/video9,138,q8_mask_center_5pct_v1,x=25%-75%; y=25%-75%,0.0324493423,>=0.05,no
site2/train/video9frame139,EndoVis 2018,site2,train,site2/video9,139,q8_mask_center_5pct_v1,x=25%-75%; y=25%-75%,0.0000000000,>=0.05,no
site2/train/video9frame140,EndoVis 2018,site2,train,site2/video9,140,q8_mask_center_5pct_v1,x=25%-75%; y=25%-75%,0.0000000000,>=0.05,no
site2/train/video9frame141,EndoVis 2018,site2,train,site2/video9,141,q8_mask_center_5pct_v1,x=25%-75%; y=25%-75%,0.0000000000,>=0.05,no
site2/train/video9frame142,EndoVis 2018,site2,train,site2/video9,142,q8_mask_center_5pct_v1,x=25%-75%; y=25%-75%,0.0442962646,>=0.05,no
site2/train/video9frame143,EndoVis 2018,site2,train,site2/video9,143,q8_mask_center_5pct_v1,x=25%-75%; y=25%-75%,0.0652191192,>=0.05,yes
site2/train/video9frame144,EndoVis 2018,site2,train,site2/video9,144,q8_mask_center_5pct_v1,x=25%-75%; y=25%-75%,0.0642669648,>=0.05,yes
site2/train/video9frame145,EndoVis 2018,site2,train,site2/video9,145,q8_mask_center_5pct_v1,x=25%-75%; y=25%-75%,0.0540039055,>=0.05,yes
site2/train/video9frame146,EndoVis 2018,site2,train,site2/video9,146,q8_mask_center_5pct_v1,x=25%-75%; y=25%-75%,0.0476165786,>=0.05,no
site2/train/video9frame147,EndoVis 2018,site2,train,site2/video9,147,q8_mask_center_5pct_v1,x=25%-75%; y=25%-75%,0.0476165786,>=0.05,no
site2/train/video9frame148,EndoVis 2018,site2,train,site2/video9,148,q8_mask_center_5pct_v1,x=25%-75%; y=25%-75%,0.0476165786,>=0.05,no
site2/test/video1frame000,EndoVis 2018,site2,test,site2/video1,0,q8_mask_center_5pct_v1,x=25%-75%; y=25%-75%,0.1011688262,>=0.05,yes
site2/test/video1frame001,EndoVis 2018,site2,test,site2/video1,1,q8_mask_center_5pct_v1,x=25%-75%; y=25%-75%,0.0820892304,>=0.05,yes
site2/test/video1frame002,EndoVis 2018,site2,test,site2/video1,2,q8_mask_center_5pct_v1,x=25%-75%; y=25%-75%,0.0157257076,>=0.05,no
site2/test/video1frame003,EndoVis 2018,site2,test,site2/video1,3,q8_mask_center_5pct_v1,x=25%-75%; y=25%-75%,0.1539398134,>=0.05,yes
site2/test/video1frame004,EndoVis 2018,site2,test,site2/video1,4,q8_mask_center_5pct_v1,x=25%-75%; y=25%-75%,0.2107849121,>=0.05,yes
site2/test/video1frame005,EndoVis 2018,site2,test,site2/video1,5,q8_mask_center_5pct_v1,x=25%-75%; y=25%-75%,0.1311950684,>=0.05,yes
site2/test/video1frame006,EndoVis 2018,site2,test,site2/video1,6,q8_mask_center_5pct_v1,x=25%-75%; y=25%-75%,0.0522064194,>=0.05,yes
site2/test/video1frame007,EndoVis 2018,site2,test,site2/video1,7,q8_mask_center_5pct_v1,x=25%-75%; y=25%-75%,0.1960571259,>=0.05,yes
site2/test/video1frame008,EndoVis 2018,site2,test,site2/video1,8,q8_mask_center_5pct_v1,x=25%-75%; y=25%-75%,0.2946685851,>=0.05,yes
site2/test/video1frame009,EndoVis 2018,site2,test,site2/video1,9,q8_mask_center_5pct_v1,x=25%-75%; y=25%-75%,0.2391479462,>=0.05,yes
site2/test/video1frame010,EndoVis 2018,site2,test,site2/video1,10,q8_mask_center_5pct_v1,x=25%-75%; y=25%-75%,0.1755249053,>=0.05,yes
site2/test/video1frame011,EndoVis 2018,site2,test,site2/video1,11,q8_mask_center_5pct_v1,x=25%-75%; y=25%-75%,0.3258514404,>=0.05,yes
site2/test/video1frame012,EndoVis 2018,site2,test,site2/video1,12,q8_mask_center_5pct_v1,x=25%-75%; y=25%-75%,0.1346160918,>=0.05,yes
site2/test/video1frame013,EndoVis 2018,site2,test,site2/video1,13,q8_mask_center_5pct_v1,x=25%-75%; y=25%-75%,0.0076538087,>=0.05,no
site2/test/video1frame014,EndoVis 2018,site2,test,site2/video1,14,q8_mask_center_5pct_v1,x=25%-75%; y=25%-75%,0.1008453369,>=0.05,yes
site2/test/video1frame015,EndoVis 2018,site2,test,site2/video1,15,q8_mask_center_5pct_v1,x=25%-75%; y=25%-75%,0.0720153823,>=0.05,yes
site2/test/video1frame016,EndoVis 2018,site2,test,site2/video1,16,q8_mask_center_5pct_v1,x=25%-75%; y=25%-75%,0.0631530732,>=0.05,yes
site2/test/video1frame017,EndoVis 2018,site2,test,site2/video1,17,q8_mask_center_5pct_v1,x=25%-75%; y=25%-75%,0.1068115234,>=0.05,yes
site2/test/video1frame018,EndoVis 2018,site2,test,site2/video1,18,q8_mask_center_5pct_v1,x=25%-75%; y=25%-75%,0.1805481017,>=0.05,yes
site2/test/video1frame019,EndoVis 2018,site2,test,site2/video1,19,q8_mask_center_5pct_v1,x=25%-75%; y=25%-75%,0.2991210818,>=0.05,yes
site2/test/video1frame020,EndoVis 2018,site2,test,site2/video1,20,q8_mask_center_5pct_v1,x=25%-75%; y=25%-75%,0.3023590147,>=0.05,yes
site2/test/video1frame021,EndoVis 2018,site2,test,site2/video1,21,q8_mask_center_5pct_v1,x=25%-75%; y=25%-75%,0.3795318604,>=0.05,yes
site2/test/video1frame022,EndoVis 2018,site2,test,site2/video1,22,q8_mask_center_5pct_v1,x=25%-75%; y=25%-75%,0.4604705870,>=0.05,yes
site2/test/video1frame023,EndoVis 2018,site2,test,site2/video1,23,q8_mask_center_5pct_v1,x=25%-75%; y=25%-75%,0.3396881223,>=0.05,yes
site2/test/video1frame024,EndoVis 2018,site2,test,site2/video1,24,q8_mask_center_5pct_v1,x=25%-75%; y=25%-75%,0.1057189927,>=0.05,yes
site2/test/video1frame025,EndoVis 2018,site2,test,site2/video1,25,q8_mask_center_5pct_v1,x=25%-75%; y=25%-75%,0.1930480897,>=0.05,yes
site2/test/video1frame026,EndoVis 2018,site2,test,site2/video1,26,q8_mask_center_5pct_v1,x=25%-75%; y=25%-75%,0.1886291504,>=0.05,yes
site2/test/video1frame027,EndoVis 2018,site2,test,site2/video1,27,q8_mask_center_5pct_v1,x=25%-75%; y=25%-75%,0.1980682313,>=0.05,yes
site2/test/video1frame028,EndoVis 2018,site2,test,site2/video1,28,q8_mask_center_5pct_v1,x=25%-75%; y=25%-75%,0.2156524658,>=0.05,yes
site2/test/video1frame029,EndoVis 2018,site2,test,site2/video1,29,q8_mask_center_5pct_v1,x=25%-75%; y=25%-75%,0.2082488984,>=0.05,yes
site2/test/video1frame030,EndoVis 2018,site2,test,site2/video1,30,q8_mask_center_5pct_v1,x=25%-75%; y=25%-75%,0.2644470334,>=0.05,yes
site2/test/video1frame031,EndoVis 2018,site2,test,site2/video1,31,q8_mask_center_5pct_v1,x=25%-75%; y=25%-75%,0.2008117735,>=0.05,yes
site2/test/video1frame032,EndoVis 2018,site2,test,site2/video1,32,q8_mask_center_5pct_v1,x=25%-75%; y=25%-75%,0.2230987549,>=0.05,yes
site2/test/video1frame033,EndoVis 2018,site2,test,site2/video1,33,q8_mask_center_5pct_v1,x=25%-75%; y=25%-75%,0.2076354921,>=0.05,yes
site2/test/video1frame034,EndoVis 2018,site2,test,site2/video1,34,q8_mask_center_5pct_v1,x=25%-75%; y=25%-75%,0.2413757294,>=0.05,yes
site2/test/video1frame035,EndoVis 2018,site2,test,site2/video1,35,q8_mask_center_5pct_v1,x=25%-75%; y=25%-75%,0.2253814638,>=0.05,yes
site2/test/video1frame036,EndoVis 2018,site2,test,site2/video1,36,q8_mask_center_5pct_v1,x=25%-75%; y=25%-75%,0.1844635010,>=0.05,yes
site2/test/video1frame037,EndoVis 2018,site2,test,site2/video1,37,q8_mask_center_5pct_v1,x=25%-75%; y=25%-75%,0.0540161133,>=0.05,yes
site2/test/video1frame038,EndoVis 2018,site2,test,site2/video1,38,q8_mask_center_5pct_v1,x=25%-75%; y=25%-75%,0.1892761290,>=0.05,yes
site2/test/video1frame039,EndoVis 2018,site2,test,site2/video1,39,q8_mask_center_5pct_v1,x=25%-75%; y=25%-75%,0.0865539536,>=0.05,yes
site2/test/video1frame040,EndoVis 2018,site2,test,site2/video1,40,q8_mask_center_5pct_v1,x=25%-75%; y=25%-75%,0.0752746612,>=0.05,yes
site2/test/video1frame041,EndoVis 2018,site2,test,site2/video1,41,q8_mask_center_5pct_v1,x=25%-75%; y=25%-75%,0.1311004609,>=0.05,yes
site2/test/video1frame042,EndoVis 2018,site2,test,site2/video1,42,q8_mask_center_5pct_v1,x=25%-75%; y=25%-75%,0.2160339355,>=0.05,yes
site2/test/video1frame043,EndoVis 2018,site2,test,site2/video1,43,q8_mask_center_5pct_v1,x=25%-75%; y=25%-75%,0.1568298340,>=0.05,yes
site2/test/video1frame044,EndoVis 2018,site2,test,site2/video1,44,q8_mask_center_5pct_v1,x=25%-75%; y=25%-75%,0.2003295869,>=0.05,yes
site2/test/video1frame045,EndoVis 2018,site2,test,site2/video1,45,q8_mask_center_5pct_v1,x=25%-75%; y=25%-75%,0.1865814179,>=0.05,yes
site2/test/video1frame046,EndoVis 2018,site2,test,site2/video1,46,q8_mask_center_5pct_v1,x=25%-75%; y=25%-75%,0.1865814179,>=0.05,yes
site2/test/video1frame047,EndoVis 2018,site2,test,site2/video1,47,q8_mask_center_5pct_v1,x=25%-75%; y=25%-75%,0.2327270508,>=0.05,yes
site2/test/video1frame048,EndoVis 2018,site2,test,site2/video1,48,q8_mask_center_5pct_v1,x=25%-75%; y=25%-75%,0.2759307921,>=0.05,yes
site2/test/video1frame049,EndoVis 2018,site2,test,site2/video1,49,q8_mask_center_5pct_v1,x=25%-75%; y=25%-75%,0.2596344054,>=0.05,yes
site2/test/video1frame050,EndoVis 2018,site2,test,site2/video1,50,q8_mask_center_5pct_v1,x=25%-75%; y=25%-75%,0.2596344054,>=0.05,yes
site2/test/video1frame051,EndoVis 2018,site2,test,site2/video1,51,q8_mask_center_5pct_v1,x=25%-75%; y=25%-75%,0.2596344054,>=0.05,yes
site2/test/video1frame052,EndoVis 2018,site2,test,site2/video1,52,q8_mask_center_5pct_v1,x=25%-75%; y=25%-75%,0.2252532989,>=0.05,yes
site2/test/video1frame053,EndoVis 2018,site2,test,site2/video1,53,q8_mask_center_5pct_v1,x=25%-75%; y=25%-75%,0.2418792695,>=0.05,yes
site2/test/video1frame054,EndoVis 2018,site2,test,site2/video1,54,q8_mask_center_5pct_v1,x=25%-75%; y=25%-75%,0.1866393983,>=0.05,yes
site2/test/video1frame055,EndoVis 2018,site2,test,site2/video1,55,q8_mask_center_5pct_v1,x=25%-75%; y=25%-75%,0.0814788789,>=0.05,yes
site2/test/video1frame056,EndoVis 2018,site2,test,site2/video1,56,q8_mask_center_5pct_v1,x=25%-75%; y=25%-75%,0.0499908440,>=0.05,no
site2/test/video1frame057,EndoVis 2018,site2,test,site2/video1,57,q8_mask_center_5pct_v1,x=25%-75%; y=25%-75%,0.0000000000,>=0.05,no
site2/test/video1frame058,EndoVis 2018,site2,test,site2/video1,58,q8_mask_center_5pct_v1,x=25%-75%; y=25%-75%,0.1498687714,>=0.05,yes
site2/test/video1frame059,EndoVis 2018,site2,test,site2/video1,59,q8_mask_center_5pct_v1,x=25%-75%; y=25%-75%,0.2060730010,>=0.05,yes
site2/test/video1frame060,EndoVis 2018,site2,test,site2/video1,60,q8_mask_center_5pct_v1,x=25%-75%; y=25%-75%,0.0847290009,>=0.05,yes
site2/test/video1frame061,EndoVis 2018,site2,test,site2/video1,61,q8_mask_center_5pct_v1,x=25%-75%; y=25%-75%,0.1190277115,>=0.05,yes
site2/test/video1frame062,EndoVis 2018,site2,test,site2/video1,62,q8_mask_center_5pct_v1,x=25%-75%; y=25%-75%,0.0834442154,>=0.05,yes
site2/test/video1frame063,EndoVis 2018,site2,test,site2/video1,63,q8_mask_center_5pct_v1,x=25%-75%; y=25%-75%,0.0566406250,>=0.05,yes
site2/test/video1frame064,EndoVis 2018,site2,test,site2/video1,64,q8_mask_center_5pct_v1,x=25%-75%; y=25%-75%,0.1019073501,>=0.05,yes
site2/test/video1frame065,EndoVis 2018,site2,test,site2/video1,65,q8_mask_center_5pct_v1,x=25%-75%; y=25%-75%,0.1569152772,>=0.05,yes
site2/test/video1frame066,EndoVis 2018,site2,test,site2/video1,66,q8_mask_center_5pct_v1,x=25%-75%; y=25%-75%,0.1271118224,>=0.05,yes
site2/test/video1frame067,EndoVis 2018,site2,test,site2/video1,67,q8_mask_center_5pct_v1,x=25%-75%; y=25%-75%,0.1794372499,>=0.05,yes
site2/test/video1frame068,EndoVis 2018,site2,test,site2/video1,68,q8_mask_center_5pct_v1,x=25%-75%; y=25%-75%,0.1339630187,>=0.05,yes
site2/test/video1frame069,EndoVis 2018,site2,test,site2/video1,69,q8_mask_center_5pct_v1,x=25%-75%; y=25%-75%,0.0312561020,>=0.05,no
site2/test/video1frame070,EndoVis 2018,site2,test,site2/video1,70,q8_mask_center_5pct_v1,x=25%-75%; y=25%-75%,0.1010681167,>=0.05,yes
site2/test/video1frame071,EndoVis 2018,site2,test,site2/video1,71,q8_mask_center_5pct_v1,x=25%-75%; y=25%-75%,0.1433319151,>=0.05,yes
site2/test/video1frame072,EndoVis 2018,site2,test,site2/video1,72,q8_mask_center_5pct_v1,x=25%-75%; y=25%-75%,0.0272857659,>=0.05,no
site2/test/video1frame073,EndoVis 2018,site2,test,site2/video1,73,q8_mask_center_5pct_v1,x=25%-75%; y=25%-75%,0.0304534920,>=0.05,no
site2/test/video1frame074,EndoVis 2018,site2,test,site2/video1,74,q8_mask_center_5pct_v1,x=25%-75%; y=25%-75%,0.0406768806,>=0.05,no
site2/test/video1frame075,EndoVis 2018,site2,test,site2/video1,75,q8_mask_center_5pct_v1,x=25%-75%; y=25%-75%,0.0792236328,>=0.05,yes
site2/test/video1frame076,EndoVis 2018,site2,test,site2/video1,76,q8_mask_center_5pct_v1,x=25%-75%; y=25%-75%,0.0389434807,>=0.05,no
site2/test/video1frame077,EndoVis 2018,site2,test,site2/video1,77,q8_mask_center_5pct_v1,x=25%-75%; y=25%-75%,0.1467254609,>=0.05,yes
site2/test/video1frame078,EndoVis 2018,site2,test,site2/video1,78,q8_mask_center_5pct_v1,x=25%-75%; y=25%-75%,0.2262115479,>=0.05,yes
site2/test/video1frame079,EndoVis 2018,site2,test,site2/video1,79,q8_mask_center_5pct_v1,x=25%-75%; y=25%-75%,0.0943328887,>=0.05,yes
site2/test/video1frame080,EndoVis 2018,site2,test,site2/video1,80,q8_mask_center_5pct_v1,x=25%-75%; y=25%-75%,0.1763183624,>=0.05,yes
site2/test/video1frame081,EndoVis 2018,site2,test,site2/video1,81,q8_mask_center_5pct_v1,x=25%-75%; y=25%-75%,0.3019073606,>=0.05,yes
site2/test/video1frame082,EndoVis 2018,site2,test,site2/video1,82,q8_mask_center_5pct_v1,x=25%-75%; y=25%-75%,0.2838287354,>=0.05,yes
site2/test/video1frame083,EndoVis 2018,site2,test,site2/video1,83,q8_mask_center_5pct_v1,x=25%-75%; y=25%-75%,0.2750854492,>=0.05,yes
site2/test/video1frame084,EndoVis 2018,site2,test,site2/video1,84,q8_mask_center_5pct_v1,x=25%-75%; y=25%-75%,0.3251739442,>=0.05,yes
site2/test/video1frame085,EndoVis 2018,site2,test,site2/video1,85,q8_mask_center_5pct_v1,x=25%-75%; y=25%-75%,0.3994995058,>=0.05,yes
site2/test/video1frame086,EndoVis 2018,site2,test,site2/video1,86,q8_mask_center_5pct_v1,x=25%-75%; y=25%-75%,0.3708038330,>=0.05,yes
site2/test/video1frame087,EndoVis 2018,site2,test,site2/video1,87,q8_mask_center_5pct_v1,x=25%-75%; y=25%-75%,0.2397674620,>=0.05,yes
site2/test/video1frame088,EndoVis 2018,site2,test,site2/video1,88,q8_mask_center_5pct_v1,x=25%-75%; y=25%-75%,0.3401458859,>=0.05,yes
site2/test/video1frame089,EndoVis 2018,site2,test,site2/video1,89,q8_mask_center_5pct_v1,x=25%-75%; y=25%-75%,0.0020996095,>=0.05,no
site2/test/video1frame090,EndoVis 2018,site2,test,site2/video1,90,q8_mask_center_5pct_v1,x=25%-75%; y=25%-75%,0.1359374970,>=0.05,yes
site2/test/video1frame091,EndoVis 2018,site2,test,site2/video1,91,q8_mask_center_5pct_v1,x=25%-75%; y=25%-75%,0.0178283695,>=0.05,no
site2/test/video1frame092,EndoVis 2018,site2,test,site2/video1,92,q8_mask_center_5pct_v1,x=25%-75%; y=25%-75%,0.1159790009,>=0.05,yes
site2/test/video1frame093,EndoVis 2018,site2,test,site2/video1,93,q8_mask_center_5pct_v1,x=25%-75%; y=25%-75%,0.2575286925,>=0.05,yes
site2/test/video1frame094,EndoVis 2018,site2,test,site2/video1,94,q8_mask_center_5pct_v1,x=25%-75%; y=25%-75%,0.4693389833,>=0.05,yes
site2/test/video1frame095,EndoVis 2018,site2,test,site2/video1,95,q8_mask_center_5pct_v1,x=25%-75%; y=25%-75%,0.2472839355,>=0.05,yes
site2/test/video1frame096,EndoVis 2018,site2,test,site2/video1,96,q8_mask_center_5pct_v1,x=25%-75%; y=25%-75%,0.5011169314,>=0.05,yes
site2/test/video1frame097,EndoVis 2018,site2,test,site2/video1,97,q8_mask_center_5pct_v1,x=25%-75%; y=25%-75%,0.4129455686,>=0.05,yes
site2/test/video1frame098,EndoVis 2018,site2,test,site2/video1,98,q8_mask_center_5pct_v1,x=25%-75%; y=25%-75%,0.0521697998,>=0.05,yes
site2/test/video1frame099,EndoVis 2018,site2,test,site2/video1,99,q8_mask_center_5pct_v1,x=25%-75%; y=25%-75%,0.0053344727,>=0.05,no
site2/test/video1frame100,EndoVis 2018,site2,test,site2/video1,100,q8_mask_center_5pct_v1,x=25%-75%; y=25%-75%,0.2189239562,>=0.05,yes
site2/test/video1frame101,EndoVis 2018,site2,test,site2/video1,101,q8_mask_center_5pct_v1,x=25%-75%; y=25%-75%,0.3902526796,>=0.05,yes
site2/test/video1frame102,EndoVis 2018,site2,test,site2/video1,102,q8_mask_center_5pct_v1,x=25%-75%; y=25%-75%,0.2841247618,>=0.05,yes
site2/test/video1frame103,EndoVis 2018,site2,test,site2/video1,103,q8_mask_center_5pct_v1,x=25%-75%; y=25%-75%,0.1777770966,>=0.05,yes
site2/test/video1frame104,EndoVis 2018,site2,test,site2/video1,104,q8_mask_center_5pct_v1,x=25%-75%; y=25%-75%,0.0127014164,>=0.05,no
site2/test/video1frame105,EndoVis 2018,site2,test,site2/video1,105,q8_mask_center_5pct_v1,x=25%-75%; y=25%-75%,0.1244567856,>=0.05,yes
site2/test/video1frame106,EndoVis 2018,site2,test,site2/video1,106,q8_mask_center_5pct_v1,x=25%-75%; y=25%-75%,0.2321105897,>=0.05,yes
site2/test/video1frame107,EndoVis 2018,site2,test,site2/video1,107,q8_mask_center_5pct_v1,x=25%-75%; y=25%-75%,0.0806701630,>=0.05,yes
site2/test/video1frame108,EndoVis 2018,site2,test,site2/video1,108,q8_mask_center_5pct_v1,x=25%-75%; y=25%-75%,0.1623168886,>=0.05,yes
site2/test/video1frame109,EndoVis 2018,site2,test,site2/video1,109,q8_mask_center_5pct_v1,x=25%-75%; y=25%-75%,0.0238372795,>=0.05,no
site2/test/video1frame110,EndoVis 2018,site2,test,site2/video1,110,q8_mask_center_5pct_v1,x=25%-75%; y=25%-75%,0.1481323242,>=0.05,yes
site2/test/video1frame111,EndoVis 2018,site2,test,site2/video1,111,q8_mask_center_5pct_v1,x=25%-75%; y=25%-75%,0.0877471939,>=0.05,yes
site2/test/video1frame112,EndoVis 2018,site2,test,site2/video1,112,q8_mask_center_5pct_v1,x=25%-75%; y=25%-75%,0.2404998839,>=0.05,yes
site2/test/video1frame113,EndoVis 2018,site2,test,site2/video1,113,q8_mask_center_5pct_v1,x=25%-75%; y=25%-75%,0.2321411073,>=0.05,yes
site2/test/video1frame114,EndoVis 2018,site2,test,site2/video1,114,q8_mask_center_5pct_v1,x=25%-75%; y=25%-75%,0.1952606142,>=0.05,yes
site2/test/video1frame115,EndoVis 2018,site2,test,site2/video1,115,q8_mask_center_5pct_v1,x=25%-75%; y=25%-75%,0.2628692687,>=0.05,yes
site2/test/video1frame116,EndoVis 2018,site2,test,site2/video1,116,q8_mask_center_5pct_v1,x=25%-75%; y=25%-75%,0.2575286925,>=0.05,yes
site2/test/video1frame117,EndoVis 2018,site2,test,site2/video1,117,q8_mask_center_5pct_v1,x=25%-75%; y=25%-75%,0.2945007384,>=0.05,yes
site2/test/video1frame118,EndoVis 2018,site2,test,site2/video1,118,q8_mask_center_5pct_v1,x=25%-75%; y=25%-75%,0.2706207335,>=0.05,yes
site2/test/video1frame119,EndoVis 2018,site2,test,site2/video1,119,q8_mask_center_5pct_v1,x=25%-75%; y=25%-75%,0.1345794648,>=0.05,yes
site2/test/video1frame120,EndoVis 2018,site2,test,site2/video1,120,q8_mask_center_5pct_v1,x=25%-75%; y=25%-75%,0.0233367924,>=0.05,no
site2/test/video1frame121,EndoVis 2018,site2,test,site2/video1,121,q8_mask_center_5pct_v1,x=25%-75%; y=25%-75%,0.0467102043,>=0.05,no
site2/test/video1frame122,EndoVis 2018,site2,test,site2/video1,122,q8_mask_center_5pct_v1,x=25%-75%; y=25%-75%,0.1153961197,>=0.05,yes
site2/test/video1frame123,EndoVis 2018,site2,test,site2/video1,123,q8_mask_center_5pct_v1,x=25%-75%; y=25%-75%,0.2657165527,>=0.05,yes
site2/test/video1frame124,EndoVis 2018,site2,test,site2/video1,124,q8_mask_center_5pct_v1,x=25%-75%; y=25%-75%,0.2872558534,>=0.05,yes
site2/test/video1frame125,EndoVis 2018,site2,test,site2/video1,125,q8_mask_center_5pct_v1,x=25%-75%; y=25%-75%,0.3206329346,>=0.05,yes
site2/test/video1frame126,EndoVis 2018,site2,test,site2/video1,126,q8_mask_center_5pct_v1,x=25%-75%; y=25%-75%,0.3728668094,>=0.05,yes
site2/test/video1frame127,EndoVis 2018,site2,test,site2/video1,127,q8_mask_center_5pct_v1,x=25%-75%; y=25%-75%,0.2052642852,>=0.05,yes
site2/test/video1frame128,EndoVis 2018,site2,test,site2/video1,128,q8_mask_center_5pct_v1,x=25%-75%; y=25%-75%,0.2255859375,>=0.05,yes
site2/test/video1frame129,EndoVis 2018,site2,test,site2/video1,129,q8_mask_center_5pct_v1,x=25%-75%; y=25%-75%,0.2701721191,>=0.05,yes
site2/test/video1frame130,EndoVis 2018,site2,test,site2/video1,130,q8_mask_center_5pct_v1,x=25%-75%; y=25%-75%,0.1693176329,>=0.05,yes
site2/test/video1frame131,EndoVis 2018,site2,test,site2/video1,131,q8_mask_center_5pct_v1,x=25%-75%; y=25%-75%,0.2052276582,>=0.05,yes
site2/test/video1frame132,EndoVis 2018,site2,test,site2/video1,132,q8_mask_center_5pct_v1,x=25%-75%; y=25%-75%,0.1749664247,>=0.05,yes
site2/test/video1frame133,EndoVis 2018,site2,test,site2/video1,133,q8_mask_center_5pct_v1,x=25%-75%; y=25%-75%,0.2548492551,>=0.05,yes
site2/test/video1frame134,EndoVis 2018,site2,test,site2/video1,134,q8_mask_center_5pct_v1,x=25%-75%; y=25%-75%,0.2155212462,>=0.05,yes
site2/test/video1frame135,EndoVis 2018,site2,test,site2/video1,135,q8_mask_center_5pct_v1,x=25%-75%; y=25%-75%,0.1830749512,>=0.05,yes
site2/test/video1frame136,EndoVis 2018,site2,test,site2/video1,136,q8_mask_center_5pct_v1,x=25%-75%; y=25%-75%,0.1825347841,>=0.05,yes
site2/test/video1frame137,EndoVis 2018,site2,test,site2/video1,137,q8_mask_center_5pct_v1,x=25%-75%; y=25%-75%,0.1973541230,>=0.05,yes
site2/test/video1frame138,EndoVis 2018,site2,test,site2/video1,138,q8_mask_center_5pct_v1,x=25%-75%; y=25%-75%,0.2313690186,>=0.05,yes
site2/test/video1frame139,EndoVis 2018,site2,test,site2/video1,139,q8_mask_center_5pct_v1,x=25%-75%; y=25%-75%,0.1854156554,>=0.05,yes
site2/test/video1frame140,EndoVis 2018,site2,test,site2/video1,140,q8_mask_center_5pct_v1,x=25%-75%; y=25%-75%,0.1971862763,>=0.05,yes
site2/test/video1frame141,EndoVis 2018,site2,test,site2/video1,141,q8_mask_center_5pct_v1,x=25%-75%; y=25%-75%,0.1994018555,>=0.05,yes
site2/test/video1frame142,EndoVis 2018,site2,test,site2/video1,142,q8_mask_center_5pct_v1,x=25%-75%; y=25%-75%,0.2827941775,>=0.05,yes
site2/test/video1frame143,EndoVis 2018,site2,test,site2/video1,143,q8_mask_center_5pct_v1,x=25%-75%; y=25%-75%,0.3348541260,>=0.05,yes
site2/test/video1frame144,EndoVis 2018,site2,test,site2/video1,144,q8_mask_center_5pct_v1,x=25%-75%; y=25%-75%,0.3055602908,>=0.05,yes
site2/test/video1frame145,EndoVis 2018,site2,test,site2/video1,145,q8_mask_center_5pct_v1,x=25%-75%; y=25%-75%,0.1661682129,>=0.05,yes
site2/test/video1frame146,EndoVis 2018,site2,test,site2/video1,146,q8_mask_center_5pct_v1,x=25%-75%; y=25%-75%,0.1016967744,>=0.05,yes
site2/test/video1frame147,EndoVis 2018,site2,test,site2/video1,147,q8_mask_center_5pct_v1,x=25%-75%; y=25%-75%,0.1191528291,>=0.05,yes
site2/test/video1frame148,EndoVis 2018,site2,test,site2/video1,148,q8_mask_center_5pct_v1,x=25%-75%; y=25%-75%,0.2638977170,>=0.05,yes
site2/test/video1frame149,EndoVis 2018,site2,test,site2/video1,149,q8_mask_center_5pct_v1,x=25%-75%; y=25%-75%,0.2233581543,>=0.05,yes
site2/test/video1frame150,EndoVis 2018,site2,test,site2/video1,150,q8_mask_center_5pct_v1,x=25%-75%; y=25%-75%,0.1842865050,>=0.05,yes
site2/test/video1frame151,EndoVis 2018,site2,test,site2/video1,151,q8_mask_center_5pct_v1,x=25%-75%; y=25%-75%,0.0213928223,>=0.05,no
site2/test/video1frame152,EndoVis 2018,site2,test,site2/video1,152,q8_mask_center_5pct_v1,x=25%-75%; y=25%-75%,0.1374633759,>=0.05,yes
site2/test/video1frame153,EndoVis 2018,site2,test,site2/video1,153,q8_mask_center_5pct_v1,x=25%-75%; y=25%-75%,0.1470672637,>=0.05,yes
site2/test/video1frame154,EndoVis 2018,site2,test,site2/video1,154,q8_mask_center_5pct_v1,x=25%-75%; y=25%-75%,0.1330596954,>=0.05,yes
site2/test/video1frame155,EndoVis 2018,site2,test,site2/video1,155,q8_mask_center_5pct_v1,x=25%-75%; y=25%-75%,0.2034027129,>=0.05,yes
site2/test/video1frame156,EndoVis 2018,site2,test,site2/video1,156,q8_mask_center_5pct_v1,x=25%-75%; y=25%-75%,0.2482604980,>=0.05,yes
site2/test/video1frame157,EndoVis 2018,site2,test,site2/video1,157,q8_mask_center_5pct_v1,x=25%-75%; y=25%-75%,0.2826446593,>=0.05,yes
site2/test/video1frame158,EndoVis 2018,site2,test,site2/video1,158,q8_mask_center_5pct_v1,x=25%-75%; y=25%-75%,0.0456329361,>=0.05,no
site2/test/video1frame159,EndoVis 2018,site2,test,site2/video1,159,q8_mask_center_5pct_v1,x=25%-75%; y=25%-75%,0.1846649200,>=0.05,yes
site2/test/video1frame160,EndoVis 2018,site2,test,site2/video1,160,q8_mask_center_5pct_v1,x=25%-75%; y=25%-75%,0.2646942139,>=0.05,yes
site2/test/video1frame161,EndoVis 2018,site2,test,site2/video1,161,q8_mask_center_5pct_v1,x=25%-75%; y=25%-75%,0.2705658078,>=0.05,yes
site2/test/video1frame162,EndoVis 2018,site2,test,site2/video1,162,q8_mask_center_5pct_v1,x=25%-75%; y=25%-75%,0.1191802993,>=0.05,yes
site2/test/video1frame163,EndoVis 2018,site2,test,site2/video1,163,q8_mask_center_5pct_v1,x=25%-75%; y=25%-75%,0.1708831787,>=0.05,yes
site2/test/video1frame164,EndoVis 2018,site2,test,site2/video1,164,q8_mask_center_5pct_v1,x=25%-75%; y=25%-75%,0.1396698058,>=0.05,yes
site2/test/video1frame165,EndoVis 2018,site2,test,site2/video1,165,q8_mask_center_5pct_v1,x=25%-75%; y=25%-75%,0.1238647476,>=0.05,yes
site2/test/video1frame166,EndoVis 2018,site2,test,site2/video1,166,q8_mask_center_5pct_v1,x=25%-75%; y=25%-75%,0.1153717041,>=0.05,yes
site2/test/video1frame167,EndoVis 2018,site2,test,site2/video1,167,q8_mask_center_5pct_v1,x=25%-75%; y=25%-75%,0.1390106231,>=0.05,yes
site2/test/video1frame168,EndoVis 2018,site2,test,site2/video1,168,q8_mask_center_5pct_v1,x=25%-75%; y=25%-75%,0.1043334976,>=0.05,yes
site2/test/video1frame169,EndoVis 2018,site2,test,site2/video1,169,q8_mask_center_5pct_v1,x=25%-75%; y=25%-75%,0.1214569062,>=0.05,yes
site2/test/video1frame170,EndoVis 2018,site2,test,site2/video1,170,q8_mask_center_5pct_v1,x=25%-75%; y=25%-75%,0.2413238585,>=0.05,yes
site2/test/video1frame171,EndoVis 2018,site2,test,site2/video1,171,q8_mask_center_5pct_v1,x=25%-75%; y=25%-75%,0.2630218565,>=0.05,yes
site2/test/video1frame172,EndoVis 2018,site2,test,site2/video1,172,q8_mask_center_5pct_v1,x=25%-75%; y=25%-75%,0.1799926758,>=0.05,yes
site2/test/video1frame173,EndoVis 2018,site2,test,site2/video1,173,q8_mask_center_5pct_v1,x=25%-75%; y=25%-75%,0.1937255859,>=0.05,yes
site2/test/video1frame174,EndoVis 2018,site2,test,site2/video1,174,q8_mask_center_5pct_v1,x=25%-75%; y=25%-75%,0.2812225223,>=0.05,yes
site2/test/video1frame175,EndoVis 2018,site2,test,site2/video1,175,q8_mask_center_5pct_v1,x=25%-75%; y=25%-75%,0.2096221894,>=0.05,yes
site2/test/video1frame176,EndoVis 2018,site2,test,site2/video1,176,q8_mask_center_5pct_v1,x=25%-75%; y=25%-75%,0.0000000000,>=0.05,no
site2/test/video1frame177,EndoVis 2018,site2,test,site2/video1,177,q8_mask_center_5pct_v1,x=25%-75%; y=25%-75%,0.0018615723,>=0.05,no
site2/test/video1frame178,EndoVis 2018,site2,test,site2/video1,178,q8_mask_center_5pct_v1,x=25%-75%; y=25%-75%,0.1567718536,>=0.05,yes
site2/test/video1frame179,EndoVis 2018,site2,test,site2/video1,179,q8_mask_center_5pct_v1,x=25%-75%; y=25%-75%,0.0000000000,>=0.05,no
site2/test/video1frame180,EndoVis 2018,site2,test,site2/video1,180,q8_mask_center_5pct_v1,x=25%-75%; y=25%-75%,0.0234588627,>=0.05,no
site2/test/video1frame181,EndoVis 2018,site2,test,site2/video1,181,q8_mask_center_5pct_v1,x=25%-75%; y=25%-75%,0.0718444809,>=0.05,yes
site2/test/video1frame182,EndoVis 2018,site2,test,site2/video1,182,q8_mask_center_5pct_v1,x=25%-75%; y=25%-75%,0.0000000000,>=0.05,no
site2/test/video1frame183,EndoVis 2018,site2,test,site2/video1,183,q8_mask_center_5pct_v1,x=25%-75%; y=25%-75%,0.0205963142,>=0.05,no
site2/test/video1frame184,EndoVis 2018,site2,test,site2/video1,184,q8_mask_center_5pct_v1,x=25%-75%; y=25%-75%,0.1038940400,>=0.05,yes
site2/test/video1frame185,EndoVis 2018,site2,test,site2/video1,185,q8_mask_center_5pct_v1,x=25%-75%; y=25%-75%,0.1266967803,>=0.05,yes
site2/test/video1frame186,EndoVis 2018,site2,test,site2/video1,186,q8_mask_center_5pct_v1,x=25%-75%; y=25%-75%,0.2027160674,>=0.05,yes
site2/test/video1frame187,EndoVis 2018,site2,test,site2/video1,187,q8_mask_center_5pct_v1,x=25%-75%; y=25%-75%,0.1905303895,>=0.05,yes
site2/test/video1frame188,EndoVis 2018,site2,test,site2/video1,188,q8_mask_center_5pct_v1,x=25%-75%; y=25%-75%,0.1882690489,>=0.05,yes
site2/test/video1frame189,EndoVis 2018,site2,test,site2/video1,189,q8_mask_center_5pct_v1,x=25%-75%; y=25%-75%,0.2015197724,>=0.05,yes
site2/test/video1frame190,EndoVis 2018,site2,test,site2/video1,190,q8_mask_center_5pct_v1,x=25%-75%; y=25%-75%,0.1987976134,>=0.05,yes
site2/test/video1frame191,EndoVis 2018,site2,test,site2/video1,191,q8_mask_center_5pct_v1,x=25%-75%; y=25%-75%,0.2425140440,>=0.05,yes
site2/test/video1frame192,EndoVis 2018,site2,test,site2/video1,192,q8_mask_center_5pct_v1,x=25%-75%; y=25%-75%,0.2481658906,>=0.05,yes
site2/test/video1frame193,EndoVis 2018,site2,test,site2/video1,193,q8_mask_center_5pct_v1,x=25%-75%; y=25%-75%,0.1326355040,>=0.05,yes
site2/test/video1frame194,EndoVis 2018,site2,test,site2/video1,194,q8_mask_center_5pct_v1,x=25%-75%; y=25%-75%,0.2709228396,>=0.05,yes
site2/test/video1frame195,EndoVis 2018,site2,test,site2/video1,195,q8_mask_center_5pct_v1,x=25%-75%; y=25%-75%,0.0000000000,>=0.05,no
site2/test/video1frame196,EndoVis 2018,site2,test,site2/video1,196,q8_mask_center_5pct_v1,x=25%-75%; y=25%-75%,0.1888885498,>=0.05,yes
site2/test/video1frame197,EndoVis 2018,site2,test,site2/video1,197,q8_mask_center_5pct_v1,x=25%-75%; y=25%-75%,0.0252990723,>=0.05,no
site2/test/video1frame198,EndoVis 2018,site2,test,site2/video1,198,q8_mask_center_5pct_v1,x=25%-75%; y=25%-75%,0.0279785153,>=0.05,no
site2/test/video1frame199,EndoVis 2018,site2,test,site2/video1,199,q8_mask_center_5pct_v1,x=25%-75%; y=25%-75%,0.0285369866,>=0.05,no
site2/test/video1frame200,EndoVis 2018,site2,test,site2/video1,200,q8_mask_center_5pct_v1,x=25%-75%; y=25%-75%,0.2047698945,>=0.05,yes
site2/test/video1frame201,EndoVis 2018,site2,test,site2/video1,201,q8_mask_center_5pct_v1,x=25%-75%; y=25%-75%,0.3054107726,>=0.05,yes
site2/test/video1frame202,EndoVis 2018,site2,test,site2/video1,202,q8_mask_center_5pct_v1,x=25%-75%; y=25%-75%,0.3255310059,>=0.05,yes
site2/test/video1frame203,EndoVis 2018,site2,test,site2/video1,203,q8_mask_center_5pct_v1,x=25%-75%; y=25%-75%,0.2154602110,>=0.05,yes
site2/test/video1frame204,EndoVis 2018,site2,test,site2/video1,204,q8_mask_center_5pct_v1,x=25%-75%; y=25%-75%,0.2911804318,>=0.05,yes
site2/test/video1frame205,EndoVis 2018,site2,test,site2/video1,205,q8_mask_center_5pct_v1,x=25%-75%; y=25%-75%,0.3107696474,>=0.05,yes
site2/test/video1frame206,EndoVis 2018,site2,test,site2/video1,206,q8_mask_center_5pct_v1,x=25%-75%; y=25%-75%,0.0983581543,>=0.05,yes
site2/test/video1frame207,EndoVis 2018,site2,test,site2/video1,207,q8_mask_center_5pct_v1,x=25%-75%; y=25%-75%,0.0897705108,>=0.05,yes
site2/test/video1frame208,EndoVis 2018,site2,test,site2/video1,208,q8_mask_center_5pct_v1,x=25%-75%; y=25%-75%,0.0826049820,>=0.05,yes
site2/test/video1frame209,EndoVis 2018,site2,test,site2/video1,209,q8_mask_center_5pct_v1,x=25%-75%; y=25%-75%,0.0990753174,>=0.05,yes
site2/test/video1frame210,EndoVis 2018,site2,test,site2/video1,210,q8_mask_center_5pct_v1,x=25%-75%; y=25%-75%,0.0704956055,>=0.05,yes
site2/test/video1frame211,EndoVis 2018,site2,test,site2/video1,211,q8_mask_center_5pct_v1,x=25%-75%; y=25%-75%,0.1482665986,>=0.05,yes
site2/test/video1frame212,EndoVis 2018,site2,test,site2/video1,212,q8_mask_center_5pct_v1,x=25%-75%; y=25%-75%,0.1660339385,>=0.05,yes
site2/test/video1frame213,EndoVis 2018,site2,test,site2/video1,213,q8_mask_center_5pct_v1,x=25%-75%; y=25%-75%,0.1228149384,>=0.05,yes
site2/test/video1frame214,EndoVis 2018,site2,test,site2/video1,214,q8_mask_center_5pct_v1,x=25%-75%; y=25%-75%,0.0000000000,>=0.05,no
site2/test/video1frame215,EndoVis 2018,site2,test,site2/video1,215,q8_mask_center_5pct_v1,x=25%-75%; y=25%-75%,0.0016143799,>=0.05,no
site2/test/video1frame216,EndoVis 2018,site2,test,site2/video1,216,q8_mask_center_5pct_v1,x=25%-75%; y=25%-75%,0.0016143799,>=0.05,no
site2/test/video1frame217,EndoVis 2018,site2,test,site2/video1,217,q8_mask_center_5pct_v1,x=25%-75%; y=25%-75%,0.0006256104,>=0.05,no
site2/test/video1frame218,EndoVis 2018,site2,test,site2/video1,218,q8_mask_center_5pct_v1,x=25%-75%; y=25%-75%,0.1729187071,>=0.05,yes
site2/test/video1frame219,EndoVis 2018,site2,test,site2/video1,219,q8_mask_center_5pct_v1,x=25%-75%; y=25%-75%,0.2485900819,>=0.05,yes
site2/test/video1frame220,EndoVis 2018,site2,test,site2/video1,220,q8_mask_center_5pct_v1,x=25%-75%; y=25%-75%,0.3337554932,>=0.05,yes
site2/test/video1frame221,EndoVis 2018,site2,test,site2/video1,221,q8_mask_center_5pct_v1,x=25%-75%; y=25%-75%,0.1818939149,>=0.05,yes
site2/test/video1frame222,EndoVis 2018,site2,test,site2/video1,222,q8_mask_center_5pct_v1,x=25%-75%; y=25%-75%,0.2334289551,>=0.05,yes
site2/test/video1frame223,EndoVis 2018,site2,test,site2/video1,223,q8_mask_center_5pct_v1,x=25%-75%; y=25%-75%,0.1407623291,>=0.05,yes
site2/test/video1frame224,EndoVis 2018,site2,test,site2/video1,224,q8_mask_center_5pct_v1,x=25%-75%; y=25%-75%,0.1743042022,>=0.05,yes
site2/test/video1frame225,EndoVis 2018,site2,test,site2/video1,225,q8_mask_center_5pct_v1,x=25%-75%; y=25%-75%,0.1870391816,>=0.05,yes
site2/test/video1frame226,EndoVis 2018,site2,test,site2/video1,226,q8_mask_center_5pct_v1,x=25%-75%; y=25%-75%,0.1841827333,>=0.05,yes
site2/test/video1frame227,EndoVis 2018,site2,test,site2/video1,227,q8_mask_center_5pct_v1,x=25%-75%; y=25%-75%,0.2014862001,>=0.05,yes
site2/test/video1frame228,EndoVis 2018,site2,test,site2/video1,228,q8_mask_center_5pct_v1,x=25%-75%; y=25%-75%,0.1412567198,>=0.05,yes
site2/test/video1frame229,EndoVis 2018,site2,test,site2/video1,229,q8_mask_center_5pct_v1,x=25%-75%; y=25%-75%,0.2504486144,>=0.05,yes
site2/test/video1frame230,EndoVis 2018,site2,test,site2/video1,230,q8_mask_center_5pct_v1,x=25%-75%; y=25%-75%,0.2419555634,>=0.05,yes
site2/test/video1frame231,EndoVis 2018,site2,test,site2/video1,231,q8_mask_center_5pct_v1,x=25%-75%; y=25%-75%,0.1283447295,>=0.05,yes
site2/test/video1frame232,EndoVis 2018,site2,test,site2/video1,232,q8_mask_center_5pct_v1,x=25%-75%; y=25%-75%,0.0907836929,>=0.05,yes
site2/test/video1frame233,EndoVis 2018,site2,test,site2/video1,233,q8_mask_center_5pct_v1,x=25%-75%; y=25%-75%,0.2472595274,>=0.05,yes
site2/test/video1frame234,EndoVis 2018,site2,test,site2/video1,234,q8_mask_center_5pct_v1,x=25%-75%; y=25%-75%,0.2516296506,>=0.05,yes
site2/test/video1frame235,EndoVis 2018,site2,test,site2/video1,235,q8_mask_center_5pct_v1,x=25%-75%; y=25%-75%,0.1434905976,>=0.05,yes
site2/test/video1frame236,EndoVis 2018,site2,test,site2/video1,236,q8_mask_center_5pct_v1,x=25%-75%; y=25%-75%,0.1169647202,>=0.05,yes
site2/test/video1frame237,EndoVis 2018,site2,test,site2/video1,237,q8_mask_center_5pct_v1,x=25%-75%; y=25%-75%,0.1022827178,>=0.05,yes
site2/test/video1frame238,EndoVis 2018,site2,test,site2/video1,238,q8_mask_center_5pct_v1,x=25%-75%; y=25%-75%,0.0000000000,>=0.05,no
site2/test/video1frame239,EndoVis 2018,site2,test,site2/video1,239,q8_mask_center_5pct_v1,x=25%-75%; y=25%-75%,0.0451019295,>=0.05,no
site2/test/video1frame240,EndoVis 2018,site2,test,site2/video1,240,q8_mask_center_5pct_v1,x=25%-75%; y=25%-75%,0.0809997544,>=0.05,yes
site2/test/video1frame241,EndoVis 2018,site2,test,site2/video1,241,q8_mask_center_5pct_v1,x=25%-75%; y=25%-75%,0.0005706787,>=0.05,no
site2/test/video1frame242,EndoVis 2018,site2,test,site2/video1,242,q8_mask_center_5pct_v1,x=25%-75%; y=25%-75%,0.0871490464,>=0.05,yes
site2/test/video1frame243,EndoVis 2018,site2,test,site2/video1,243,q8_mask_center_5pct_v1,x=25%-75%; y=25%-75%,0.0981353745,>=0.05,yes
site2/test/video1frame244,EndoVis 2018,site2,test,site2/video1,244,q8_mask_center_5pct_v1,x=25%-75%; y=25%-75%,0.0822448730,>=0.05,yes
site2/test/video1frame245,EndoVis 2018,site2,test,site2/video1,245,q8_mask_center_5pct_v1,x=25%-75%; y=25%-75%,0.0997436494,>=0.05,yes
site2/test/video1frame246,EndoVis 2018,site2,test,site2/video1,246,q8_mask_center_5pct_v1,x=25%-75%; y=25%-75%,0.0329772942,>=0.05,no
site2/test/video1frame247,EndoVis 2018,site2,test,site2/video1,247,q8_mask_center_5pct_v1,x=25%-75%; y=25%-75%,0.0876586884,>=0.05,yes
site2/test/video1frame248,EndoVis 2018,site2,test,site2/video1,248,q8_mask_center_5pct_v1,x=25%-75%; y=25%-75%,0.0329772942,>=0.05,no
site2/test/video1frame249,EndoVis 2018,site2,test,site2/video1,249,q8_mask_center_5pct_v1,x=25%-75%; y=25%-75%,0.1680389345,>=0.05,yes
site2/test/video2frame000,EndoVis 2018,site2,test,site2/video2,0,q8_mask_center_5pct_v1,x=25%-75%; y=25%-75%,0.0651031509,>=0.05,yes
site2/test/video2frame001,EndoVis 2018,site2,test,site2/video2,1,q8_mask_center_5pct_v1,x=25%-75%; y=25%-75%,0.1255371124,>=0.05,yes
site2/test/video2frame002,EndoVis 2018,site2,test,site2/video2,2,q8_mask_center_5pct_v1,x=25%-75%; y=25%-75%,0.0799926743,>=0.05,yes
site2/test/video2frame003,EndoVis 2018,site2,test,site2/video2,3,q8_mask_center_5pct_v1,x=25%-75%; y=25%-75%,0.0465850830,>=0.05,no
site2/test/video2frame004,EndoVis 2018,site2,test,site2/video2,4,q8_mask_center_5pct_v1,x=25%-75%; y=25%-75%,0.0637390167,>=0.05,yes
site2/test/video2frame005,EndoVis 2018,site2,test,site2/video2,5,q8_mask_center_5pct_v1,x=25%-75%; y=25%-75%,0.1536254883,>=0.05,yes
site2/test/video2frame006,EndoVis 2018,site2,test,site2/video2,6,q8_mask_center_5pct_v1,x=25%-75%; y=25%-75%,0.1611236632,>=0.05,yes
site2/test/video2frame007,EndoVis 2018,site2,test,site2/video2,7,q8_mask_center_5pct_v1,x=25%-75%; y=25%-75%,0.0796020478,>=0.05,yes
site2/test/video2frame008,EndoVis 2018,site2,test,site2/video2,8,q8_mask_center_5pct_v1,x=25%-75%; y=25%-75%,0.1884643584,>=0.05,yes
site2/test/video2frame009,EndoVis 2018,site2,test,site2/video2,9,q8_mask_center_5pct_v1,x=25%-75%; y=25%-75%,0.2402984649,>=0.05,yes
site2/test/video2frame010,EndoVis 2018,site2,test,site2/video2,10,q8_mask_center_5pct_v1,x=25%-75%; y=25%-75%,0.1387725770,>=0.05,yes
site2/test/video2frame011,EndoVis 2018,site2,test,site2/video2,11,q8_mask_center_5pct_v1,x=25%-75%; y=25%-75%,0.1658844054,>=0.05,yes
site2/test/video2frame012,EndoVis 2018,site2,test,site2/video2,12,q8_mask_center_5pct_v1,x=25%-75%; y=25%-75%,0.1107604951,>=0.05,yes
site2/test/video2frame013,EndoVis 2018,site2,test,site2/video2,13,q8_mask_center_5pct_v1,x=25%-75%; y=25%-75%,0.1332214326,>=0.05,yes
site2/test/video2frame014,EndoVis 2018,site2,test,site2/video2,14,q8_mask_center_5pct_v1,x=25%-75%; y=25%-75%,0.1662597656,>=0.05,yes
site2/test/video2frame015,EndoVis 2018,site2,test,site2/video2,15,q8_mask_center_5pct_v1,x=25%-75%; y=25%-75%,0.1951202452,>=0.05,yes
site2/test/video2frame016,EndoVis 2018,site2,test,site2/video2,16,q8_mask_center_5pct_v1,x=25%-75%; y=25%-75%,0.2117553651,>=0.05,yes
site2/test/video2frame017,EndoVis 2018,site2,test,site2/video2,17,q8_mask_center_5pct_v1,x=25%-75%; y=25%-75%,0.1680053771,>=0.05,yes
site2/test/video2frame018,EndoVis 2018,site2,test,site2/video2,18,q8_mask_center_5pct_v1,x=25%-75%; y=25%-75%,0.1326385438,>=0.05,yes
site2/test/video2frame019,EndoVis 2018,site2,test,site2/video2,19,q8_mask_center_5pct_v1,x=25%-75%; y=25%-75%,0.1351867616,>=0.05,yes
site2/test/video2frame020,EndoVis 2018,site2,test,site2/video2,20,q8_mask_center_5pct_v1,x=25%-75%; y=25%-75%,0.1810943633,>=0.05,yes
site2/test/video2frame021,EndoVis 2018,site2,test,site2/video2,21,q8_mask_center_5pct_v1,x=25%-75%; y=25%-75%,0.1810943633,>=0.05,yes
site2/test/video2frame022,EndoVis 2018,site2,test,site2/video2,22,q8_mask_center_5pct_v1,x=25%-75%; y=25%-75%,0.2709442079,>=0.05,yes
site2/test/video2frame023,EndoVis 2018,site2,test,site2/video2,23,q8_mask_center_5pct_v1,x=25%-75%; y=25%-75%,0.2237823457,>=0.05,yes
site2/test/video2frame024,EndoVis 2018,site2,test,site2/video2,24,q8_mask_center_5pct_v1,x=25%-75%; y=25%-75%,0.1873199493,>=0.05,yes
site2/test/video2frame025,EndoVis 2018,site2,test,site2/video2,25,q8_mask_center_5pct_v1,x=25%-75%; y=25%-75%,0.1790924072,>=0.05,yes
site2/test/video2frame026,EndoVis 2018,site2,test,site2/video2,26,q8_mask_center_5pct_v1,x=25%-75%; y=25%-75%,0.1307251006,>=0.05,yes
site2/test/video2frame027,EndoVis 2018,site2,test,site2/video2,27,q8_mask_center_5pct_v1,x=25%-75%; y=25%-75%,0.1336425841,>=0.05,yes
site2/test/video2frame028,EndoVis 2018,site2,test,site2/video2,28,q8_mask_center_5pct_v1,x=25%-75%; y=25%-75%,0.0003509521,>=0.05,no
site2/test/video2frame029,EndoVis 2018,site2,test,site2/video2,29,q8_mask_center_5pct_v1,x=25%-75%; y=25%-75%,0.1342315674,>=0.05,yes
site2/test/video2frame030,EndoVis 2018,site2,test,site2/video2,30,q8_mask_center_5pct_v1,x=25%-75%; y=25%-75%,0.0594970696,>=0.05,yes
site2/test/video2frame031,EndoVis 2018,site2,test,site2/video2,31,q8_mask_center_5pct_v1,x=25%-75%; y=25%-75%,0.1258026063,>=0.05,yes
site2/test/video2frame032,EndoVis 2018,site2,test,site2/video2,32,q8_mask_center_5pct_v1,x=25%-75%; y=25%-75%,0.1799102724,>=0.05,yes
site2/test/video2frame033,EndoVis 2018,site2,test,site2/video2,33,q8_mask_center_5pct_v1,x=25%-75%; y=25%-75%,0.1586914062,>=0.05,yes
site2/test/video2frame034,EndoVis 2018,site2,test,site2/video2,34,q8_mask_center_5pct_v1,x=25%-75%; y=25%-75%,0.2530914247,>=0.05,yes
site2/test/video2frame035,EndoVis 2018,site2,test,site2/video2,35,q8_mask_center_5pct_v1,x=25%-75%; y=25%-75%,0.1142700166,>=0.05,yes
site2/test/video2frame036,EndoVis 2018,site2,test,site2/video2,36,q8_mask_center_5pct_v1,x=25%-75%; y=25%-75%,0.2406097353,>=0.05,yes
site2/test/video2frame037,EndoVis 2018,site2,test,site2/video2,37,q8_mask_center_5pct_v1,x=25%-75%; y=25%-75%,0.1245269775,>=0.05,yes
site2/test/video2frame038,EndoVis 2018,site2,test,site2/video2,38,q8_mask_center_5pct_v1,x=25%-75%; y=25%-75%,0.0873413086,>=0.05,yes
site2/test/video2frame039,EndoVis 2018,site2,test,site2/video2,39,q8_mask_center_5pct_v1,x=25%-75%; y=25%-75%,0.0774719268,>=0.05,yes
site2/test/video2frame040,EndoVis 2018,site2,test,site2/video2,40,q8_mask_center_5pct_v1,x=25%-75%; y=25%-75%,0.1646759063,>=0.05,yes
site2/test/video2frame041,EndoVis 2018,site2,test,site2/video2,41,q8_mask_center_5pct_v1,x=25%-75%; y=25%-75%,0.1768432558,>=0.05,yes
site2/test/video2frame042,EndoVis 2018,site2,test,site2/video2,42,q8_mask_center_5pct_v1,x=25%-75%; y=25%-75%,0.2489562929,>=0.05,yes
site2/test/video2frame043,EndoVis 2018,site2,test,site2/video2,43,q8_mask_center_5pct_v1,x=25%-75%; y=25%-75%,0.1057952866,>=0.05,yes
site2/test/video2frame044,EndoVis 2018,site2,test,site2/video2,44,q8_mask_center_5pct_v1,x=25%-75%; y=25%-75%,0.1923187226,>=0.05,yes
site2/test/video2frame045,EndoVis 2018,site2,test,site2/video2,45,q8_mask_center_5pct_v1,x=25%-75%; y=25%-75%,0.0865417495,>=0.05,yes
site2/test/video2frame046,EndoVis 2018,site2,test,site2/video2,46,q8_mask_center_5pct_v1,x=25%-75%; y=25%-75%,0.1958984435,>=0.05,yes
site2/test/video2frame047,EndoVis 2018,site2,test,site2/video2,47,q8_mask_center_5pct_v1,x=25%-75%; y=25%-75%,0.1739623994,>=0.05,yes
site2/test/video2frame048,EndoVis 2018,site2,test,site2/video2,48,q8_mask_center_5pct_v1,x=25%-75%; y=25%-75%,0.1694946289,>=0.05,yes
site2/test/video2frame049,EndoVis 2018,site2,test,site2/video2,49,q8_mask_center_5pct_v1,x=25%-75%; y=25%-75%,0.1886749268,>=0.05,yes
site2/test/video2frame050,EndoVis 2018,site2,test,site2/video2,50,q8_mask_center_5pct_v1,x=25%-75%; y=25%-75%,0.2020599395,>=0.05,yes
site2/test/video2frame051,EndoVis 2018,site2,test,site2/video2,51,q8_mask_center_5pct_v1,x=25%-75%; y=25%-75%,0.2183776796,>=0.05,yes
site2/test/video2frame052,EndoVis 2018,site2,test,site2/video2,52,q8_mask_center_5pct_v1,x=25%-75%; y=25%-75%,0.1654907167,>=0.05,yes
site2/test/video2frame053,EndoVis 2018,site2,test,site2/video2,53,q8_mask_center_5pct_v1,x=25%-75%; y=25%-75%,0.2171813995,>=0.05,yes
site2/test/video2frame054,EndoVis 2018,site2,test,site2/video2,54,q8_mask_center_5pct_v1,x=25%-75%; y=25%-75%,0.1734588593,>=0.05,yes
site2/test/video2frame055,EndoVis 2018,site2,test,site2/video2,55,q8_mask_center_5pct_v1,x=25%-75%; y=25%-75%,0.0048980713,>=0.05,no
site2/test/video2frame056,EndoVis 2018,site2,test,site2/video2,56,q8_mask_center_5pct_v1,x=25%-75%; y=25%-75%,0.3189086914,>=0.05,yes
site2/test/video2frame057,EndoVis 2018,site2,test,site2/video2,57,q8_mask_center_5pct_v1,x=25%-75%; y=25%-75%,0.1454894990,>=0.05,yes
site2/test/video2frame058,EndoVis 2018,site2,test,site2/video2,58,q8_mask_center_5pct_v1,x=25%-75%; y=25%-75%,0.1087371856,>=0.05,yes
site2/test/video2frame059,EndoVis 2018,site2,test,site2/video2,59,q8_mask_center_5pct_v1,x=25%-75%; y=25%-75%,0.1118530259,>=0.05,yes
site2/test/video2frame060,EndoVis 2018,site2,test,site2/video2,60,q8_mask_center_5pct_v1,x=25%-75%; y=25%-75%,0.0687500015,>=0.05,yes
site2/test/video2frame061,EndoVis 2018,site2,test,site2/video2,61,q8_mask_center_5pct_v1,x=25%-75%; y=25%-75%,0.1677093506,>=0.05,yes
site2/test/video2frame062,EndoVis 2018,site2,test,site2/video2,62,q8_mask_center_5pct_v1,x=25%-75%; y=25%-75%,0.2731719911,>=0.05,yes
site2/test/video2frame063,EndoVis 2018,site2,test,site2/video2,63,q8_mask_center_5pct_v1,x=25%-75%; y=25%-75%,0.0482910164,>=0.05,no
site2/test/video2frame064,EndoVis 2018,site2,test,site2/video2,64,q8_mask_center_5pct_v1,x=25%-75%; y=25%-75%,0.0252563469,>=0.05,no
site2/test/video2frame065,EndoVis 2018,site2,test,site2/video2,65,q8_mask_center_5pct_v1,x=25%-75%; y=25%-75%,0.1464447081,>=0.05,yes
site2/test/video2frame066,EndoVis 2018,site2,test,site2/video2,66,q8_mask_center_5pct_v1,x=25%-75%; y=25%-75%,0.0486206040,>=0.05,no
site2/test/video2frame067,EndoVis 2018,site2,test,site2/video2,67,q8_mask_center_5pct_v1,x=25%-75%; y=25%-75%,0.0747650117,>=0.05,yes
site2/test/video2frame068,EndoVis 2018,site2,test,site2/video2,68,q8_mask_center_5pct_v1,x=25%-75%; y=25%-75%,0.2010345459,>=0.05,yes
site2/test/video2frame069,EndoVis 2018,site2,test,site2/video2,69,q8_mask_center_5pct_v1,x=25%-75%; y=25%-75%,0.1828155518,>=0.05,yes
site2/test/video2frame070,EndoVis 2018,site2,test,site2/video2,70,q8_mask_center_5pct_v1,x=25%-75%; y=25%-75%,0.1749786437,>=0.05,yes
site2/test/video2frame071,EndoVis 2018,site2,test,site2/video2,71,q8_mask_center_5pct_v1,x=25%-75%; y=25%-75%,0.2024688721,>=0.05,yes
site2/test/video2frame072,EndoVis 2018,site2,test,site2/video2,72,q8_mask_center_5pct_v1,x=25%-75%; y=25%-75%,0.2329589874,>=0.05,yes
site2/test/video2frame073,EndoVis 2018,site2,test,site2/video2,73,q8_mask_center_5pct_v1,x=25%-75%; y=25%-75%,0.2038116455,>=0.05,yes
site2/test/video2frame074,EndoVis 2018,site2,test,site2/video2,74,q8_mask_center_5pct_v1,x=25%-75%; y=25%-75%,0.1126708984,>=0.05,yes
site2/test/video2frame075,EndoVis 2018,site2,test,site2/video2,75,q8_mask_center_5pct_v1,x=25%-75%; y=25%-75%,0.0461486802,>=0.05,no
site2/test/video2frame076,EndoVis 2018,site2,test,site2/video2,76,q8_mask_center_5pct_v1,x=25%-75%; y=25%-75%,0.1105957031,>=0.05,yes
site2/test/video2frame077,EndoVis 2018,site2,test,site2/video2,77,q8_mask_center_5pct_v1,x=25%-75%; y=25%-75%,0.0516479500,>=0.05,yes
site2/test/video2frame078,EndoVis 2018,site2,test,site2/video2,78,q8_mask_center_5pct_v1,x=25%-75%; y=25%-75%,0.1012756377,>=0.05,yes
site2/test/video2frame079,EndoVis 2018,site2,test,site2/video2,79,q8_mask_center_5pct_v1,x=25%-75%; y=25%-75%,0.0984497070,>=0.05,yes
site2/test/video2frame080,EndoVis 2018,site2,test,site2/video2,80,q8_mask_center_5pct_v1,x=25%-75%; y=25%-75%,0.0355529785,>=0.05,no
site2/test/video2frame081,EndoVis 2018,site2,test,site2/video2,81,q8_mask_center_5pct_v1,x=25%-75%; y=25%-75%,0.0000000000,>=0.05,no
site2/test/video2frame082,EndoVis 2018,site2,test,site2/video2,82,q8_mask_center_5pct_v1,x=25%-75%; y=25%-75%,0.1308990419,>=0.05,yes
site2/test/video2frame083,EndoVis 2018,site2,test,site2/video2,83,q8_mask_center_5pct_v1,x=25%-75%; y=25%-75%,0.2945648134,>=0.05,yes
site2/test/video2frame084,EndoVis 2018,site2,test,site2/video2,84,q8_mask_center_5pct_v1,x=25%-75%; y=25%-75%,0.2881500125,>=0.05,yes
site2/test/video2frame085,EndoVis 2018,site2,test,site2/video2,85,q8_mask_center_5pct_v1,x=25%-75%; y=25%-75%,0.2060882598,>=0.05,yes
site2/test/video2frame086,EndoVis 2018,site2,test,site2/video2,86,q8_mask_center_5pct_v1,x=25%-75%; y=25%-75%,0.1805572510,>=0.05,yes
site2/test/video2frame087,EndoVis 2018,site2,test,site2/video2,87,q8_mask_center_5pct_v1,x=25%-75%; y=25%-75%,0.3153808713,>=0.05,yes
site2/test/video2frame088,EndoVis 2018,site2,test,site2/video2,88,q8_mask_center_5pct_v1,x=25%-75%; y=25%-75%,0.0328430161,>=0.05,no
site2/test/video2frame089,EndoVis 2018,site2,test,site2/video2,89,q8_mask_center_5pct_v1,x=25%-75%; y=25%-75%,0.0283508301,>=0.05,no
site2/test/video2frame090,EndoVis 2018,site2,test,site2/video2,90,q8_mask_center_5pct_v1,x=25%-75%; y=25%-75%,0.2866027951,>=0.05,yes
site2/test/video2frame091,EndoVis 2018,site2,test,site2/video2,91,q8_mask_center_5pct_v1,x=25%-75%; y=25%-75%,0.0503692627,>=0.05,yes
site2/test/video2frame092,EndoVis 2018,site2,test,site2/video2,92,q8_mask_center_5pct_v1,x=25%-75%; y=25%-75%,0.0761352554,>=0.05,yes
site2/test/video2frame093,EndoVis 2018,site2,test,site2/video2,93,q8_mask_center_5pct_v1,x=25%-75%; y=25%-75%,0.1079193130,>=0.05,yes
site2/test/video2frame094,EndoVis 2018,site2,test,site2/video2,94,q8_mask_center_5pct_v1,x=25%-75%; y=25%-75%,0.0953369141,>=0.05,yes
site2/test/video2frame095,EndoVis 2018,site2,test,site2/video2,95,q8_mask_center_5pct_v1,x=25%-75%; y=25%-75%,0.0804168731,>=0.05,yes
site2/test/video2frame096,EndoVis 2018,site2,test,site2/video2,96,q8_mask_center_5pct_v1,x=25%-75%; y=25%-75%,0.2203308046,>=0.05,yes
site2/test/video2frame097,EndoVis 2018,site2,test,site2/video2,97,q8_mask_center_5pct_v1,x=25%-75%; y=25%-75%,0.1478271484,>=0.05,yes
site2/test/video2frame098,EndoVis 2018,site2,test,site2/video2,98,q8_mask_center_5pct_v1,x=25%-75%; y=25%-75%,0.2609649599,>=0.05,yes
site2/test/video2frame099,EndoVis 2018,site2,test,site2/video2,99,q8_mask_center_5pct_v1,x=25%-75%; y=25%-75%,0.2277862579,>=0.05,yes
site2/test/video2frame100,EndoVis 2018,site2,test,site2/video2,100,q8_mask_center_5pct_v1,x=25%-75%; y=25%-75%,0.1299804747,>=0.05,yes
site2/test/video2frame101,EndoVis 2018,site2,test,site2/video2,101,q8_mask_center_5pct_v1,x=25%-75%; y=25%-75%,0.1085845977,>=0.05,yes
site2/test/video2frame102,EndoVis 2018,site2,test,site2/video2,102,q8_mask_center_5pct_v1,x=25%-75%; y=25%-75%,0.0418151841,>=0.05,no
site2/test/video2frame103,EndoVis 2018,site2,test,site2/video2,103,q8_mask_center_5pct_v1,x=25%-75%; y=25%-75%,0.3060913086,>=0.05,yes
site2/test/video2frame104,EndoVis 2018,site2,test,site2/video2,104,q8_mask_center_5pct_v1,x=25%-75%; y=25%-75%,0.2565155029,>=0.05,yes
site2/test/video2frame105,EndoVis 2018,site2,test,site2/video2,105,q8_mask_center_5pct_v1,x=25%-75%; y=25%-75%,0.2972778380,>=0.05,yes
site2/test/video2frame106,EndoVis 2018,site2,test,site2/video2,106,q8_mask_center_5pct_v1,x=25%-75%; y=25%-75%,0.2123260498,>=0.05,yes
site2/test/video2frame107,EndoVis 2018,site2,test,site2/video2,107,q8_mask_center_5pct_v1,x=25%-75%; y=25%-75%,0.2288513184,>=0.05,yes
site2/test/video2frame108,EndoVis 2018,site2,test,site2/video2,108,q8_mask_center_5pct_v1,x=25%-75%; y=25%-75%,0.2291717529,>=0.05,yes
site2/test/video2frame109,EndoVis 2018,site2,test,site2/video2,109,q8_mask_center_5pct_v1,x=25%-75%; y=25%-75%,0.1987640411,>=0.05,yes
site2/test/video2frame110,EndoVis 2018,site2,test,site2/video2,110,q8_mask_center_5pct_v1,x=25%-75%; y=25%-75%,0.0975799561,>=0.05,yes
site2/test/video2frame111,EndoVis 2018,site2,test,site2/video2,111,q8_mask_center_5pct_v1,x=25%-75%; y=25%-75%,0.0793670639,>=0.05,yes
site2/test/video2frame112,EndoVis 2018,site2,test,site2/video2,112,q8_mask_center_5pct_v1,x=25%-75%; y=25%-75%,0.2339782715,>=0.05,yes
site2/test/video2frame113,EndoVis 2018,site2,test,site2/video2,113,q8_mask_center_5pct_v1,x=25%-75%; y=25%-75%,0.2353546172,>=0.05,yes
site2/test/video2frame114,EndoVis 2018,site2,test,site2/video2,114,q8_mask_center_5pct_v1,x=25%-75%; y=25%-75%,0.1302123964,>=0.05,yes
site2/test/video2frame115,EndoVis 2018,site2,test,site2/video2,115,q8_mask_center_5pct_v1,x=25%-75%; y=25%-75%,0.1297668517,>=0.05,yes
site2/test/video2frame116,EndoVis 2018,site2,test,site2/video2,116,q8_mask_center_5pct_v1,x=25%-75%; y=25%-75%,0.2217315733,>=0.05,yes
site2/test/video2frame117,EndoVis 2018,site2,test,site2/video2,117,q8_mask_center_5pct_v1,x=25%-75%; y=25%-75%,0.2213714570,>=0.05,yes
site2/test/video2frame118,EndoVis 2018,site2,test,site2/video2,118,q8_mask_center_5pct_v1,x=25%-75%; y=25%-75%,0.2183593810,>=0.05,yes
site2/test/video2frame119,EndoVis 2018,site2,test,site2/video2,119,q8_mask_center_5pct_v1,x=25%-75%; y=25%-75%,0.2067382783,>=0.05,yes
site2/test/video2frame120,EndoVis 2018,site2,test,site2/video2,120,q8_mask_center_5pct_v1,x=25%-75%; y=25%-75%,0.1990478486,>=0.05,yes
site2/test/video2frame121,EndoVis 2018,site2,test,site2/video2,121,q8_mask_center_5pct_v1,x=25%-75%; y=25%-75%,0.1333068907,>=0.05,yes
site2/test/video2frame122,EndoVis 2018,site2,test,site2/video2,122,q8_mask_center_5pct_v1,x=25%-75%; y=25%-75%,0.2089569122,>=0.05,yes
site2/test/video2frame123,EndoVis 2018,site2,test,site2/video2,123,q8_mask_center_5pct_v1,x=25%-75%; y=25%-75%,0.1608245820,>=0.05,yes
site2/test/video2frame124,EndoVis 2018,site2,test,site2/video2,124,q8_mask_center_5pct_v1,x=25%-75%; y=25%-75%,0.3450531065,>=0.05,yes
site2/test/video2frame125,EndoVis 2018,site2,test,site2/video2,125,q8_mask_center_5pct_v1,x=25%-75%; y=25%-75%,0.1442871094,>=0.05,yes
site2/test/video2frame126,EndoVis 2018,site2,test,site2/video2,126,q8_mask_center_5pct_v1,x=25%-75%; y=25%-75%,0.0970581025,>=0.05,yes
site2/test/video2frame127,EndoVis 2018,site2,test,site2/video2,127,q8_mask_center_5pct_v1,x=25%-75%; y=25%-75%,0.0772277862,>=0.05,yes
site2/test/video2frame128,EndoVis 2018,site2,test,site2/video2,128,q8_mask_center_5pct_v1,x=25%-75%; y=25%-75%,0.0878631622,>=0.05,yes
site2/test/video2frame129,EndoVis 2018,site2,test,site2/video2,129,q8_mask_center_5pct_v1,x=25%-75%; y=25%-75%,0.1532226503,>=0.05,yes
site2/test/video2frame130,EndoVis 2018,site2,test,site2/video2,130,q8_mask_center_5pct_v1,x=25%-75%; y=25%-75%,0.0398132317,>=0.05,no
site2/test/video2frame131,EndoVis 2018,site2,test,site2/video2,131,q8_mask_center_5pct_v1,x=25%-75%; y=25%-75%,0.0947357193,>=0.05,yes
site2/test/video2frame132,EndoVis 2018,site2,test,site2/video2,132,q8_mask_center_5pct_v1,x=25%-75%; y=25%-75%,0.0648803711,>=0.05,yes
site2/test/video2frame133,EndoVis 2018,site2,test,site2/video2,133,q8_mask_center_5pct_v1,x=25%-75%; y=25%-75%,0.0849487334,>=0.05,yes
site2/test/video2frame134,EndoVis 2018,site2,test,site2/video2,134,q8_mask_center_5pct_v1,x=25%-75%; y=25%-75%,0.1932708770,>=0.05,yes
site2/test/video2frame135,EndoVis 2018,site2,test,site2/video2,135,q8_mask_center_5pct_v1,x=25%-75%; y=25%-75%,0.1060241684,>=0.05,yes
site2/test/video2frame136,EndoVis 2018,site2,test,site2/video2,136,q8_mask_center_5pct_v1,x=25%-75%; y=25%-75%,0.2153747529,>=0.05,yes
site2/test/video2frame137,EndoVis 2018,site2,test,site2/video2,137,q8_mask_center_5pct_v1,x=25%-75%; y=25%-75%,0.2504821718,>=0.05,yes
site2/test/video2frame138,EndoVis 2018,site2,test,site2/video2,138,q8_mask_center_5pct_v1,x=25%-75%; y=25%-75%,0.2432800233,>=0.05,yes
site2/test/video2frame139,EndoVis 2018,site2,test,site2/video2,139,q8_mask_center_5pct_v1,x=25%-75%; y=25%-75%,0.3046783507,>=0.05,yes
site2/test/video2frame140,EndoVis 2018,site2,test,site2/video2,140,q8_mask_center_5pct_v1,x=25%-75%; y=25%-75%,0.2182586640,>=0.05,yes
site2/test/video2frame141,EndoVis 2018,site2,test,site2/video2,141,q8_mask_center_5pct_v1,x=25%-75%; y=25%-75%,0.3537628055,>=0.05,yes
site2/test/video2frame142,EndoVis 2018,site2,test,site2/video2,142,q8_mask_center_5pct_v1,x=25%-75%; y=25%-75%,0.3473632932,>=0.05,yes
site2/test/video2frame143,EndoVis 2018,site2,test,site2/video2,143,q8_mask_center_5pct_v1,x=25%-75%; y=25%-75%,0.2287200987,>=0.05,yes
site2/test/video2frame144,EndoVis 2018,site2,test,site2/video2,144,q8_mask_center_5pct_v1,x=25%-75%; y=25%-75%,0.1487365663,>=0.05,yes
site2/test/video2frame145,EndoVis 2018,site2,test,site2/video2,145,q8_mask_center_5pct_v1,x=25%-75%; y=25%-75%,0.2608642578,>=0.05,yes
site2/test/video2frame146,EndoVis 2018,site2,test,site2/video2,146,q8_mask_center_5pct_v1,x=25%-75%; y=25%-75%,0.1781402528,>=0.05,yes
site2/test/video2frame147,EndoVis 2018,site2,test,site2/video2,147,q8_mask_center_5pct_v1,x=25%-75%; y=25%-75%,0.1926300079,>=0.05,yes
site2/test/video2frame148,EndoVis 2018,site2,test,site2/video2,148,q8_mask_center_5pct_v1,x=25%-75%; y=25%-75%,0.1243682876,>=0.05,yes
site2/test/video2frame149,EndoVis 2018,site2,test,site2/video2,149,q8_mask_center_5pct_v1,x=25%-75%; y=25%-75%,0.1247863770,>=0.05,yes
site2/test/video2frame150,EndoVis 2018,site2,test,site2/video2,150,q8_mask_center_5pct_v1,x=25%-75%; y=25%-75%,0.2242279053,>=0.05,yes
site2/test/video2frame151,EndoVis 2018,site2,test,site2/video2,151,q8_mask_center_5pct_v1,x=25%-75%; y=25%-75%,0.2244201601,>=0.05,yes
site2/test/video2frame152,EndoVis 2018,site2,test,site2/video2,152,q8_mask_center_5pct_v1,x=25%-75%; y=25%-75%,0.2640869021,>=0.05,yes
site2/test/video2frame153,EndoVis 2018,site2,test,site2/video2,153,q8_mask_center_5pct_v1,x=25%-75%; y=25%-75%,0.2836731076,>=0.05,yes
site2/test/video2frame154,EndoVis 2018,site2,test,site2/video2,154,q8_mask_center_5pct_v1,x=25%-75%; y=25%-75%,0.0290344246,>=0.05,no
site2/test/video2frame155,EndoVis 2018,site2,test,site2/video2,155,q8_mask_center_5pct_v1,x=25%-75%; y=25%-75%,0.0496734604,>=0.05,no
site2/test/video2frame156,EndoVis 2018,site2,test,site2/video2,156,q8_mask_center_5pct_v1,x=25%-75%; y=25%-75%,0.0000000000,>=0.05,no
site2/test/video2frame157,EndoVis 2018,site2,test,site2/video2,157,q8_mask_center_5pct_v1,x=25%-75%; y=25%-75%,0.1992156953,>=0.05,yes
site2/test/video2frame158,EndoVis 2018,site2,test,site2/video2,158,q8_mask_center_5pct_v1,x=25%-75%; y=25%-75%,0.2229492217,>=0.05,yes
site2/test/video2frame159,EndoVis 2018,site2,test,site2/video2,159,q8_mask_center_5pct_v1,x=25%-75%; y=25%-75%,0.0831512436,>=0.05,yes
site2/test/video2frame160,EndoVis 2018,site2,test,site2/video2,160,q8_mask_center_5pct_v1,x=25%-75%; y=25%-75%,0.1574554443,>=0.05,yes
site2/test/video2frame161,EndoVis 2018,site2,test,site2/video2,161,q8_mask_center_5pct_v1,x=25%-75%; y=25%-75%,0.1696136445,>=0.05,yes
site2/test/video2frame162,EndoVis 2018,site2,test,site2/video2,162,q8_mask_center_5pct_v1,x=25%-75%; y=25%-75%,0.1563781798,>=0.05,yes
site2/test/video2frame163,EndoVis 2018,site2,test,site2/video2,163,q8_mask_center_5pct_v1,x=25%-75%; y=25%-75%,0.0751617402,>=0.05,yes
site2/test/video2frame164,EndoVis 2018,site2,test,site2/video2,164,q8_mask_center_5pct_v1,x=25%-75%; y=25%-75%,0.0625671372,>=0.05,yes
site2/test/video2frame165,EndoVis 2018,site2,test,site2/video2,165,q8_mask_center_5pct_v1,x=25%-75%; y=25%-75%,0.0751312226,>=0.05,yes
site2/test/video2frame166,EndoVis 2018,site2,test,site2/video2,166,q8_mask_center_5pct_v1,x=25%-75%; y=25%-75%,0.0512023941,>=0.05,yes
site2/test/video2frame167,EndoVis 2018,site2,test,site2/video2,167,q8_mask_center_5pct_v1,x=25%-75%; y=25%-75%,0.2004943788,>=0.05,yes
site2/test/video2frame168,EndoVis 2018,site2,test,site2/video2,168,q8_mask_center_5pct_v1,x=25%-75%; y=25%-75%,0.0270233154,>=0.05,no
site2/test/video2frame169,EndoVis 2018,site2,test,site2/video2,169,q8_mask_center_5pct_v1,x=25%-75%; y=25%-75%,0.1300994903,>=0.05,yes
site2/test/video2frame170,EndoVis 2018,site2,test,site2/video2,170,q8_mask_center_5pct_v1,x=25%-75%; y=25%-75%,0.2982116640,>=0.05,yes
site2/test/video2frame171,EndoVis 2018,site2,test,site2/video2,171,q8_mask_center_5pct_v1,x=25%-75%; y=25%-75%,0.2853912413,>=0.05,yes
site2/test/video2frame172,EndoVis 2018,site2,test,site2/video2,172,q8_mask_center_5pct_v1,x=25%-75%; y=25%-75%,0.2032653838,>=0.05,yes
site2/test/video2frame173,EndoVis 2018,site2,test,site2/video2,173,q8_mask_center_5pct_v1,x=25%-75%; y=25%-75%,0.3660980165,>=0.05,yes
site2/test/video2frame174,EndoVis 2018,site2,test,site2/video2,174,q8_mask_center_5pct_v1,x=25%-75%; y=25%-75%,0.1534667909,>=0.05,yes
site2/test/video2frame175,EndoVis 2018,site2,test,site2/video2,175,q8_mask_center_5pct_v1,x=25%-75%; y=25%-75%,0.1268646270,>=0.05,yes
site2/test/video2frame176,EndoVis 2018,site2,test,site2/video2,176,q8_mask_center_5pct_v1,x=25%-75%; y=25%-75%,0.2578094602,>=0.05,yes
site2/test/video2frame177,EndoVis 2018,site2,test,site2/video2,177,q8_mask_center_5pct_v1,x=25%-75%; y=25%-75%,0.2307067811,>=0.05,yes
site2/test/video2frame178,EndoVis 2018,site2,test,site2/video2,178,q8_mask_center_5pct_v1,x=25%-75%; y=25%-75%,0.2367645204,>=0.05,yes
site2/test/video2frame179,EndoVis 2018,site2,test,site2/video2,179,q8_mask_center_5pct_v1,x=25%-75%; y=25%-75%,0.1556823701,>=0.05,yes
site2/test/video2frame180,EndoVis 2018,site2,test,site2/video2,180,q8_mask_center_5pct_v1,x=25%-75%; y=25%-75%,0.1588806212,>=0.05,yes
site2/test/video2frame181,EndoVis 2018,site2,test,site2/video2,181,q8_mask_center_5pct_v1,x=25%-75%; y=25%-75%,0.2844451964,>=0.05,yes
site2/test/video2frame182,EndoVis 2018,site2,test,site2/video2,182,q8_mask_center_5pct_v1,x=25%-75%; y=25%-75%,0.2595947385,>=0.05,yes
site2/test/video2frame183,EndoVis 2018,site2,test,site2/video2,183,q8_mask_center_5pct_v1,x=25%-75%; y=25%-75%,0.1008331329,>=0.05,yes
site2/test/video2frame184,EndoVis 2018,site2,test,site2/video2,184,q8_mask_center_5pct_v1,x=25%-75%; y=25%-75%,0.2243041992,>=0.05,yes
site2/test/video2frame185,EndoVis 2018,site2,test,site2/video2,185,q8_mask_center_5pct_v1,x=25%-75%; y=25%-75%,0.1958679259,>=0.05,yes
site2/test/video2frame186,EndoVis 2018,site2,test,site2/video2,186,q8_mask_center_5pct_v1,x=25%-75%; y=25%-75%,0.1871734560,>=0.05,yes
site2/test/video2frame187,EndoVis 2018,site2,test,site2/video2,187,q8_mask_center_5pct_v1,x=25%-75%; y=25%-75%,0.1403198242,>=0.05,yes
site2/test/video2frame188,EndoVis 2018,site2,test,site2/video2,188,q8_mask_center_5pct_v1,x=25%-75%; y=25%-75%,0.0958923325,>=0.05,yes
site2/test/video2frame189,EndoVis 2018,site2,test,site2/video2,189,q8_mask_center_5pct_v1,x=25%-75%; y=25%-75%,0.0862518325,>=0.05,yes
site2/test/video2frame190,EndoVis 2018,site2,test,site2/video2,190,q8_mask_center_5pct_v1,x=25%-75%; y=25%-75%,0.1102966294,>=0.05,yes
site2/test/video2frame191,EndoVis 2018,site2,test,site2/video2,191,q8_mask_center_5pct_v1,x=25%-75%; y=25%-75%,0.1492279023,>=0.05,yes
site2/test/video2frame192,EndoVis 2018,site2,test,site2/video2,192,q8_mask_center_5pct_v1,x=25%-75%; y=25%-75%,0.1741394103,>=0.05,yes
site2/test/video2frame193,EndoVis 2018,site2,test,site2/video2,193,q8_mask_center_5pct_v1,x=25%-75%; y=25%-75%,0.1787689179,>=0.05,yes
site2/test/video2frame194,EndoVis 2018,site2,test,site2/video2,194,q8_mask_center_5pct_v1,x=25%-75%; y=25%-75%,0.1732971221,>=0.05,yes
site2/test/video2frame195,EndoVis 2018,site2,test,site2/video2,195,q8_mask_center_5pct_v1,x=25%-75%; y=25%-75%,0.2056610137,>=0.05,yes
site2/test/video2frame196,EndoVis 2018,site2,test,site2/video2,196,q8_mask_center_5pct_v1,x=25%-75%; y=25%-75%,0.1248016357,>=0.05,yes
site2/test/video2frame197,EndoVis 2018,site2,test,site2/video2,197,q8_mask_center_5pct_v1,x=25%-75%; y=25%-75%,0.1933654845,>=0.05,yes
site2/test/video2frame198,EndoVis 2018,site2,test,site2/video2,198,q8_mask_center_5pct_v1,x=25%-75%; y=25%-75%,0.0862365738,>=0.05,yes
site2/test/video2frame199,EndoVis 2018,site2,test,site2/video2,199,q8_mask_center_5pct_v1,x=25%-75%; y=25%-75%,0.1984466612,>=0.05,yes
site2/test/video2frame200,EndoVis 2018,site2,test,site2/video2,200,q8_mask_center_5pct_v1,x=25%-75%; y=25%-75%,0.0331970230,>=0.05,no
site2/test/video2frame201,EndoVis 2018,site2,test,site2/video2,201,q8_mask_center_5pct_v1,x=25%-75%; y=25%-75%,0.1896209717,>=0.05,yes
site2/test/video2frame202,EndoVis 2018,site2,test,site2/video2,202,q8_mask_center_5pct_v1,x=25%-75%; y=25%-75%,0.2484649718,>=0.05,yes
site2/test/video2frame203,EndoVis 2018,site2,test,site2/video2,203,q8_mask_center_5pct_v1,x=25%-75%; y=25%-75%,0.2896881104,>=0.05,yes
site2/test/video2frame204,EndoVis 2018,site2,test,site2/video2,204,q8_mask_center_5pct_v1,x=25%-75%; y=25%-75%,0.1455963105,>=0.05,yes
site2/test/video2frame205,EndoVis 2018,site2,test,site2/video2,205,q8_mask_center_5pct_v1,x=25%-75%; y=25%-75%,0.2463775575,>=0.05,yes
site2/test/video2frame206,EndoVis 2018,site2,test,site2/video2,206,q8_mask_center_5pct_v1,x=25%-75%; y=25%-75%,0.2523712218,>=0.05,yes
site2/test/video2frame207,EndoVis 2018,site2,test,site2/video2,207,q8_mask_center_5pct_v1,x=25%-75%; y=25%-75%,0.2989837527,>=0.05,yes
site2/test/video2frame208,EndoVis 2018,site2,test,site2/video2,208,q8_mask_center_5pct_v1,x=25%-75%; y=25%-75%,0.0930114761,>=0.05,yes
site2/test/video2frame209,EndoVis 2018,site2,test,site2/video2,209,q8_mask_center_5pct_v1,x=25%-75%; y=25%-75%,0.0904693604,>=0.05,yes
site2/test/video2frame210,EndoVis 2018,site2,test,site2/video2,210,q8_mask_center_5pct_v1,x=25%-75%; y=25%-75%,0.1309722960,>=0.05,yes
site2/test/video2frame211,EndoVis 2018,site2,test,site2/video2,211,q8_mask_center_5pct_v1,x=25%-75%; y=25%-75%,0.0726684555,>=0.05,yes
site2/test/video2frame212,EndoVis 2018,site2,test,site2/video2,212,q8_mask_center_5pct_v1,x=25%-75%; y=25%-75%,0.0092834476,>=0.05,no
site2/test/video2frame213,EndoVis 2018,site2,test,site2/video2,213,q8_mask_center_5pct_v1,x=25%-75%; y=25%-75%,0.1540801972,>=0.05,yes
site2/test/video2frame214,EndoVis 2018,site2,test,site2/video2,214,q8_mask_center_5pct_v1,x=25%-75%; y=25%-75%,0.1765319854,>=0.05,yes
site2/test/video2frame215,EndoVis 2018,site2,test,site2/video2,215,q8_mask_center_5pct_v1,x=25%-75%; y=25%-75%,0.1598724425,>=0.05,yes
site2/test/video2frame216,EndoVis 2018,site2,test,site2/video2,216,q8_mask_center_5pct_v1,x=25%-75%; y=25%-75%,0.1538024843,>=0.05,yes
site2/test/video2frame217,EndoVis 2018,site2,test,site2/video2,217,q8_mask_center_5pct_v1,x=25%-75%; y=25%-75%,0.2107665986,>=0.05,yes
site2/test/video2frame218,EndoVis 2018,site2,test,site2/video2,218,q8_mask_center_5pct_v1,x=25%-75%; y=25%-75%,0.0905029327,>=0.05,yes
site2/test/video2frame219,EndoVis 2018,site2,test,site2/video2,219,q8_mask_center_5pct_v1,x=25%-75%; y=25%-75%,0.1010223404,>=0.05,yes
site2/test/video2frame220,EndoVis 2018,site2,test,site2/video2,220,q8_mask_center_5pct_v1,x=25%-75%; y=25%-75%,0.0754089355,>=0.05,yes
site2/test/video2frame221,EndoVis 2018,site2,test,site2/video2,221,q8_mask_center_5pct_v1,x=25%-75%; y=25%-75%,0.1836608946,>=0.05,yes
site2/test/video2frame222,EndoVis 2018,site2,test,site2/video2,222,q8_mask_center_5pct_v1,x=25%-75%; y=25%-75%,0.1612976044,>=0.05,yes
site2/test/video2frame223,EndoVis 2018,site2,test,site2/video2,223,q8_mask_center_5pct_v1,x=25%-75%; y=25%-75%,0.2795043886,>=0.05,yes
site2/test/video2frame224,EndoVis 2018,site2,test,site2/video2,224,q8_mask_center_5pct_v1,x=25%-75%; y=25%-75%,0.1617706269,>=0.05,yes
site2/test/video2frame225,EndoVis 2018,site2,test,site2/video2,225,q8_mask_center_5pct_v1,x=25%-75%; y=25%-75%,0.3592224121,>=0.05,yes
site2/test/video2frame226,EndoVis 2018,site2,test,site2/video2,226,q8_mask_center_5pct_v1,x=25%-75%; y=25%-75%,0.0696533173,>=0.05,yes
site2/test/video2frame227,EndoVis 2018,site2,test,site2/video2,227,q8_mask_center_5pct_v1,x=25%-75%; y=25%-75%,0.0617431626,>=0.05,yes
site2/test/video2frame228,EndoVis 2018,site2,test,site2/video2,228,q8_mask_center_5pct_v1,x=25%-75%; y=25%-75%,0.1162994355,>=0.05,yes
site2/test/video2frame229,EndoVis 2018,site2,test,site2/video2,229,q8_mask_center_5pct_v1,x=25%-75%; y=25%-75%,0.1673156768,>=0.05,yes
site2/test/video2frame230,EndoVis 2018,site2,test,site2/video2,230,q8_mask_center_5pct_v1,x=25%-75%; y=25%-75%,0.0891479477,>=0.05,yes
site2/test/video2frame231,EndoVis 2018,site2,test,site2/video2,231,q8_mask_center_5pct_v1,x=25%-75%; y=25%-75%,0.3572967649,>=0.05,yes
site2/test/video2frame232,EndoVis 2018,site2,test,site2/video2,232,q8_mask_center_5pct_v1,x=25%-75%; y=25%-75%,0.2177612334,>=0.05,yes
site2/test/video2frame233,EndoVis 2018,site2,test,site2/video2,233,q8_mask_center_5pct_v1,x=25%-75%; y=25%-75%,0.3240173459,>=0.05,yes
site2/test/video2frame234,EndoVis 2018,site2,test,site2/video2,234,q8_mask_center_5pct_v1,x=25%-75%; y=25%-75%,0.1548797637,>=0.05,yes
site2/test/video2frame235,EndoVis 2018,site2,test,site2/video2,235,q8_mask_center_5pct_v1,x=25%-75%; y=25%-75%,0.2105590850,>=0.05,yes
site2/test/video2frame236,EndoVis 2018,site2,test,site2/video2,236,q8_mask_center_5pct_v1,x=25%-75%; y=25%-75%,0.2441650331,>=0.05,yes
site2/test/video2frame237,EndoVis 2018,site2,test,site2/video2,237,q8_mask_center_5pct_v1,x=25%-75%; y=25%-75%,0.1386413574,>=0.05,yes
site2/test/video2frame238,EndoVis 2018,site2,test,site2/video2,238,q8_mask_center_5pct_v1,x=25%-75%; y=25%-75%,0.1602935791,>=0.05,yes
site2/test/video2frame239,EndoVis 2018,site2,test,site2/video2,239,q8_mask_center_5pct_v1,x=25%-75%; y=25%-75%,0.1602935791,>=0.05,yes
site2/test/video2frame240,EndoVis 2018,site2,test,site2/video2,240,q8_mask_center_5pct_v1,x=25%-75%; y=25%-75%,0.2249877900,>=0.05,yes
site2/test/video2frame241,EndoVis 2018,site2,test,site2/video2,241,q8_mask_center_5pct_v1,x=25%-75%; y=25%-75%,0.2459716797,>=0.05,yes
site2/test/video2frame242,EndoVis 2018,site2,test,site2/video2,242,q8_mask_center_5pct_v1,x=25%-75%; y=25%-75%,0.2627533078,>=0.05,yes
site2/test/video2frame243,EndoVis 2018,site2,test,site2/video2,243,q8_mask_center_5pct_v1,x=25%-75%; y=25%-75%,0.2920532227,>=0.05,yes
site2/test/video2frame244,EndoVis 2018,site2,test,site2/video2,244,q8_mask_center_5pct_v1,x=25%-75%; y=25%-75%,0.2920532227,>=0.05,yes
site2/test/video2frame245,EndoVis 2018,site2,test,site2/video2,245,q8_mask_center_5pct_v1,x=25%-75%; y=25%-75%,0.2457244843,>=0.05,yes
site2/test/video2frame246,EndoVis 2018,site2,test,site2/video2,246,q8_mask_center_5pct_v1,x=25%-75%; y=25%-75%,0.0471862778,>=0.05,no
site2/test/video2frame247,EndoVis 2018,site2,test,site2/video2,247,q8_mask_center_5pct_v1,x=25%-75%; y=25%-75%,0.1881774962,>=0.05,yes
site2/test/video2frame248,EndoVis 2018,site2,test,site2/video2,248,q8_mask_center_5pct_v1,x=25%-75%; y=25%-75%,0.1984832734,>=0.05,yes
site2/test/video3frame000,EndoVis 2018,site2,test,site2/video3,0,q8_mask_center_5pct_v1,x=25%-75%; y=25%-75%,0.0961975083,>=0.05,yes
site2/test/video3frame001,EndoVis 2018,site2,test,site2/video3,1,q8_mask_center_5pct_v1,x=25%-75%; y=25%-75%,0.1245147735,>=0.05,yes
site2/test/video3frame002,EndoVis 2018,site2,test,site2/video3,2,q8_mask_center_5pct_v1,x=25%-75%; y=25%-75%,0.1757843047,>=0.05,yes
site2/test/video3frame003,EndoVis 2018,site2,test,site2/video3,3,q8_mask_center_5pct_v1,x=25%-75%; y=25%-75%,0.1508453339,>=0.05,yes
site2/test/video3frame004,EndoVis 2018,site2,test,site2/video3,4,q8_mask_center_5pct_v1,x=25%-75%; y=25%-75%,0.0128448484,>=0.05,no
site2/test/video3frame005,EndoVis 2018,site2,test,site2/video3,5,q8_mask_center_5pct_v1,x=25%-75%; y=25%-75%,0.0071105957,>=0.05,no
site2/test/video3frame006,EndoVis 2018,site2,test,site2/video3,6,q8_mask_center_5pct_v1,x=25%-75%; y=25%-75%,0.1969543397,>=0.05,yes
site2/test/video3frame007,EndoVis 2018,site2,test,site2/video3,7,q8_mask_center_5pct_v1,x=25%-75%; y=25%-75%,0.1832489073,>=0.05,yes
site2/test/video3frame008,EndoVis 2018,site2,test,site2/video3,8,q8_mask_center_5pct_v1,x=25%-75%; y=25%-75%,0.2088836730,>=0.05,yes
site2/test/video3frame009,EndoVis 2018,site2,test,site2/video3,9,q8_mask_center_5pct_v1,x=25%-75%; y=25%-75%,0.2397430390,>=0.05,yes
site2/test/video3frame010,EndoVis 2018,site2,test,site2/video3,10,q8_mask_center_5pct_v1,x=25%-75%; y=25%-75%,0.2296630889,>=0.05,yes
site2/test/video3frame011,EndoVis 2018,site2,test,site2/video3,11,q8_mask_center_5pct_v1,x=25%-75%; y=25%-75%,0.2637176514,>=0.05,yes
site2/test/video3frame012,EndoVis 2018,site2,test,site2/video3,12,q8_mask_center_5pct_v1,x=25%-75%; y=25%-75%,0.0817138702,>=0.05,yes
site2/test/video3frame013,EndoVis 2018,site2,test,site2/video3,13,q8_mask_center_5pct_v1,x=25%-75%; y=25%-75%,0.2752166688,>=0.05,yes
site2/test/video3frame014,EndoVis 2018,site2,test,site2/video3,14,q8_mask_center_5pct_v1,x=25%-75%; y=25%-75%,0.3717224002,>=0.05,yes
site2/test/video3frame015,EndoVis 2018,site2,test,site2/video3,15,q8_mask_center_5pct_v1,x=25%-75%; y=25%-75%,0.3639648557,>=0.05,yes
site2/test/video3frame016,EndoVis 2018,site2,test,site2/video3,16,q8_mask_center_5pct_v1,x=25%-75%; y=25%-75%,0.3165039122,>=0.05,yes
site2/test/video3frame017,EndoVis 2018,site2,test,site2/video3,17,q8_mask_center_5pct_v1,x=25%-75%; y=25%-75%,0.3458251953,>=0.05,yes
site2/test/video3frame018,EndoVis 2018,site2,test,site2/video3,18,q8_mask_center_5pct_v1,x=25%-75%; y=25%-75%,0.3721527159,>=0.05,yes
site2/test/video3frame019,EndoVis 2018,site2,test,site2/video3,19,q8_mask_center_5pct_v1,x=25%-75%; y=25%-75%,0.3366149962,>=0.05,yes
site2/test/video3frame020,EndoVis 2018,site2,test,site2/video3,20,q8_mask_center_5pct_v1,x=25%-75%; y=25%-75%,0.4452056885,>=0.05,yes
site2/test/video3frame021,EndoVis 2018,site2,test,site2/video3,21,q8_mask_center_5pct_v1,x=25%-75%; y=25%-75%,0.2350707948,>=0.05,yes
site2/test/video3frame022,EndoVis 2018,site2,test,site2/video3,22,q8_mask_center_5pct_v1,x=25%-75%; y=25%-75%,0.1197814941,>=0.05,yes
site2/test/video3frame023,EndoVis 2018,site2,test,site2/video3,23,q8_mask_center_5pct_v1,x=25%-75%; y=25%-75%,0.1111694351,>=0.05,yes
site2/test/video3frame024,EndoVis 2018,site2,test,site2/video3,24,q8_mask_center_5pct_v1,x=25%-75%; y=25%-75%,0.1132659912,>=0.05,yes
site2/test/video3frame025,EndoVis 2018,site2,test,site2/video3,25,q8_mask_center_5pct_v1,x=25%-75%; y=25%-75%,0.1250183135,>=0.05,yes
site2/test/video3frame026,EndoVis 2018,site2,test,site2/video3,26,q8_mask_center_5pct_v1,x=25%-75%; y=25%-75%,0.0946624726,>=0.05,yes
site2/test/video3frame027,EndoVis 2018,site2,test,site2/video3,27,q8_mask_center_5pct_v1,x=25%-75%; y=25%-75%,0.0706420913,>=0.05,yes
site2/test/video3frame028,EndoVis 2018,site2,test,site2/video3,28,q8_mask_center_5pct_v1,x=25%-75%; y=25%-75%,0.0294097904,>=0.05,no
site2/test/video3frame029,EndoVis 2018,site2,test,site2/video3,29,q8_mask_center_5pct_v1,x=25%-75%; y=25%-75%,0.0786773711,>=0.05,yes
site2/test/video3frame030,EndoVis 2018,site2,test,site2/video3,30,q8_mask_center_5pct_v1,x=25%-75%; y=25%-75%,0.1228759736,>=0.05,yes
site2/test/video3frame031,EndoVis 2018,site2,test,site2/video3,31,q8_mask_center_5pct_v1,x=25%-75%; y=25%-75%,0.2444793731,>=0.05,yes
site2/test/video3frame032,EndoVis 2018,site2,test,site2/video3,32,q8_mask_center_5pct_v1,x=25%-75%; y=25%-75%,0.1528503448,>=0.05,yes
site2/test/video3frame033,EndoVis 2018,site2,test,site2/video3,33,q8_mask_center_5pct_v1,x=25%-75%; y=25%-75%,0.1187774688,>=0.05,yes
site2/test/video3frame034,EndoVis 2018,site2,test,site2/video3,34,q8_mask_center_5pct_v1,x=25%-75%; y=25%-75%,0.1160186753,>=0.05,yes
site2/test/video3frame035,EndoVis 2018,site2,test,site2/video3,35,q8_mask_center_5pct_v1,x=25%-75%; y=25%-75%,0.0797332749,>=0.05,yes
site2/test/video3frame036,EndoVis 2018,site2,test,site2/video3,36,q8_mask_center_5pct_v1,x=25%-75%; y=25%-75%,0.0000000000,>=0.05,no
site2/test/video3frame037,EndoVis 2018,site2,test,site2/video3,37,q8_mask_center_5pct_v1,x=25%-75%; y=25%-75%,0.0000000000,>=0.05,no
site2/test/video3frame038,EndoVis 2018,site2,test,site2/video3,38,q8_mask_center_5pct_v1,x=25%-75%; y=25%-75%,0.0977050811,>=0.05,yes
site2/test/video3frame039,EndoVis 2018,site2,test,site2/video3,39,q8_mask_center_5pct_v1,x=25%-75%; y=25%-75%,0.0524261482,>=0.05,yes
site2/test/video3frame040,EndoVis 2018,site2,test,site2/video3,40,q8_mask_center_5pct_v1,x=25%-75%; y=25%-75%,0.0499664322,>=0.05,no
site2/test/video3frame041,EndoVis 2018,site2,test,site2/video3,41,q8_mask_center_5pct_v1,x=25%-75%; y=25%-75%,0.0565338135,>=0.05,yes
site2/test/video3frame042,EndoVis 2018,site2,test,site2/video3,42,q8_mask_center_5pct_v1,x=25%-75%; y=25%-75%,0.0952819809,>=0.05,yes
site2/test/video3frame043,EndoVis 2018,site2,test,site2/video3,43,q8_mask_center_5pct_v1,x=25%-75%; y=25%-75%,0.1281494200,>=0.05,yes
site2/test/video3frame044,EndoVis 2018,site2,test,site2/video3,44,q8_mask_center_5pct_v1,x=25%-75%; y=25%-75%,0.0852233917,>=0.05,yes
site2/test/video3frame045,EndoVis 2018,site2,test,site2/video3,45,q8_mask_center_5pct_v1,x=25%-75%; y=25%-75%,0.0451171882,>=0.05,no
site2/test/video3frame046,EndoVis 2018,site2,test,site2/video3,46,q8_mask_center_5pct_v1,x=25%-75%; y=25%-75%,0.1473632753,>=0.05,yes
site2/test/video3frame047,EndoVis 2018,site2,test,site2/video3,47,q8_mask_center_5pct_v1,x=25%-75%; y=25%-75%,0.1495513916,>=0.05,yes
site2/test/video3frame048,EndoVis 2018,site2,test,site2/video3,48,q8_mask_center_5pct_v1,x=25%-75%; y=25%-75%,0.1651000977,>=0.05,yes
site2/test/video3frame049,EndoVis 2018,site2,test,site2/video3,49,q8_mask_center_5pct_v1,x=25%-75%; y=25%-75%,0.1476287842,>=0.05,yes
site2/test/video3frame050,EndoVis 2018,site2,test,site2/video3,50,q8_mask_center_5pct_v1,x=25%-75%; y=25%-75%,0.1315856874,>=0.05,yes
site2/test/video3frame051,EndoVis 2018,site2,test,site2/video3,51,q8_mask_center_5pct_v1,x=25%-75%; y=25%-75%,0.0335937515,>=0.05,no
site2/test/video3frame052,EndoVis 2018,site2,test,site2/video3,52,q8_mask_center_5pct_v1,x=25%-75%; y=25%-75%,0.2727874815,>=0.05,yes
site2/test/video3frame053,EndoVis 2018,site2,test,site2/video3,53,q8_mask_center_5pct_v1,x=25%-75%; y=25%-75%,0.3596679568,>=0.05,yes
site2/test/video3frame054,EndoVis 2018,site2,test,site2/video3,54,q8_mask_center_5pct_v1,x=25%-75%; y=25%-75%,0.3799011111,>=0.05,yes
site2/test/video3frame055,EndoVis 2018,site2,test,site2/video3,55,q8_mask_center_5pct_v1,x=25%-75%; y=25%-75%,0.4024078250,>=0.05,yes
site2/test/video3frame056,EndoVis 2018,site2,test,site2/video3,56,q8_mask_center_5pct_v1,x=25%-75%; y=25%-75%,0.4345031679,>=0.05,yes
site2/test/video3frame057,EndoVis 2018,site2,test,site2/video3,57,q8_mask_center_5pct_v1,x=25%-75%; y=25%-75%,0.4772125185,>=0.05,yes
site2/test/video3frame058,EndoVis 2018,site2,test,site2/video3,58,q8_mask_center_5pct_v1,x=25%-75%; y=25%-75%,0.4862090945,>=0.05,yes
site2/test/video3frame059,EndoVis 2018,site2,test,site2/video3,59,q8_mask_center_5pct_v1,x=25%-75%; y=25%-75%,0.4845031798,>=0.05,yes
site2/test/video3frame060,EndoVis 2018,site2,test,site2/video3,60,q8_mask_center_5pct_v1,x=25%-75%; y=25%-75%,0.4628356993,>=0.05,yes
site2/test/video3frame061,EndoVis 2018,site2,test,site2/video3,61,q8_mask_center_5pct_v1,x=25%-75%; y=25%-75%,0.4628356993,>=0.05,yes
site2/test/video3frame062,EndoVis 2018,site2,test,site2/video3,62,q8_mask_center_5pct_v1,x=25%-75%; y=25%-75%,0.5920898318,>=0.05,yes
site2/test/video3frame063,EndoVis 2018,site2,test,site2/video3,63,q8_mask_center_5pct_v1,x=25%-75%; y=25%-75%,0.5418273807,>=0.05,yes
site2/test/video3frame064,EndoVis 2018,site2,test,site2/video3,64,q8_mask_center_5pct_v1,x=25%-75%; y=25%-75%,0.4991638064,>=0.05,yes
site2/test/video3frame065,EndoVis 2018,site2,test,site2/video3,65,q8_mask_center_5pct_v1,x=25%-75%; y=25%-75%,0.4540771544,>=0.05,yes
site2/test/video3frame066,EndoVis 2018,site2,test,site2/video3,66,q8_mask_center_5pct_v1,x=25%-75%; y=25%-75%,0.4456115663,>=0.05,yes
site2/test/video3frame067,EndoVis 2018,site2,test,site2/video3,67,q8_mask_center_5pct_v1,x=25%-75%; y=25%-75%,0.4245727658,>=0.05,yes
site2/test/video3frame068,EndoVis 2018,site2,test,site2/video3,68,q8_mask_center_5pct_v1,x=25%-75%; y=25%-75%,0.2520172000,>=0.05,yes
site2/test/video3frame069,EndoVis 2018,site2,test,site2/video3,69,q8_mask_center_5pct_v1,x=25%-75%; y=25%-75%,0.2230896056,>=0.05,yes
site2/test/video3frame070,EndoVis 2018,site2,test,site2/video3,70,q8_mask_center_5pct_v1,x=25%-75%; y=25%-75%,0.2796874940,>=0.05,yes
site2/test/video3frame071,EndoVis 2018,site2,test,site2/video3,71,q8_mask_center_5pct_v1,x=25%-75%; y=25%-75%,0.2731201053,>=0.05,yes
site2/test/video3frame072,EndoVis 2018,site2,test,site2/video3,72,q8_mask_center_5pct_v1,x=25%-75%; y=25%-75%,0.2436614931,>=0.05,yes
site2/test/video3frame073,EndoVis 2018,site2,test,site2/video3,73,q8_mask_center_5pct_v1,x=25%-75%; y=25%-75%,0.2324096709,>=0.05,yes
site2/test/video3frame074,EndoVis 2018,site2,test,site2/video3,74,q8_mask_center_5pct_v1,x=25%-75%; y=25%-75%,0.2351379395,>=0.05,yes
site2/test/video3frame075,EndoVis 2018,site2,test,site2/video3,75,q8_mask_center_5pct_v1,x=25%-75%; y=25%-75%,0.2376586944,>=0.05,yes
site2/test/video3frame076,EndoVis 2018,site2,test,site2/video3,76,q8_mask_center_5pct_v1,x=25%-75%; y=25%-75%,0.2695098817,>=0.05,yes
site2/test/video3frame077,EndoVis 2018,site2,test,site2/video3,77,q8_mask_center_5pct_v1,x=25%-75%; y=25%-75%,0.2245269716,>=0.05,yes
site2/test/video3frame078,EndoVis 2018,site2,test,site2/video3,78,q8_mask_center_5pct_v1,x=25%-75%; y=25%-75%,0.2121795714,>=0.05,yes
site2/test/video3frame079,EndoVis 2018,site2,test,site2/video3,79,q8_mask_center_5pct_v1,x=25%-75%; y=25%-75%,0.1641052216,>=0.05,yes
site2/test/video3frame080,EndoVis 2018,site2,test,site2/video3,80,q8_mask_center_5pct_v1,x=25%-75%; y=25%-75%,0.0957305878,>=0.05,yes
site2/test/video3frame081,EndoVis 2018,site2,test,site2/video3,81,q8_mask_center_5pct_v1,x=25%-75%; y=25%-75%,0.1565063447,>=0.05,yes
site2/test/video3frame082,EndoVis 2018,site2,test,site2/video3,82,q8_mask_center_5pct_v1,x=25%-75%; y=25%-75%,0.2716308534,>=0.05,yes
site2/test/video3frame083,EndoVis 2018,site2,test,site2/video3,83,q8_mask_center_5pct_v1,x=25%-75%; y=25%-75%,0.3300842345,>=0.05,yes
site2/test/video3frame084,EndoVis 2018,site2,test,site2/video3,84,q8_mask_center_5pct_v1,x=25%-75%; y=25%-75%,0.3117309511,>=0.05,yes
site2/test/video3frame085,EndoVis 2018,site2,test,site2/video3,85,q8_mask_center_5pct_v1,x=25%-75%; y=25%-75%,0.2612152100,>=0.05,yes
site2/test/video3frame086,EndoVis 2018,site2,test,site2/video3,86,q8_mask_center_5pct_v1,x=25%-75%; y=25%-75%,0.2443511933,>=0.05,yes
site2/test/video3frame087,EndoVis 2018,site2,test,site2/video3,87,q8_mask_center_5pct_v1,x=25%-75%; y=25%-75%,0.1960418671,>=0.05,yes
site2/test/video3frame088,EndoVis 2018,site2,test,site2/video3,88,q8_mask_center_5pct_v1,x=25%-75%; y=25%-75%,0.1860260069,>=0.05,yes
site2/test/video3frame089,EndoVis 2018,site2,test,site2/video3,89,q8_mask_center_5pct_v1,x=25%-75%; y=25%-75%,0.0067840577,>=0.05,no
site2/test/video3frame090,EndoVis 2018,site2,test,site2/video3,90,q8_mask_center_5pct_v1,x=25%-75%; y=25%-75%,0.0832885727,>=0.05,yes
site2/test/video3frame091,EndoVis 2018,site2,test,site2/video3,91,q8_mask_center_5pct_v1,x=25%-75%; y=25%-75%,0.1369995177,>=0.05,yes
site2/test/video3frame092,EndoVis 2018,site2,test,site2/video3,92,q8_mask_center_5pct_v1,x=25%-75%; y=25%-75%,0.1676055938,>=0.05,yes
site2/test/video3frame093,EndoVis 2018,site2,test,site2/video3,93,q8_mask_center_5pct_v1,x=25%-75%; y=25%-75%,0.2119506896,>=0.05,yes
site2/test/video3frame094,EndoVis 2018,site2,test,site2/video3,94,q8_mask_center_5pct_v1,x=25%-75%; y=25%-75%,0.2593414187,>=0.05,yes
site2/test/video3frame095,EndoVis 2018,site2,test,site2/video3,95,q8_mask_center_5pct_v1,x=25%-75%; y=25%-75%,0.2579315305,>=0.05,yes
site2/test/video3frame096,EndoVis 2018,site2,test,site2/video3,96,q8_mask_center_5pct_v1,x=25%-75%; y=25%-75%,0.2915649414,>=0.05,yes
site2/test/video3frame097,EndoVis 2018,site2,test,site2/video3,97,q8_mask_center_5pct_v1,x=25%-75%; y=25%-75%,0.1577117890,>=0.05,yes
site2/test/video3frame098,EndoVis 2018,site2,test,site2/video3,98,q8_mask_center_5pct_v1,x=25%-75%; y=25%-75%,0.1575744599,>=0.05,yes
site2/test/video3frame099,EndoVis 2018,site2,test,site2/video3,99,q8_mask_center_5pct_v1,x=25%-75%; y=25%-75%,0.1584747285,>=0.05,yes
site2/test/video3frame100,EndoVis 2018,site2,test,site2/video3,100,q8_mask_center_5pct_v1,x=25%-75%; y=25%-75%,0.1584747285,>=0.05,yes
site2/test/video3frame101,EndoVis 2018,site2,test,site2/video3,101,q8_mask_center_5pct_v1,x=25%-75%; y=25%-75%,0.1584747285,>=0.05,yes
site2/test/video3frame102,EndoVis 2018,site2,test,site2/video3,102,q8_mask_center_5pct_v1,x=25%-75%; y=25%-75%,0.1584747285,>=0.05,yes
site2/test/video3frame103,EndoVis 2018,site2,test,site2/video3,103,q8_mask_center_5pct_v1,x=25%-75%; y=25%-75%,0.1584747285,>=0.05,yes
site2/test/video3frame104,EndoVis 2018,site2,test,site2/video3,104,q8_mask_center_5pct_v1,x=25%-75%; y=25%-75%,0.1584747285,>=0.05,yes
site2/test/video3frame105,EndoVis 2018,site2,test,site2/video3,105,q8_mask_center_5pct_v1,x=25%-75%; y=25%-75%,0.1584747285,>=0.05,yes
site2/test/video3frame106,EndoVis 2018,site2,test,site2/video3,106,q8_mask_center_5pct_v1,x=25%-75%; y=25%-75%,0.1589080840,>=0.05,yes
site2/test/video3frame107,EndoVis 2018,site2,test,site2/video3,107,q8_mask_center_5pct_v1,x=25%-75%; y=25%-75%,0.1589080840,>=0.05,yes
site2/test/video3frame108,EndoVis 2018,site2,test,site2/video3,108,q8_mask_center_5pct_v1,x=25%-75%; y=25%-75%,0.1589080840,>=0.05,yes
site2/test/video3frame109,EndoVis 2018,site2,test,site2/video3,109,q8_mask_center_5pct_v1,x=25%-75%; y=25%-75%,0.1589080840,>=0.05,yes
site2/test/video3frame110,EndoVis 2018,site2,test,site2/video3,110,q8_mask_center_5pct_v1,x=25%-75%; y=25%-75%,0.1589080840,>=0.05,yes
site2/test/video3frame111,EndoVis 2018,site2,test,site2/video3,111,q8_mask_center_5pct_v1,x=25%-75%; y=25%-75%,0.1589080840,>=0.05,yes
site2/test/video3frame112,EndoVis 2018,site2,test,site2/video3,112,q8_mask_center_5pct_v1,x=25%-75%; y=25%-75%,0.1589080840,>=0.05,yes
site2/test/video3frame113,EndoVis 2018,site2,test,site2/video3,113,q8_mask_center_5pct_v1,x=25%-75%; y=25%-75%,0.2451110780,>=0.05,yes
site2/test/video3frame114,EndoVis 2018,site2,test,site2/video3,114,q8_mask_center_5pct_v1,x=25%-75%; y=25%-75%,0.0441741943,>=0.05,no
site2/test/video3frame115,EndoVis 2018,site2,test,site2/video3,115,q8_mask_center_5pct_v1,x=25%-75%; y=25%-75%,0.0975463837,>=0.05,yes
site2/test/video3frame116,EndoVis 2018,site2,test,site2/video3,116,q8_mask_center_5pct_v1,x=25%-75%; y=25%-75%,0.1467498839,>=0.05,yes
site2/test/video3frame117,EndoVis 2018,site2,test,site2/video3,117,q8_mask_center_5pct_v1,x=25%-75%; y=25%-75%,0.2073760927,>=0.05,yes
site2/test/video3frame118,EndoVis 2018,site2,test,site2/video3,118,q8_mask_center_5pct_v1,x=25%-75%; y=25%-75%,0.0469665527,>=0.05,no
site2/test/video3frame119,EndoVis 2018,site2,test,site2/video3,119,q8_mask_center_5pct_v1,x=25%-75%; y=25%-75%,0.0048767091,>=0.05,no
site2/test/video3frame120,EndoVis 2018,site2,test,site2/video3,120,q8_mask_center_5pct_v1,x=25%-75%; y=25%-75%,0.0200286862,>=0.05,no
site2/test/video3frame121,EndoVis 2018,site2,test,site2/video3,121,q8_mask_center_5pct_v1,x=25%-75%; y=25%-75%,0.0000000000,>=0.05,no
site2/test/video3frame122,EndoVis 2018,site2,test,site2/video3,122,q8_mask_center_5pct_v1,x=25%-75%; y=25%-75%,0.0000000000,>=0.05,no
site2/test/video3frame123,EndoVis 2018,site2,test,site2/video3,123,q8_mask_center_5pct_v1,x=25%-75%; y=25%-75%,0.0000000000,>=0.05,no
site2/test/video3frame124,EndoVis 2018,site2,test,site2/video3,124,q8_mask_center_5pct_v1,x=25%-75%; y=25%-75%,0.0000000000,>=0.05,no
site2/test/video3frame125,EndoVis 2018,site2,test,site2/video3,125,q8_mask_center_5pct_v1,x=25%-75%; y=25%-75%,0.0000000000,>=0.05,no
site2/test/video3frame126,EndoVis 2018,site2,test,site2/video3,126,q8_mask_center_5pct_v1,x=25%-75%; y=25%-75%,0.0000000000,>=0.05,no
site2/test/video3frame127,EndoVis 2018,site2,test,site2/video3,127,q8_mask_center_5pct_v1,x=25%-75%; y=25%-75%,0.0513458252,>=0.05,yes
site2/test/video3frame128,EndoVis 2018,site2,test,site2/video3,128,q8_mask_center_5pct_v1,x=25%-75%; y=25%-75%,0.1150634736,>=0.05,yes
site2/test/video3frame129,EndoVis 2018,site2,test,site2/video3,129,q8_mask_center_5pct_v1,x=25%-75%; y=25%-75%,0.1602722108,>=0.05,yes
site2/test/video3frame130,EndoVis 2018,site2,test,site2/video3,130,q8_mask_center_5pct_v1,x=25%-75%; y=25%-75%,0.1702453643,>=0.05,yes
site2/test/video3frame131,EndoVis 2018,site2,test,site2/video3,131,q8_mask_center_5pct_v1,x=25%-75%; y=25%-75%,0.1804840118,>=0.05,yes
site2/test/video3frame132,EndoVis 2018,site2,test,site2/video3,132,q8_mask_center_5pct_v1,x=25%-75%; y=25%-75%,0.1734710634,>=0.05,yes
site2/test/video3frame133,EndoVis 2018,site2,test,site2/video3,133,q8_mask_center_5pct_v1,x=25%-75%; y=25%-75%,0.1160308868,>=0.05,yes
site2/test/video3frame134,EndoVis 2018,site2,test,site2/video3,134,q8_mask_center_5pct_v1,x=25%-75%; y=25%-75%,0.1057098359,>=0.05,yes
site2/test/video3frame135,EndoVis 2018,site2,test,site2/video3,135,q8_mask_center_5pct_v1,x=25%-75%; y=25%-75%,0.1404510438,>=0.05,yes
site2/test/video3frame136,EndoVis 2018,site2,test,site2/video3,136,q8_mask_center_5pct_v1,x=25%-75%; y=25%-75%,0.1078735366,>=0.05,yes
site2/test/video3frame137,EndoVis 2018,site2,test,site2/video3,137,q8_mask_center_5pct_v1,x=25%-75%; y=25%-75%,0.1316619813,>=0.05,yes
site2/test/video3frame138,EndoVis 2018,site2,test,site2/video3,138,q8_mask_center_5pct_v1,x=25%-75%; y=25%-75%,0.1847778261,>=0.05,yes
site2/test/video3frame139,EndoVis 2018,site2,test,site2/video3,139,q8_mask_center_5pct_v1,x=25%-75%; y=25%-75%,0.1013824493,>=0.05,yes
site2/test/video3frame140,EndoVis 2018,site2,test,site2/video3,140,q8_mask_center_5pct_v1,x=25%-75%; y=25%-75%,0.0260375980,>=0.05,no
site2/test/video3frame141,EndoVis 2018,site2,test,site2/video3,141,q8_mask_center_5pct_v1,x=25%-75%; y=25%-75%,0.0038574219,>=0.05,no
site2/test/video3frame142,EndoVis 2018,site2,test,site2/video3,142,q8_mask_center_5pct_v1,x=25%-75%; y=25%-75%,0.1207641587,>=0.05,yes
site2/test/video3frame143,EndoVis 2018,site2,test,site2/video3,143,q8_mask_center_5pct_v1,x=25%-75%; y=25%-75%,0.1726867706,>=0.05,yes
site2/test/video3frame144,EndoVis 2018,site2,test,site2/video3,144,q8_mask_center_5pct_v1,x=25%-75%; y=25%-75%,0.0649902374,>=0.05,yes
site2/test/video3frame145,EndoVis 2018,site2,test,site2/video3,145,q8_mask_center_5pct_v1,x=25%-75%; y=25%-75%,0.0540130623,>=0.05,yes
site2/test/video3frame146,EndoVis 2018,site2,test,site2/video3,146,q8_mask_center_5pct_v1,x=25%-75%; y=25%-75%,0.0246185306,>=0.05,no
site2/test/video3frame147,EndoVis 2018,site2,test,site2/video3,147,q8_mask_center_5pct_v1,x=25%-75%; y=25%-75%,0.1164001450,>=0.05,yes
site2/test/video3frame148,EndoVis 2018,site2,test,site2/video3,148,q8_mask_center_5pct_v1,x=25%-75%; y=25%-75%,0.1972625703,>=0.05,yes
site2/test/video3frame149,EndoVis 2018,site2,test,site2/video3,149,q8_mask_center_5pct_v1,x=25%-75%; y=25%-75%,0.1805847138,>=0.05,yes
site2/test/video3frame150,EndoVis 2018,site2,test,site2/video3,150,q8_mask_center_5pct_v1,x=25%-75%; y=25%-75%,0.0028259277,>=0.05,no
site2/test/video3frame151,EndoVis 2018,site2,test,site2/video3,151,q8_mask_center_5pct_v1,x=25%-75%; y=25%-75%,0.0000000000,>=0.05,no
site2/test/video3frame152,EndoVis 2018,site2,test,site2/video3,152,q8_mask_center_5pct_v1,x=25%-75%; y=25%-75%,0.0000000000,>=0.05,no
site2/test/video3frame153,EndoVis 2018,site2,test,site2/video3,153,q8_mask_center_5pct_v1,x=25%-75%; y=25%-75%,0.0000000000,>=0.05,no
site2/test/video3frame154,EndoVis 2018,site2,test,site2/video3,154,q8_mask_center_5pct_v1,x=25%-75%; y=25%-75%,0.0000000000,>=0.05,no
site2/test/video3frame155,EndoVis 2018,site2,test,site2/video3,155,q8_mask_center_5pct_v1,x=25%-75%; y=25%-75%,0.0000000000,>=0.05,no
site2/test/video3frame156,EndoVis 2018,site2,test,site2/video3,156,q8_mask_center_5pct_v1,x=25%-75%; y=25%-75%,0.0000000000,>=0.05,no
site2/test/video3frame157,EndoVis 2018,site2,test,site2/video3,157,q8_mask_center_5pct_v1,x=25%-75%; y=25%-75%,0.0183074959,>=0.05,no
site2/test/video3frame158,EndoVis 2018,site2,test,site2/video3,158,q8_mask_center_5pct_v1,x=25%-75%; y=25%-75%,0.2173492461,>=0.05,yes
site2/test/video3frame159,EndoVis 2018,site2,test,site2/video3,159,q8_mask_center_5pct_v1,x=25%-75%; y=25%-75%,0.0734252930,>=0.05,yes
site2/test/video3frame160,EndoVis 2018,site2,test,site2/video3,160,q8_mask_center_5pct_v1,x=25%-75%; y=25%-75%,0.0758148208,>=0.05,yes
site2/test/video3frame161,EndoVis 2018,site2,test,site2/video3,161,q8_mask_center_5pct_v1,x=25%-75%; y=25%-75%,0.0905181915,>=0.05,yes
site2/test/video3frame162,EndoVis 2018,site2,test,site2/video3,162,q8_mask_center_5pct_v1,x=25%-75%; y=25%-75%,0.1118103042,>=0.05,yes
site2/test/video3frame163,EndoVis 2018,site2,test,site2/video3,163,q8_mask_center_5pct_v1,x=25%-75%; y=25%-75%,0.0975921601,>=0.05,yes
site2/test/video3frame164,EndoVis 2018,site2,test,site2/video3,164,q8_mask_center_5pct_v1,x=25%-75%; y=25%-75%,0.0798522979,>=0.05,yes
site2/test/video3frame165,EndoVis 2018,site2,test,site2/video3,165,q8_mask_center_5pct_v1,x=25%-75%; y=25%-75%,0.1231872588,>=0.05,yes
site2/test/video3frame166,EndoVis 2018,site2,test,site2/video3,166,q8_mask_center_5pct_v1,x=25%-75%; y=25%-75%,0.0002410889,>=0.05,no
site2/test/video3frame167,EndoVis 2018,site2,test,site2/video3,167,q8_mask_center_5pct_v1,x=25%-75%; y=25%-75%,0.0084136967,>=0.05,no
site2/test/video3frame168,EndoVis 2018,site2,test,site2/video3,168,q8_mask_center_5pct_v1,x=25%-75%; y=25%-75%,0.0871551484,>=0.05,yes
site2/test/video3frame169,EndoVis 2018,site2,test,site2/video3,169,q8_mask_center_5pct_v1,x=25%-75%; y=25%-75%,0.0055511473,>=0.05,no
site2/test/video3frame170,EndoVis 2018,site2,test,site2/video3,170,q8_mask_center_5pct_v1,x=25%-75%; y=25%-75%,0.0246429443,>=0.05,no
site2/test/video3frame171,EndoVis 2018,site2,test,site2/video3,171,q8_mask_center_5pct_v1,x=25%-75%; y=25%-75%,0.1088806167,>=0.05,yes
site2/test/video3frame172,EndoVis 2018,site2,test,site2/video3,172,q8_mask_center_5pct_v1,x=25%-75%; y=25%-75%,0.0811981186,>=0.05,yes
site2/test/video3frame173,EndoVis 2018,site2,test,site2/video3,173,q8_mask_center_5pct_v1,x=25%-75%; y=25%-75%,0.0783630386,>=0.05,yes
site2/test/video3frame174,EndoVis 2018,site2,test,site2/video3,174,q8_mask_center_5pct_v1,x=25%-75%; y=25%-75%,0.1017242447,>=0.05,yes
site2/test/video3frame175,EndoVis 2018,site2,test,site2/video3,175,q8_mask_center_5pct_v1,x=25%-75%; y=25%-75%,0.0221832283,>=0.05,no
site2/test/video3frame176,EndoVis 2018,site2,test,site2/video3,176,q8_mask_center_5pct_v1,x=25%-75%; y=25%-75%,0.0221832283,>=0.05,no
site2/test/video3frame177,EndoVis 2018,site2,test,site2/video3,177,q8_mask_center_5pct_v1,x=25%-75%; y=25%-75%,0.2007476836,>=0.05,yes
site2/test/video3frame178,EndoVis 2018,site2,test,site2/video3,178,q8_mask_center_5pct_v1,x=25%-75%; y=25%-75%,0.0959381089,>=0.05,yes
site2/test/video3frame179,EndoVis 2018,site2,test,site2/video3,179,q8_mask_center_5pct_v1,x=25%-75%; y=25%-75%,0.0000000000,>=0.05,no
site2/test/video3frame180,EndoVis 2018,site2,test,site2/video3,180,q8_mask_center_5pct_v1,x=25%-75%; y=25%-75%,0.0073638917,>=0.05,no
site2/test/video3frame181,EndoVis 2018,site2,test,site2/video3,181,q8_mask_center_5pct_v1,x=25%-75%; y=25%-75%,0.0412261970,>=0.05,no
site2/test/video3frame182,EndoVis 2018,site2,test,site2/video3,182,q8_mask_center_5pct_v1,x=25%-75%; y=25%-75%,0.0574035645,>=0.05,yes
site2/test/video3frame183,EndoVis 2018,site2,test,site2/video3,183,q8_mask_center_5pct_v1,x=25%-75%; y=25%-75%,0.0659942627,>=0.05,yes
site2/test/video3frame184,EndoVis 2018,site2,test,site2/video3,184,q8_mask_center_5pct_v1,x=25%-75%; y=25%-75%,0.0164459236,>=0.05,no
site2/test/video3frame185,EndoVis 2018,site2,test,site2/video3,185,q8_mask_center_5pct_v1,x=25%-75%; y=25%-75%,0.1664184630,>=0.05,yes
site2/test/video3frame186,EndoVis 2018,site2,test,site2/video3,186,q8_mask_center_5pct_v1,x=25%-75%; y=25%-75%,0.2242980897,>=0.05,yes
site2/test/video3frame187,EndoVis 2018,site2,test,site2/video3,187,q8_mask_center_5pct_v1,x=25%-75%; y=25%-75%,0.0678710938,>=0.05,yes
site2/test/video3frame188,EndoVis 2018,site2,test,site2/video3,188,q8_mask_center_5pct_v1,x=25%-75%; y=25%-75%,0.0958221406,>=0.05,yes
site2/test/video3frame189,EndoVis 2018,site2,test,site2/video3,189,q8_mask_center_5pct_v1,x=25%-75%; y=25%-75%,0.1584960967,>=0.05,yes
site2/test/video3frame190,EndoVis 2018,site2,test,site2/video3,190,q8_mask_center_5pct_v1,x=25%-75%; y=25%-75%,0.2431549132,>=0.05,yes
site2/test/video3frame191,EndoVis 2018,site2,test,site2/video3,191,q8_mask_center_5pct_v1,x=25%-75%; y=25%-75%,0.2872284055,>=0.05,yes
site2/test/video3frame192,EndoVis 2018,site2,test,site2/video3,192,q8_mask_center_5pct_v1,x=25%-75%; y=25%-75%,0.0609893799,>=0.05,yes
site2/test/video3frame193,EndoVis 2018,site2,test,site2/video3,193,q8_mask_center_5pct_v1,x=25%-75%; y=25%-75%,0.2218139619,>=0.05,yes
site2/test/video3frame194,EndoVis 2018,site2,test,site2/video3,194,q8_mask_center_5pct_v1,x=25%-75%; y=25%-75%,0.1316955537,>=0.05,yes
site2/test/video3frame195,EndoVis 2018,site2,test,site2/video3,195,q8_mask_center_5pct_v1,x=25%-75%; y=25%-75%,0.1020812988,>=0.05,yes
site2/test/video3frame196,EndoVis 2018,site2,test,site2/video3,196,q8_mask_center_5pct_v1,x=25%-75%; y=25%-75%,0.0960449204,>=0.05,yes
site2/test/video3frame197,EndoVis 2018,site2,test,site2/video3,197,q8_mask_center_5pct_v1,x=25%-75%; y=25%-75%,0.1037292480,>=0.05,yes
site2/test/video3frame198,EndoVis 2018,site2,test,site2/video3,198,q8_mask_center_5pct_v1,x=25%-75%; y=25%-75%,0.0544006340,>=0.05,yes
site2/test/video3frame199,EndoVis 2018,site2,test,site2/video3,199,q8_mask_center_5pct_v1,x=25%-75%; y=25%-75%,0.0676635727,>=0.05,yes
site2/test/video3frame200,EndoVis 2018,site2,test,site2/video3,200,q8_mask_center_5pct_v1,x=25%-75%; y=25%-75%,0.2104034424,>=0.05,yes
site2/test/video3frame201,EndoVis 2018,site2,test,site2/video3,201,q8_mask_center_5pct_v1,x=25%-75%; y=25%-75%,0.2399139404,>=0.05,yes
site2/test/video3frame202,EndoVis 2018,site2,test,site2/video3,202,q8_mask_center_5pct_v1,x=25%-75%; y=25%-75%,0.1898559630,>=0.05,yes
site2/test/video3frame203,EndoVis 2018,site2,test,site2/video3,203,q8_mask_center_5pct_v1,x=25%-75%; y=25%-75%,0.1612121612,>=0.05,yes
site2/test/video3frame204,EndoVis 2018,site2,test,site2/video3,204,q8_mask_center_5pct_v1,x=25%-75%; y=25%-75%,0.1761383116,>=0.05,yes
site2/test/video3frame205,EndoVis 2018,site2,test,site2/video3,205,q8_mask_center_5pct_v1,x=25%-75%; y=25%-75%,0.1492767334,>=0.05,yes
site2/test/video3frame206,EndoVis 2018,site2,test,site2/video3,206,q8_mask_center_5pct_v1,x=25%-75%; y=25%-75%,0.1397277862,>=0.05,yes
site2/test/video3frame207,EndoVis 2018,site2,test,site2/video3,207,q8_mask_center_5pct_v1,x=25%-75%; y=25%-75%,0.0117492676,>=0.05,no
site2/test/video3frame208,EndoVis 2018,site2,test,site2/video3,208,q8_mask_center_5pct_v1,x=25%-75%; y=25%-75%,0.0458709709,>=0.05,no
site2/test/video3frame209,EndoVis 2018,site2,test,site2/video3,209,q8_mask_center_5pct_v1,x=25%-75%; y=25%-75%,0.0538909920,>=0.05,yes
site2/test/video3frame210,EndoVis 2018,site2,test,site2/video3,210,q8_mask_center_5pct_v1,x=25%-75%; y=25%-75%,0.0538909920,>=0.05,yes
site2/test/video3frame211,EndoVis 2018,site2,test,site2/video3,211,q8_mask_center_5pct_v1,x=25%-75%; y=25%-75%,0.1319671571,>=0.05,yes
site2/test/video3frame212,EndoVis 2018,site2,test,site2/video3,212,q8_mask_center_5pct_v1,x=25%-75%; y=25%-75%,0.1863983124,>=0.05,yes
site2/test/video3frame213,EndoVis 2018,site2,test,site2/video3,213,q8_mask_center_5pct_v1,x=25%-75%; y=25%-75%,0.0540161133,>=0.05,yes
site2/test/video3frame214,EndoVis 2018,site2,test,site2/video3,214,q8_mask_center_5pct_v1,x=25%-75%; y=25%-75%,0.0540161133,>=0.05,yes
site2/test/video3frame215,EndoVis 2018,site2,test,site2/video3,215,q8_mask_center_5pct_v1,x=25%-75%; y=25%-75%,0.0540161133,>=0.05,yes
site2/test/video3frame216,EndoVis 2018,site2,test,site2/video3,216,q8_mask_center_5pct_v1,x=25%-75%; y=25%-75%,0.0683135986,>=0.05,yes
site2/test/video3frame217,EndoVis 2018,site2,test,site2/video3,217,q8_mask_center_5pct_v1,x=25%-75%; y=25%-75%,0.0742706284,>=0.05,yes
site2/test/video3frame218,EndoVis 2018,site2,test,site2/video3,218,q8_mask_center_5pct_v1,x=25%-75%; y=25%-75%,0.0742706284,>=0.05,yes
site2/test/video3frame219,EndoVis 2018,site2,test,site2/video3,219,q8_mask_center_5pct_v1,x=25%-75%; y=25%-75%,0.0744537339,>=0.05,yes
site2/test/video3frame220,EndoVis 2018,site2,test,site2/video3,220,q8_mask_center_5pct_v1,x=25%-75%; y=25%-75%,0.1502807587,>=0.05,yes
site2/test/video3frame221,EndoVis 2018,site2,test,site2/video3,221,q8_mask_center_5pct_v1,x=25%-75%; y=25%-75%,0.1538147032,>=0.05,yes
site2/test/video3frame222,EndoVis 2018,site2,test,site2/video3,222,q8_mask_center_5pct_v1,x=25%-75%; y=25%-75%,0.0095336912,>=0.05,no
site2/test/video3frame223,EndoVis 2018,site2,test,site2/video3,223,q8_mask_center_5pct_v1,x=25%-75%; y=25%-75%,0.0158874504,>=0.05,no
site2/test/video3frame224,EndoVis 2018,site2,test,site2/video3,224,q8_mask_center_5pct_v1,x=25%-75%; y=25%-75%,0.0160095207,>=0.05,no
site2/test/video3frame225,EndoVis 2018,site2,test,site2/video3,225,q8_mask_center_5pct_v1,x=25%-75%; y=25%-75%,0.1390960664,>=0.05,yes
site2/test/video3frame226,EndoVis 2018,site2,test,site2/video3,226,q8_mask_center_5pct_v1,x=25%-75%; y=25%-75%,0.1390960664,>=0.05,yes
site2/test/video3frame227,EndoVis 2018,site2,test,site2/video3,227,q8_mask_center_5pct_v1,x=25%-75%; y=25%-75%,0.1390960664,>=0.05,yes
site2/test/video3frame228,EndoVis 2018,site2,test,site2/video3,228,q8_mask_center_5pct_v1,x=25%-75%; y=25%-75%,0.1390960664,>=0.05,yes
site2/test/video3frame229,EndoVis 2018,site2,test,site2/video3,229,q8_mask_center_5pct_v1,x=25%-75%; y=25%-75%,0.1390960664,>=0.05,yes
site2/test/video3frame230,EndoVis 2018,site2,test,site2/video3,230,q8_mask_center_5pct_v1,x=25%-75%; y=25%-75%,0.1390960664,>=0.05,yes
site2/test/video3frame231,EndoVis 2018,site2,test,site2/video3,231,q8_mask_center_5pct_v1,x=25%-75%; y=25%-75%,0.1390960664,>=0.05,yes
site2/test/video3frame232,EndoVis 2018,site2,test,site2/video3,232,q8_mask_center_5pct_v1,x=25%-75%; y=25%-75%,0.1390960664,>=0.05,yes
site2/test/video3frame233,EndoVis 2018,site2,test,site2/video3,233,q8_mask_center_5pct_v1,x=25%-75%; y=25%-75%,0.1390960664,>=0.05,yes
site2/test/video3frame234,EndoVis 2018,site2,test,site2/video3,234,q8_mask_center_5pct_v1,x=25%-75%; y=25%-75%,0.1390960664,>=0.05,yes
site2/test/video3frame235,EndoVis 2018,site2,test,site2/video3,235,q8_mask_center_5pct_v1,x=25%-75%; y=25%-75%,0.1390960664,>=0.05,yes
site2/test/video3frame236,EndoVis 2018,site2,test,site2/video3,236,q8_mask_center_5pct_v1,x=25%-75%; y=25%-75%,0.1404815614,>=0.05,yes
site2/test/video3frame237,EndoVis 2018,site2,test,site2/video3,237,q8_mask_center_5pct_v1,x=25%-75%; y=25%-75%,0.1791992188,>=0.05,yes
site2/test/video3frame238,EndoVis 2018,site2,test,site2/video3,238,q8_mask_center_5pct_v1,x=25%-75%; y=25%-75%,0.1435089111,>=0.05,yes
site2/test/video3frame239,EndoVis 2018,site2,test,site2/video3,239,q8_mask_center_5pct_v1,x=25%-75%; y=25%-75%,0.1577667296,>=0.05,yes
site2/test/video3frame240,EndoVis 2018,site2,test,site2/video3,240,q8_mask_center_5pct_v1,x=25%-75%; y=25%-75%,0.1126281768,>=0.05,yes
site2/test/video3frame241,EndoVis 2018,site2,test,site2/video3,241,q8_mask_center_5pct_v1,x=25%-75%; y=25%-75%,0.1382263154,>=0.05,yes
site2/test/video3frame242,EndoVis 2018,site2,test,site2/video3,242,q8_mask_center_5pct_v1,x=25%-75%; y=25%-75%,0.1748626679,>=0.05,yes
site2/test/video3frame243,EndoVis 2018,site2,test,site2/video3,243,q8_mask_center_5pct_v1,x=25%-75%; y=25%-75%,0.1146789566,>=0.05,yes
site2/test/video3frame244,EndoVis 2018,site2,test,site2/video3,244,q8_mask_center_5pct_v1,x=25%-75%; y=25%-75%,0.0794921890,>=0.05,yes
site2/test/video3frame245,EndoVis 2018,site2,test,site2/video3,245,q8_mask_center_5pct_v1,x=25%-75%; y=25%-75%,0.0705322251,>=0.05,yes
site2/test/video3frame246,EndoVis 2018,site2,test,site2/video3,246,q8_mask_center_5pct_v1,x=25%-75%; y=25%-75%,0.0960144028,>=0.05,yes
site2/test/video3frame247,EndoVis 2018,site2,test,site2/video3,247,q8_mask_center_5pct_v1,x=25%-75%; y=25%-75%,0.0788665786,>=0.05,yes
site2/test/video3frame248,EndoVis 2018,site2,test,site2/video3,248,q8_mask_center_5pct_v1,x=25%-75%; y=25%-75%,0.0053833006,>=0.05,no
site2/test/video4frame000,EndoVis 2018,site2,test,site2/video4,0,q8_mask_center_5pct_v1,x=25%-75%; y=25%-75%,0.0000000000,>=0.05,no
site2/test/video4frame001,EndoVis 2018,site2,test,site2/video4,1,q8_mask_center_5pct_v1,x=25%-75%; y=25%-75%,0.0000000000,>=0.05,no
site2/test/video4frame002,EndoVis 2018,site2,test,site2/video4,2,q8_mask_center_5pct_v1,x=25%-75%; y=25%-75%,0.0000000000,>=0.05,no
site2/test/video4frame003,EndoVis 2018,site2,test,site2/video4,3,q8_mask_center_5pct_v1,x=25%-75%; y=25%-75%,0.0000000000,>=0.05,no
site2/test/video4frame004,EndoVis 2018,site2,test,site2/video4,4,q8_mask_center_5pct_v1,x=25%-75%; y=25%-75%,0.0000000000,>=0.05,no
site2/test/video4frame005,EndoVis 2018,site2,test,site2/video4,5,q8_mask_center_5pct_v1,x=25%-75%; y=25%-75%,0.0000000000,>=0.05,no
site2/test/video4frame006,EndoVis 2018,site2,test,site2/video4,6,q8_mask_center_5pct_v1,x=25%-75%; y=25%-75%,0.0000000000,>=0.05,no
site2/test/video4frame007,EndoVis 2018,site2,test,site2/video4,7,q8_mask_center_5pct_v1,x=25%-75%; y=25%-75%,0.0000000000,>=0.05,no
site2/test/video4frame008,EndoVis 2018,site2,test,site2/video4,8,q8_mask_center_5pct_v1,x=25%-75%; y=25%-75%,0.0000000000,>=0.05,no
site2/test/video4frame009,EndoVis 2018,site2,test,site2/video4,9,q8_mask_center_5pct_v1,x=25%-75%; y=25%-75%,0.0000000000,>=0.05,no
site2/test/video4frame010,EndoVis 2018,site2,test,site2/video4,10,q8_mask_center_5pct_v1,x=25%-75%; y=25%-75%,0.0000000000,>=0.05,no
site2/test/video4frame011,EndoVis 2018,site2,test,site2/video4,11,q8_mask_center_5pct_v1,x=25%-75%; y=25%-75%,0.0000000000,>=0.05,no
site2/test/video4frame012,EndoVis 2018,site2,test,site2/video4,12,q8_mask_center_5pct_v1,x=25%-75%; y=25%-75%,0.0000000000,>=0.05,no
site2/test/video4frame013,EndoVis 2018,site2,test,site2/video4,13,q8_mask_center_5pct_v1,x=25%-75%; y=25%-75%,0.0000000000,>=0.05,no
site2/test/video4frame014,EndoVis 2018,site2,test,site2/video4,14,q8_mask_center_5pct_v1,x=25%-75%; y=25%-75%,0.0000000000,>=0.05,no
site2/test/video4frame015,EndoVis 2018,site2,test,site2/video4,15,q8_mask_center_5pct_v1,x=25%-75%; y=25%-75%,0.0000000000,>=0.05,no
site2/test/video4frame016,EndoVis 2018,site2,test,site2/video4,16,q8_mask_center_5pct_v1,x=25%-75%; y=25%-75%,0.0000000000,>=0.05,no
site2/test/video4frame017,EndoVis 2018,site2,test,site2/video4,17,q8_mask_center_5pct_v1,x=25%-75%; y=25%-75%,0.0000000000,>=0.05,no
site2/test/video4frame018,EndoVis 2018,site2,test,site2/video4,18,q8_mask_center_5pct_v1,x=25%-75%; y=25%-75%,0.0000000000,>=0.05,no
site2/test/video4frame019,EndoVis 2018,site2,test,site2/video4,19,q8_mask_center_5pct_v1,x=25%-75%; y=25%-75%,0.0000000000,>=0.05,no
site2/test/video4frame020,EndoVis 2018,site2,test,site2/video4,20,q8_mask_center_5pct_v1,x=25%-75%; y=25%-75%,0.0000000000,>=0.05,no
site2/test/video4frame021,EndoVis 2018,site2,test,site2/video4,21,q8_mask_center_5pct_v1,x=25%-75%; y=25%-75%,0.0000000000,>=0.05,no
site2/test/video4frame022,EndoVis 2018,site2,test,site2/video4,22,q8_mask_center_5pct_v1,x=25%-75%; y=25%-75%,0.0000000000,>=0.05,no
site2/test/video4frame023,EndoVis 2018,site2,test,site2/video4,23,q8_mask_center_5pct_v1,x=25%-75%; y=25%-75%,0.0000000000,>=0.05,no
site2/test/video4frame024,EndoVis 2018,site2,test,site2/video4,24,q8_mask_center_5pct_v1,x=25%-75%; y=25%-75%,0.0000000000,>=0.05,no
site2/test/video4frame025,EndoVis 2018,site2,test,site2/video4,25,q8_mask_center_5pct_v1,x=25%-75%; y=25%-75%,0.0000000000,>=0.05,no
site2/test/video4frame026,EndoVis 2018,site2,test,site2/video4,26,q8_mask_center_5pct_v1,x=25%-75%; y=25%-75%,0.0000000000,>=0.05,no
site2/test/video4frame027,EndoVis 2018,site2,test,site2/video4,27,q8_mask_center_5pct_v1,x=25%-75%; y=25%-75%,0.0000000000,>=0.05,no
site2/test/video4frame028,EndoVis 2018,site2,test,site2/video4,28,q8_mask_center_5pct_v1,x=25%-75%; y=25%-75%,0.0000000000,>=0.05,no
site2/test/video4frame029,EndoVis 2018,site2,test,site2/video4,29,q8_mask_center_5pct_v1,x=25%-75%; y=25%-75%,0.0000000000,>=0.05,no
site2/test/video4frame030,EndoVis 2018,site2,test,site2/video4,30,q8_mask_center_5pct_v1,x=25%-75%; y=25%-75%,0.0000000000,>=0.05,no
site2/test/video4frame031,EndoVis 2018,site2,test,site2/video4,31,q8_mask_center_5pct_v1,x=25%-75%; y=25%-75%,0.0000000000,>=0.05,no
site2/test/video4frame032,EndoVis 2018,site2,test,site2/video4,32,q8_mask_center_5pct_v1,x=25%-75%; y=25%-75%,0.0000000000,>=0.05,no
site2/test/video4frame033,EndoVis 2018,site2,test,site2/video4,33,q8_mask_center_5pct_v1,x=25%-75%; y=25%-75%,0.0000000000,>=0.05,no
site2/test/video4frame034,EndoVis 2018,site2,test,site2/video4,34,q8_mask_center_5pct_v1,x=25%-75%; y=25%-75%,0.0000000000,>=0.05,no
site2/test/video4frame035,EndoVis 2018,site2,test,site2/video4,35,q8_mask_center_5pct_v1,x=25%-75%; y=25%-75%,0.0000000000,>=0.05,no
site2/test/video4frame036,EndoVis 2018,site2,test,site2/video4,36,q8_mask_center_5pct_v1,x=25%-75%; y=25%-75%,0.0000000000,>=0.05,no
site2/test/video4frame037,EndoVis 2018,site2,test,site2/video4,37,q8_mask_center_5pct_v1,x=25%-75%; y=25%-75%,0.0000000000,>=0.05,no
site2/test/video4frame038,EndoVis 2018,site2,test,site2/video4,38,q8_mask_center_5pct_v1,x=25%-75%; y=25%-75%,0.0000000000,>=0.05,no
site2/test/video4frame039,EndoVis 2018,site2,test,site2/video4,39,q8_mask_center_5pct_v1,x=25%-75%; y=25%-75%,0.0000000000,>=0.05,no
site2/test/video4frame040,EndoVis 2018,site2,test,site2/video4,40,q8_mask_center_5pct_v1,x=25%-75%; y=25%-75%,0.0000000000,>=0.05,no
site2/test/video4frame041,EndoVis 2018,site2,test,site2/video4,41,q8_mask_center_5pct_v1,x=25%-75%; y=25%-75%,0.0000000000,>=0.05,no
site2/test/video4frame042,EndoVis 2018,site2,test,site2/video4,42,q8_mask_center_5pct_v1,x=25%-75%; y=25%-75%,0.0000000000,>=0.05,no
site2/test/video4frame043,EndoVis 2018,site2,test,site2/video4,43,q8_mask_center_5pct_v1,x=25%-75%; y=25%-75%,0.0000000000,>=0.05,no
site2/test/video4frame044,EndoVis 2018,site2,test,site2/video4,44,q8_mask_center_5pct_v1,x=25%-75%; y=25%-75%,0.0000000000,>=0.05,no
site2/test/video4frame045,EndoVis 2018,site2,test,site2/video4,45,q8_mask_center_5pct_v1,x=25%-75%; y=25%-75%,0.0000000000,>=0.05,no
site2/test/video4frame046,EndoVis 2018,site2,test,site2/video4,46,q8_mask_center_5pct_v1,x=25%-75%; y=25%-75%,0.0000000000,>=0.05,no
site2/test/video4frame047,EndoVis 2018,site2,test,site2/video4,47,q8_mask_center_5pct_v1,x=25%-75%; y=25%-75%,0.0000000000,>=0.05,no
site2/test/video4frame048,EndoVis 2018,site2,test,site2/video4,48,q8_mask_center_5pct_v1,x=25%-75%; y=25%-75%,0.0000000000,>=0.05,no
site2/test/video4frame049,EndoVis 2018,site2,test,site2/video4,49,q8_mask_center_5pct_v1,x=25%-75%; y=25%-75%,0.0000000000,>=0.05,no
site2/test/video4frame050,EndoVis 2018,site2,test,site2/video4,50,q8_mask_center_5pct_v1,x=25%-75%; y=25%-75%,0.0000000000,>=0.05,no
site2/test/video4frame051,EndoVis 2018,site2,test,site2/video4,51,q8_mask_center_5pct_v1,x=25%-75%; y=25%-75%,0.0000000000,>=0.05,no
site2/test/video4frame052,EndoVis 2018,site2,test,site2/video4,52,q8_mask_center_5pct_v1,x=25%-75%; y=25%-75%,0.0000000000,>=0.05,no
site2/test/video4frame053,EndoVis 2018,site2,test,site2/video4,53,q8_mask_center_5pct_v1,x=25%-75%; y=25%-75%,0.0000000000,>=0.05,no
site2/test/video4frame054,EndoVis 2018,site2,test,site2/video4,54,q8_mask_center_5pct_v1,x=25%-75%; y=25%-75%,0.0000000000,>=0.05,no
site2/test/video4frame055,EndoVis 2018,site2,test,site2/video4,55,q8_mask_center_5pct_v1,x=25%-75%; y=25%-75%,0.0000000000,>=0.05,no
site2/test/video4frame056,EndoVis 2018,site2,test,site2/video4,56,q8_mask_center_5pct_v1,x=25%-75%; y=25%-75%,0.0000000000,>=0.05,no
site2/test/video4frame057,EndoVis 2018,site2,test,site2/video4,57,q8_mask_center_5pct_v1,x=25%-75%; y=25%-75%,0.0000000000,>=0.05,no
site2/test/video4frame058,EndoVis 2018,site2,test,site2/video4,58,q8_mask_center_5pct_v1,x=25%-75%; y=25%-75%,0.0000000000,>=0.05,no
site2/test/video4frame059,EndoVis 2018,site2,test,site2/video4,59,q8_mask_center_5pct_v1,x=25%-75%; y=25%-75%,0.0000000000,>=0.05,no
site2/test/video4frame060,EndoVis 2018,site2,test,site2/video4,60,q8_mask_center_5pct_v1,x=25%-75%; y=25%-75%,0.0000000000,>=0.05,no
site2/test/video4frame061,EndoVis 2018,site2,test,site2/video4,61,q8_mask_center_5pct_v1,x=25%-75%; y=25%-75%,0.0000000000,>=0.05,no
site2/test/video4frame062,EndoVis 2018,site2,test,site2/video4,62,q8_mask_center_5pct_v1,x=25%-75%; y=25%-75%,0.0000000000,>=0.05,no
site2/test/video4frame063,EndoVis 2018,site2,test,site2/video4,63,q8_mask_center_5pct_v1,x=25%-75%; y=25%-75%,0.0000000000,>=0.05,no
site2/test/video4frame064,EndoVis 2018,site2,test,site2/video4,64,q8_mask_center_5pct_v1,x=25%-75%; y=25%-75%,0.0000000000,>=0.05,no
site2/test/video4frame065,EndoVis 2018,site2,test,site2/video4,65,q8_mask_center_5pct_v1,x=25%-75%; y=25%-75%,0.0000000000,>=0.05,no
site2/test/video4frame066,EndoVis 2018,site2,test,site2/video4,66,q8_mask_center_5pct_v1,x=25%-75%; y=25%-75%,0.0000000000,>=0.05,no
site2/test/video4frame067,EndoVis 2018,site2,test,site2/video4,67,q8_mask_center_5pct_v1,x=25%-75%; y=25%-75%,0.0000000000,>=0.05,no
site2/test/video4frame068,EndoVis 2018,site2,test,site2/video4,68,q8_mask_center_5pct_v1,x=25%-75%; y=25%-75%,0.0000000000,>=0.05,no
site2/test/video4frame069,EndoVis 2018,site2,test,site2/video4,69,q8_mask_center_5pct_v1,x=25%-75%; y=25%-75%,0.0000000000,>=0.05,no
site2/test/video4frame070,EndoVis 2018,site2,test,site2/video4,70,q8_mask_center_5pct_v1,x=25%-75%; y=25%-75%,0.0000000000,>=0.05,no
site2/test/video4frame071,EndoVis 2018,site2,test,site2/video4,71,q8_mask_center_5pct_v1,x=25%-75%; y=25%-75%,0.0000000000,>=0.05,no
site2/test/video4frame072,EndoVis 2018,site2,test,site2/video4,72,q8_mask_center_5pct_v1,x=25%-75%; y=25%-75%,0.0000000000,>=0.05,no
site2/test/video4frame073,EndoVis 2018,site2,test,site2/video4,73,q8_mask_center_5pct_v1,x=25%-75%; y=25%-75%,0.0000000000,>=0.05,no
site2/test/video4frame074,EndoVis 2018,site2,test,site2/video4,74,q8_mask_center_5pct_v1,x=25%-75%; y=25%-75%,0.0000000000,>=0.05,no
site2/test/video4frame075,EndoVis 2018,site2,test,site2/video4,75,q8_mask_center_5pct_v1,x=25%-75%; y=25%-75%,0.0000000000,>=0.05,no
site2/test/video4frame076,EndoVis 2018,site2,test,site2/video4,76,q8_mask_center_5pct_v1,x=25%-75%; y=25%-75%,0.0000000000,>=0.05,no
site2/test/video4frame077,EndoVis 2018,site2,test,site2/video4,77,q8_mask_center_5pct_v1,x=25%-75%; y=25%-75%,0.0000000000,>=0.05,no
site2/test/video4frame078,EndoVis 2018,site2,test,site2/video4,78,q8_mask_center_5pct_v1,x=25%-75%; y=25%-75%,0.0000000000,>=0.05,no
site2/test/video4frame079,EndoVis 2018,site2,test,site2/video4,79,q8_mask_center_5pct_v1,x=25%-75%; y=25%-75%,0.0000000000,>=0.05,no
site2/test/video4frame080,EndoVis 2018,site2,test,site2/video4,80,q8_mask_center_5pct_v1,x=25%-75%; y=25%-75%,0.0000000000,>=0.05,no
site2/test/video4frame081,EndoVis 2018,site2,test,site2/video4,81,q8_mask_center_5pct_v1,x=25%-75%; y=25%-75%,0.0000000000,>=0.05,no
site2/test/video4frame082,EndoVis 2018,site2,test,site2/video4,82,q8_mask_center_5pct_v1,x=25%-75%; y=25%-75%,0.0000000000,>=0.05,no
site2/test/video4frame083,EndoVis 2018,site2,test,site2/video4,83,q8_mask_center_5pct_v1,x=25%-75%; y=25%-75%,0.0000000000,>=0.05,no
site2/test/video4frame084,EndoVis 2018,site2,test,site2/video4,84,q8_mask_center_5pct_v1,x=25%-75%; y=25%-75%,0.0000000000,>=0.05,no
site2/test/video4frame085,EndoVis 2018,site2,test,site2/video4,85,q8_mask_center_5pct_v1,x=25%-75%; y=25%-75%,0.0000000000,>=0.05,no
site2/test/video4frame086,EndoVis 2018,site2,test,site2/video4,86,q8_mask_center_5pct_v1,x=25%-75%; y=25%-75%,0.0000000000,>=0.05,no
site2/test/video4frame087,EndoVis 2018,site2,test,site2/video4,87,q8_mask_center_5pct_v1,x=25%-75%; y=25%-75%,0.0000000000,>=0.05,no
site2/test/video4frame088,EndoVis 2018,site2,test,site2/video4,88,q8_mask_center_5pct_v1,x=25%-75%; y=25%-75%,0.0000000000,>=0.05,no
site2/test/video4frame089,EndoVis 2018,site2,test,site2/video4,89,q8_mask_center_5pct_v1,x=25%-75%; y=25%-75%,0.0000000000,>=0.05,no
site2/test/video4frame090,EndoVis 2018,site2,test,site2/video4,90,q8_mask_center_5pct_v1,x=25%-75%; y=25%-75%,0.0000000000,>=0.05,no
site2/test/video4frame091,EndoVis 2018,site2,test,site2/video4,91,q8_mask_center_5pct_v1,x=25%-75%; y=25%-75%,0.0000000000,>=0.05,no
site2/test/video4frame092,EndoVis 2018,site2,test,site2/video4,92,q8_mask_center_5pct_v1,x=25%-75%; y=25%-75%,0.0000000000,>=0.05,no
site2/test/video4frame093,EndoVis 2018,site2,test,site2/video4,93,q8_mask_center_5pct_v1,x=25%-75%; y=25%-75%,0.0000000000,>=0.05,no
site2/test/video4frame094,EndoVis 2018,site2,test,site2/video4,94,q8_mask_center_5pct_v1,x=25%-75%; y=25%-75%,0.0000000000,>=0.05,no
site2/test/video4frame095,EndoVis 2018,site2,test,site2/video4,95,q8_mask_center_5pct_v1,x=25%-75%; y=25%-75%,0.0566040054,>=0.05,yes
site2/test/video4frame096,EndoVis 2018,site2,test,site2/video4,96,q8_mask_center_5pct_v1,x=25%-75%; y=25%-75%,0.0759002715,>=0.05,yes
site2/test/video4frame097,EndoVis 2018,site2,test,site2/video4,97,q8_mask_center_5pct_v1,x=25%-75%; y=25%-75%,0.0000000000,>=0.05,no
site2/test/video4frame098,EndoVis 2018,site2,test,site2/video4,98,q8_mask_center_5pct_v1,x=25%-75%; y=25%-75%,0.1590484679,>=0.05,yes
site2/test/video4frame099,EndoVis 2018,site2,test,site2/video4,99,q8_mask_center_5pct_v1,x=25%-75%; y=25%-75%,0.0864990205,>=0.05,yes
site2/test/video4frame100,EndoVis 2018,site2,test,site2/video4,100,q8_mask_center_5pct_v1,x=25%-75%; y=25%-75%,0.0323089585,>=0.05,no
site2/test/video4frame101,EndoVis 2018,site2,test,site2/video4,101,q8_mask_center_5pct_v1,x=25%-75%; y=25%-75%,0.0385498032,>=0.05,no
site2/test/video4frame102,EndoVis 2018,site2,test,site2/video4,102,q8_mask_center_5pct_v1,x=25%-75%; y=25%-75%,0.0000000000,>=0.05,no
site2/test/video4frame103,EndoVis 2018,site2,test,site2/video4,103,q8_mask_center_5pct_v1,x=25%-75%; y=25%-75%,0.0542205796,>=0.05,yes
site2/test/video4frame104,EndoVis 2018,site2,test,site2/video4,104,q8_mask_center_5pct_v1,x=25%-75%; y=25%-75%,0.0198974609,>=0.05,no
site2/test/video4frame105,EndoVis 2018,site2,test,site2/video4,105,q8_mask_center_5pct_v1,x=25%-75%; y=25%-75%,0.0218841545,>=0.05,no
site2/test/video4frame106,EndoVis 2018,site2,test,site2/video4,106,q8_mask_center_5pct_v1,x=25%-75%; y=25%-75%,0.0263916012,>=0.05,no
site2/test/video4frame107,EndoVis 2018,site2,test,site2/video4,107,q8_mask_center_5pct_v1,x=25%-75%; y=25%-75%,0.2617004514,>=0.05,yes
site2/test/video4frame108,EndoVis 2018,site2,test,site2/video4,108,q8_mask_center_5pct_v1,x=25%-75%; y=25%-75%,0.0085662846,>=0.05,no
site2/test/video4frame109,EndoVis 2018,site2,test,site2/video4,109,q8_mask_center_5pct_v1,x=25%-75%; y=25%-75%,0.0000000000,>=0.05,no
site2/test/video4frame110,EndoVis 2018,site2,test,site2/video4,110,q8_mask_center_5pct_v1,x=25%-75%; y=25%-75%,0.0608245842,>=0.05,yes
site2/test/video4frame111,EndoVis 2018,site2,test,site2/video4,111,q8_mask_center_5pct_v1,x=25%-75%; y=25%-75%,0.0904144272,>=0.05,yes
site2/test/video4frame112,EndoVis 2018,site2,test,site2/video4,112,q8_mask_center_5pct_v1,x=25%-75%; y=25%-75%,0.2441039979,>=0.05,yes
site2/test/video4frame113,EndoVis 2018,site2,test,site2/video4,113,q8_mask_center_5pct_v1,x=25%-75%; y=25%-75%,0.1087066680,>=0.05,yes
site2/test/video4frame114,EndoVis 2018,site2,test,site2/video4,114,q8_mask_center_5pct_v1,x=25%-75%; y=25%-75%,0.0314331055,>=0.05,no
site2/test/video4frame115,EndoVis 2018,site2,test,site2/video4,115,q8_mask_center_5pct_v1,x=25%-75%; y=25%-75%,0.0909729004,>=0.05,yes
site2/test/video4frame116,EndoVis 2018,site2,test,site2/video4,116,q8_mask_center_5pct_v1,x=25%-75%; y=25%-75%,0.0289459229,>=0.05,no
site2/test/video4frame117,EndoVis 2018,site2,test,site2/video4,117,q8_mask_center_5pct_v1,x=25%-75%; y=25%-75%,0.0414093025,>=0.05,no
site2/test/video4frame118,EndoVis 2018,site2,test,site2/video4,118,q8_mask_center_5pct_v1,x=25%-75%; y=25%-75%,0.0518493652,>=0.05,yes
site2/test/video4frame119,EndoVis 2018,site2,test,site2/video4,119,q8_mask_center_5pct_v1,x=25%-75%; y=25%-75%,0.0227569584,>=0.05,no
site2/test/video4frame120,EndoVis 2018,site2,test,site2/video4,120,q8_mask_center_5pct_v1,x=25%-75%; y=25%-75%,0.0082244873,>=0.05,no
site2/test/video4frame121,EndoVis 2018,site2,test,site2/video4,121,q8_mask_center_5pct_v1,x=25%-75%; y=25%-75%,0.0549224839,>=0.05,yes
site2/test/video4frame122,EndoVis 2018,site2,test,site2/video4,122,q8_mask_center_5pct_v1,x=25%-75%; y=25%-75%,0.0432647690,>=0.05,no
site2/test/video4frame123,EndoVis 2018,site2,test,site2/video4,123,q8_mask_center_5pct_v1,x=25%-75%; y=25%-75%,0.1729125977,>=0.05,yes
site2/test/video4frame124,EndoVis 2018,site2,test,site2/video4,124,q8_mask_center_5pct_v1,x=25%-75%; y=25%-75%,0.1156494170,>=0.05,yes
site2/test/video4frame125,EndoVis 2018,site2,test,site2/video4,125,q8_mask_center_5pct_v1,x=25%-75%; y=25%-75%,0.2342742980,>=0.05,yes
site2/test/video4frame126,EndoVis 2018,site2,test,site2/video4,126,q8_mask_center_5pct_v1,x=25%-75%; y=25%-75%,0.2029815614,>=0.05,yes
site2/test/video4frame127,EndoVis 2018,site2,test,site2/video4,127,q8_mask_center_5pct_v1,x=25%-75%; y=25%-75%,0.0241668709,>=0.05,no
site2/test/video4frame128,EndoVis 2018,site2,test,site2/video4,128,q8_mask_center_5pct_v1,x=25%-75%; y=25%-75%,0.1114562973,>=0.05,yes
site2/test/video4frame129,EndoVis 2018,site2,test,site2/video4,129,q8_mask_center_5pct_v1,x=25%-75%; y=25%-75%,0.0823425278,>=0.05,yes
site2/test/video4frame130,EndoVis 2018,site2,test,site2/video4,130,q8_mask_center_5pct_v1,x=25%-75%; y=25%-75%,0.1276611388,>=0.05,yes
site2/test/video4frame131,EndoVis 2018,site2,test,site2/video4,131,q8_mask_center_5pct_v1,x=25%-75%; y=25%-75%,0.1024749726,>=0.05,yes
site2/test/video4frame132,EndoVis 2018,site2,test,site2/video4,132,q8_mask_center_5pct_v1,x=25%-75%; y=25%-75%,0.1037841812,>=0.05,yes
site2/test/video4frame133,EndoVis 2018,site2,test,site2/video4,133,q8_mask_center_5pct_v1,x=25%-75%; y=25%-75%,0.1037841812,>=0.05,yes
site2/test/video4frame134,EndoVis 2018,site2,test,site2/video4,134,q8_mask_center_5pct_v1,x=25%-75%; y=25%-75%,0.0898712128,>=0.05,yes
site2/test/video4frame135,EndoVis 2018,site2,test,site2/video4,135,q8_mask_center_5pct_v1,x=25%-75%; y=25%-75%,0.0968139619,>=0.05,yes
site2/test/video4frame136,EndoVis 2018,site2,test,site2/video4,136,q8_mask_center_5pct_v1,x=25%-75%; y=25%-75%,0.0894012451,>=0.05,yes
site2/test/video4frame137,EndoVis 2018,site2,test,site2/video4,137,q8_mask_center_5pct_v1,x=25%-75%; y=25%-75%,0.0899932832,>=0.05,yes
site2/test/video4frame138,EndoVis 2018,site2,test,site2/video4,138,q8_mask_center_5pct_v1,x=25%-75%; y=25%-75%,0.1041137725,>=0.05,yes
site2/test/video4frame139,EndoVis 2018,site2,test,site2/video4,139,q8_mask_center_5pct_v1,x=25%-75%; y=25%-75%,0.1430633515,>=0.05,yes
site2/test/video4frame140,EndoVis 2018,site2,test,site2/video4,140,q8_mask_center_5pct_v1,x=25%-75%; y=25%-75%,0.0112365726,>=0.05,no
site2/test/video4frame141,EndoVis 2018,site2,test,site2/video4,141,q8_mask_center_5pct_v1,x=25%-75%; y=25%-75%,0.1899505556,>=0.05,yes
site2/test/video4frame142,EndoVis 2018,site2,test,site2/video4,142,q8_mask_center_5pct_v1,x=25%-75%; y=25%-75%,0.0747558624,>=0.05,yes
site2/test/video4frame143,EndoVis 2018,site2,test,site2/video4,143,q8_mask_center_5pct_v1,x=25%-75%; y=25%-75%,0.0638214126,>=0.05,yes
site2/test/video4frame144,EndoVis 2018,site2,test,site2/video4,144,q8_mask_center_5pct_v1,x=25%-75%; y=25%-75%,0.0583831780,>=0.05,yes
site2/test/video4frame145,EndoVis 2018,site2,test,site2/video4,145,q8_mask_center_5pct_v1,x=25%-75%; y=25%-75%,0.0510192886,>=0.05,yes
site2/test/video4frame146,EndoVis 2018,site2,test,site2/video4,146,q8_mask_center_5pct_v1,x=25%-75%; y=25%-75%,0.0313629135,>=0.05,no
site2/test/video4frame147,EndoVis 2018,site2,test,site2/video4,147,q8_mask_center_5pct_v1,x=25%-75%; y=25%-75%,0.0255279541,>=0.05,no
site2/test/video4frame148,EndoVis 2018,site2,test,site2/video4,148,q8_mask_center_5pct_v1,x=25%-75%; y=25%-75%,0.0485473648,>=0.05,no
site2/test/video4frame149,EndoVis 2018,site2,test,site2/video4,149,q8_mask_center_5pct_v1,x=25%-75%; y=25%-75%,0.0387237556,>=0.05,no
site2/test/video4frame150,EndoVis 2018,site2,test,site2/video4,150,q8_mask_center_5pct_v1,x=25%-75%; y=25%-75%,0.0724182129,>=0.05,yes
site2/test/video4frame151,EndoVis 2018,site2,test,site2/video4,151,q8_mask_center_5pct_v1,x=25%-75%; y=25%-75%,0.0000000000,>=0.05,no
site2/test/video4frame152,EndoVis 2018,site2,test,site2/video4,152,q8_mask_center_5pct_v1,x=25%-75%; y=25%-75%,0.0000000000,>=0.05,no
site2/test/video4frame153,EndoVis 2018,site2,test,site2/video4,153,q8_mask_center_5pct_v1,x=25%-75%; y=25%-75%,0.0750000030,>=0.05,yes
site2/test/video4frame154,EndoVis 2018,site2,test,site2/video4,154,q8_mask_center_5pct_v1,x=25%-75%; y=25%-75%,0.0605773926,>=0.05,yes
site2/test/video4frame155,EndoVis 2018,site2,test,site2/video4,155,q8_mask_center_5pct_v1,x=25%-75%; y=25%-75%,0.0166351311,>=0.05,no
site2/test/video4frame156,EndoVis 2018,site2,test,site2/video4,156,q8_mask_center_5pct_v1,x=25%-75%; y=25%-75%,0.1372833252,>=0.05,yes
site2/test/video4frame157,EndoVis 2018,site2,test,site2/video4,157,q8_mask_center_5pct_v1,x=25%-75%; y=25%-75%,0.0000000000,>=0.05,no
site2/test/video4frame158,EndoVis 2018,site2,test,site2/video4,158,q8_mask_center_5pct_v1,x=25%-75%; y=25%-75%,0.1961883605,>=0.05,yes
site2/test/video4frame159,EndoVis 2018,site2,test,site2/video4,159,q8_mask_center_5pct_v1,x=25%-75%; y=25%-75%,0.1292541474,>=0.05,yes
site2/test/video4frame160,EndoVis 2018,site2,test,site2/video4,160,q8_mask_center_5pct_v1,x=25%-75%; y=25%-75%,0.1471343935,>=0.05,yes
site2/test/video4frame161,EndoVis 2018,site2,test,site2/video4,161,q8_mask_center_5pct_v1,x=25%-75%; y=25%-75%,0.1675384492,>=0.05,yes
site2/test/video4frame162,EndoVis 2018,site2,test,site2/video4,162,q8_mask_center_5pct_v1,x=25%-75%; y=25%-75%,0.1249572784,>=0.05,yes
site2/test/video4frame163,EndoVis 2018,site2,test,site2/video4,163,q8_mask_center_5pct_v1,x=25%-75%; y=25%-75%,0.0000000000,>=0.05,no
site2/test/video4frame164,EndoVis 2018,site2,test,site2/video4,164,q8_mask_center_5pct_v1,x=25%-75%; y=25%-75%,0.0000000000,>=0.05,no
site2/test/video4frame165,EndoVis 2018,site2,test,site2/video4,165,q8_mask_center_5pct_v1,x=25%-75%; y=25%-75%,0.0555114746,>=0.05,yes
site2/test/video4frame166,EndoVis 2018,site2,test,site2/video4,166,q8_mask_center_5pct_v1,x=25%-75%; y=25%-75%,0.1040588394,>=0.05,yes
site2/test/video4frame167,EndoVis 2018,site2,test,site2/video4,167,q8_mask_center_5pct_v1,x=25%-75%; y=25%-75%,0.0972198471,>=0.05,yes
site2/test/video4frame168,EndoVis 2018,site2,test,site2/video4,168,q8_mask_center_5pct_v1,x=25%-75%; y=25%-75%,0.1132904068,>=0.05,yes
site2/test/video4frame169,EndoVis 2018,site2,test,site2/video4,169,q8_mask_center_5pct_v1,x=25%-75%; y=25%-75%,0.0879058838,>=0.05,yes
site2/test/video4frame170,EndoVis 2018,site2,test,site2/video4,170,q8_mask_center_5pct_v1,x=25%-75%; y=25%-75%,0.0164154060,>=0.05,no
site2/test/video4frame171,EndoVis 2018,site2,test,site2/video4,171,q8_mask_center_5pct_v1,x=25%-75%; y=25%-75%,0.1137969941,>=0.05,yes
site2/test/video4frame172,EndoVis 2018,site2,test,site2/video4,172,q8_mask_center_5pct_v1,x=25%-75%; y=25%-75%,0.0063415528,>=0.05,no
site2/test/video4frame173,EndoVis 2018,site2,test,site2/video4,173,q8_mask_center_5pct_v1,x=25%-75%; y=25%-75%,0.0086883549,>=0.05,no
site2/test/video4frame174,EndoVis 2018,site2,test,site2/video4,174,q8_mask_center_5pct_v1,x=25%-75%; y=25%-75%,0.1332244873,>=0.05,yes
site2/test/video4frame175,EndoVis 2018,site2,test,site2/video4,175,q8_mask_center_5pct_v1,x=25%-75%; y=25%-75%,0.0718017593,>=0.05,yes
site2/test/video4frame176,EndoVis 2018,site2,test,site2/video4,176,q8_mask_center_5pct_v1,x=25%-75%; y=25%-75%,0.1158844009,>=0.05,yes
site2/test/video4frame177,EndoVis 2018,site2,test,site2/video4,177,q8_mask_center_5pct_v1,x=25%-75%; y=25%-75%,0.0000000000,>=0.05,no
site2/test/video4frame178,EndoVis 2018,site2,test,site2/video4,178,q8_mask_center_5pct_v1,x=25%-75%; y=25%-75%,0.0000000000,>=0.05,no
site2/test/video4frame179,EndoVis 2018,site2,test,site2/video4,179,q8_mask_center_5pct_v1,x=25%-75%; y=25%-75%,0.0000000000,>=0.05,no
site2/test/video4frame180,EndoVis 2018,site2,test,site2/video4,180,q8_mask_center_5pct_v1,x=25%-75%; y=25%-75%,0.0000000000,>=0.05,no
site2/test/video4frame181,EndoVis 2018,site2,test,site2/video4,181,q8_mask_center_5pct_v1,x=25%-75%; y=25%-75%,0.0000000000,>=0.05,no
site2/test/video4frame182,EndoVis 2018,site2,test,site2/video4,182,q8_mask_center_5pct_v1,x=25%-75%; y=25%-75%,0.0000000000,>=0.05,no
site2/test/video4frame183,EndoVis 2018,site2,test,site2/video4,183,q8_mask_center_5pct_v1,x=25%-75%; y=25%-75%,0.0000000000,>=0.05,no
site2/test/video4frame184,EndoVis 2018,site2,test,site2/video4,184,q8_mask_center_5pct_v1,x=25%-75%; y=25%-75%,0.0000000000,>=0.05,no
site2/test/video4frame185,EndoVis 2018,site2,test,site2/video4,185,q8_mask_center_5pct_v1,x=25%-75%; y=25%-75%,0.0003662109,>=0.05,no
site2/test/video4frame186,EndoVis 2018,site2,test,site2/video4,186,q8_mask_center_5pct_v1,x=25%-75%; y=25%-75%,0.0161071774,>=0.05,no
site2/test/video4frame187,EndoVis 2018,site2,test,site2/video4,187,q8_mask_center_5pct_v1,x=25%-75%; y=25%-75%,0.0601043701,>=0.05,yes
site2/test/video4frame188,EndoVis 2018,site2,test,site2/video4,188,q8_mask_center_5pct_v1,x=25%-75%; y=25%-75%,0.0036651611,>=0.05,no
site2/test/video4frame189,EndoVis 2018,site2,test,site2/video4,189,q8_mask_center_5pct_v1,x=25%-75%; y=25%-75%,0.0777282715,>=0.05,yes
site2/test/video4frame190,EndoVis 2018,site2,test,site2/video4,190,q8_mask_center_5pct_v1,x=25%-75%; y=25%-75%,0.0086547853,>=0.05,no
site2/test/video4frame191,EndoVis 2018,site2,test,site2/video4,191,q8_mask_center_5pct_v1,x=25%-75%; y=25%-75%,0.0672912598,>=0.05,yes
site2/test/video4frame192,EndoVis 2018,site2,test,site2/video4,192,q8_mask_center_5pct_v1,x=25%-75%; y=25%-75%,0.0000000000,>=0.05,no
site2/test/video4frame193,EndoVis 2018,site2,test,site2/video4,193,q8_mask_center_5pct_v1,x=25%-75%; y=25%-75%,0.0000000000,>=0.05,no
site2/test/video4frame194,EndoVis 2018,site2,test,site2/video4,194,q8_mask_center_5pct_v1,x=25%-75%; y=25%-75%,0.0000000000,>=0.05,no
site2/test/video4frame195,EndoVis 2018,site2,test,site2/video4,195,q8_mask_center_5pct_v1,x=25%-75%; y=25%-75%,0.0000000000,>=0.05,no
site2/test/video4frame196,EndoVis 2018,site2,test,site2/video4,196,q8_mask_center_5pct_v1,x=25%-75%; y=25%-75%,0.0000000000,>=0.05,no
site2/test/video4frame197,EndoVis 2018,site2,test,site2/video4,197,q8_mask_center_5pct_v1,x=25%-75%; y=25%-75%,0.0000000000,>=0.05,no
site2/test/video4frame198,EndoVis 2018,site2,test,site2/video4,198,q8_mask_center_5pct_v1,x=25%-75%; y=25%-75%,0.0000000000,>=0.05,no
site2/test/video4frame199,EndoVis 2018,site2,test,site2/video4,199,q8_mask_center_5pct_v1,x=25%-75%; y=25%-75%,0.0000000000,>=0.05,no
site2/test/video4frame200,EndoVis 2018,site2,test,site2/video4,200,q8_mask_center_5pct_v1,x=25%-75%; y=25%-75%,0.0000000000,>=0.05,no
site2/test/video4frame201,EndoVis 2018,site2,test,site2/video4,201,q8_mask_center_5pct_v1,x=25%-75%; y=25%-75%,0.0000000000,>=0.05,no
site2/test/video4frame202,EndoVis 2018,site2,test,site2/video4,202,q8_mask_center_5pct_v1,x=25%-75%; y=25%-75%,0.0000000000,>=0.05,no
site2/test/video4frame203,EndoVis 2018,site2,test,site2/video4,203,q8_mask_center_5pct_v1,x=25%-75%; y=25%-75%,0.0000000000,>=0.05,no
site2/test/video4frame204,EndoVis 2018,site2,test,site2/video4,204,q8_mask_center_5pct_v1,x=25%-75%; y=25%-75%,0.0000000000,>=0.05,no
site2/test/video4frame205,EndoVis 2018,site2,test,site2/video4,205,q8_mask_center_5pct_v1,x=25%-75%; y=25%-75%,0.0000000000,>=0.05,no
site2/test/video4frame206,EndoVis 2018,site2,test,site2/video4,206,q8_mask_center_5pct_v1,x=25%-75%; y=25%-75%,0.0000000000,>=0.05,no
site2/test/video4frame207,EndoVis 2018,site2,test,site2/video4,207,q8_mask_center_5pct_v1,x=25%-75%; y=25%-75%,0.0000000000,>=0.05,no
site2/test/video4frame208,EndoVis 2018,site2,test,site2/video4,208,q8_mask_center_5pct_v1,x=25%-75%; y=25%-75%,0.0000000000,>=0.05,no
site2/test/video4frame209,EndoVis 2018,site2,test,site2/video4,209,q8_mask_center_5pct_v1,x=25%-75%; y=25%-75%,0.0000000000,>=0.05,no
site2/test/video4frame210,EndoVis 2018,site2,test,site2/video4,210,q8_mask_center_5pct_v1,x=25%-75%; y=25%-75%,0.0000000000,>=0.05,no
site2/test/video4frame211,EndoVis 2018,site2,test,site2/video4,211,q8_mask_center_5pct_v1,x=25%-75%; y=25%-75%,0.0000000000,>=0.05,no
site2/test/video4frame212,EndoVis 2018,site2,test,site2/video4,212,q8_mask_center_5pct_v1,x=25%-75%; y=25%-75%,0.0000000000,>=0.05,no
site2/test/video4frame213,EndoVis 2018,site2,test,site2/video4,213,q8_mask_center_5pct_v1,x=25%-75%; y=25%-75%,0.0000000000,>=0.05,no
site2/test/video4frame214,EndoVis 2018,site2,test,site2/video4,214,q8_mask_center_5pct_v1,x=25%-75%; y=25%-75%,0.1069305390,>=0.05,yes
site2/test/video4frame215,EndoVis 2018,site2,test,site2/video4,215,q8_mask_center_5pct_v1,x=25%-75%; y=25%-75%,0.1025665253,>=0.05,yes
site2/test/video4frame216,EndoVis 2018,site2,test,site2/video4,216,q8_mask_center_5pct_v1,x=25%-75%; y=25%-75%,0.0736297593,>=0.05,yes
site2/test/video4frame217,EndoVis 2018,site2,test,site2/video4,217,q8_mask_center_5pct_v1,x=25%-75%; y=25%-75%,0.2707428038,>=0.05,yes
site2/test/video4frame218,EndoVis 2018,site2,test,site2/video4,218,q8_mask_center_5pct_v1,x=25%-75%; y=25%-75%,0.2707428038,>=0.05,yes
site2/test/video4frame219,EndoVis 2018,site2,test,site2/video4,219,q8_mask_center_5pct_v1,x=25%-75%; y=25%-75%,0.2725433409,>=0.05,yes
site2/test/video4frame220,EndoVis 2018,site2,test,site2/video4,220,q8_mask_center_5pct_v1,x=25%-75%; y=25%-75%,0.2619903684,>=0.05,yes
site2/test/video4frame221,EndoVis 2018,site2,test,site2/video4,221,q8_mask_center_5pct_v1,x=25%-75%; y=25%-75%,0.1784423888,>=0.05,yes
site2/test/video4frame222,EndoVis 2018,site2,test,site2/video4,222,q8_mask_center_5pct_v1,x=25%-75%; y=25%-75%,0.1854888946,>=0.05,yes
site2/test/video4frame223,EndoVis 2018,site2,test,site2/video4,223,q8_mask_center_5pct_v1,x=25%-75%; y=25%-75%,0.1854888946,>=0.05,yes
site2/test/video4frame224,EndoVis 2018,site2,test,site2/video4,224,q8_mask_center_5pct_v1,x=25%-75%; y=25%-75%,0.1725982726,>=0.05,yes
site2/test/video4frame225,EndoVis 2018,site2,test,site2/video4,225,q8_mask_center_5pct_v1,x=25%-75%; y=25%-75%,0.0720886216,>=0.05,yes
site2/test/video4frame226,EndoVis 2018,site2,test,site2/video4,226,q8_mask_center_5pct_v1,x=25%-75%; y=25%-75%,0.0000000000,>=0.05,no
site2/test/video4frame227,EndoVis 2018,site2,test,site2/video4,227,q8_mask_center_5pct_v1,x=25%-75%; y=25%-75%,0.0539306626,>=0.05,yes
site2/test/video4frame228,EndoVis 2018,site2,test,site2/video4,228,q8_mask_center_5pct_v1,x=25%-75%; y=25%-75%,0.1187408417,>=0.05,yes
site2/test/video4frame229,EndoVis 2018,site2,test,site2/video4,229,q8_mask_center_5pct_v1,x=25%-75%; y=25%-75%,0.1054840088,>=0.05,yes
site2/test/video4frame230,EndoVis 2018,site2,test,site2/video4,230,q8_mask_center_5pct_v1,x=25%-75%; y=25%-75%,0.0689910874,>=0.05,yes
site2/test/video4frame231,EndoVis 2018,site2,test,site2/video4,231,q8_mask_center_5pct_v1,x=25%-75%; y=25%-75%,0.0152404783,>=0.05,no
site2/test/video4frame232,EndoVis 2018,site2,test,site2/video4,232,q8_mask_center_5pct_v1,x=25%-75%; y=25%-75%,0.1661621034,>=0.05,yes
site2/test/video4frame233,EndoVis 2018,site2,test,site2/video4,233,q8_mask_center_5pct_v1,x=25%-75%; y=25%-75%,0.1725402772,>=0.05,yes
site2/test/video4frame234,EndoVis 2018,site2,test,site2/video4,234,q8_mask_center_5pct_v1,x=25%-75%; y=25%-75%,0.2582855225,>=0.05,yes
site2/test/video4frame235,EndoVis 2018,site2,test,site2/video4,235,q8_mask_center_5pct_v1,x=25%-75%; y=25%-75%,0.2282257080,>=0.05,yes
site2/test/video4frame236,EndoVis 2018,site2,test,site2/video4,236,q8_mask_center_5pct_v1,x=25%-75%; y=25%-75%,0.1529022157,>=0.05,yes
site2/test/video4frame237,EndoVis 2018,site2,test,site2/video4,237,q8_mask_center_5pct_v1,x=25%-75%; y=25%-75%,0.1683319062,>=0.05,yes
site2/test/video4frame238,EndoVis 2018,site2,test,site2/video4,238,q8_mask_center_5pct_v1,x=25%-75%; y=25%-75%,0.1201019287,>=0.05,yes
site2/test/video4frame239,EndoVis 2018,site2,test,site2/video4,239,q8_mask_center_5pct_v1,x=25%-75%; y=25%-75%,0.1205749512,>=0.05,yes
site2/test/video4frame240,EndoVis 2018,site2,test,site2/video4,240,q8_mask_center_5pct_v1,x=25%-75%; y=25%-75%,0.1412506104,>=0.05,yes
site2/test/video4frame241,EndoVis 2018,site2,test,site2/video4,241,q8_mask_center_5pct_v1,x=25%-75%; y=25%-75%,0.1747589111,>=0.05,yes
site2/test/video4frame242,EndoVis 2018,site2,test,site2/video4,242,q8_mask_center_5pct_v1,x=25%-75%; y=25%-75%,0.0605560318,>=0.05,yes
site2/test/video4frame243,EndoVis 2018,site2,test,site2/video4,243,q8_mask_center_5pct_v1,x=25%-75%; y=25%-75%,0.0929870605,>=0.05,yes
site2/test/video4frame244,EndoVis 2018,site2,test,site2/video4,244,q8_mask_center_5pct_v1,x=25%-75%; y=25%-75%,0.0929473862,>=0.05,yes
site2/test/video4frame245,EndoVis 2018,site2,test,site2/video4,245,q8_mask_center_5pct_v1,x=25%-75%; y=25%-75%,0.0000000000,>=0.05,no
site2/test/video4frame246,EndoVis 2018,site2,test,site2/video4,246,q8_mask_center_5pct_v1,x=25%-75%; y=25%-75%,0.1146453843,>=0.05,yes
site2/test/video4frame247,EndoVis 2018,site2,test,site2/video4,247,q8_mask_center_5pct_v1,x=25%-75%; y=25%-75%,0.1722320616,>=0.05,yes
site2/test/video4frame248,EndoVis 2018,site2,test,site2/video4,248,q8_mask_center_5pct_v1,x=25%-75%; y=25%-75%,0.2241760194,>=0.05,yes
